state,state_display,year,crop_type,crop_type_display,production_tonnes,production_thousand_tonnes,planted_area_hectares,production_share_percent,production_rank,average_food_inflation,average_monthly_change,months_available
Kedah,Kedah,2017,all_food_crops,All food crops,1013541.3,1013.54,229074.6,17.92,1,4.17,0.31,12
Johor,Johor,2017,all_food_crops,All food crops,940681.8,940.68,95216.0,16.63,2,4.61,0.37,12
Pahang,Pahang,2017,all_food_crops,All food crops,635911.6,635.91,70501.6,11.24,3,2.53,0.26,12
Perak,Perak,2017,all_food_crops,All food crops,595192.4,595.19,108816.2,10.52,4,3.25,0.29,12
Kelantan,Kelantan,2017,all_food_crops,All food crops,579652.2,579.65,103449.4,10.25,5,3.4,0.3,12
Sarawak,Sarawak,2017,all_food_crops,All food crops,486066.4,486.07,174857.3,8.59,6,2.52,0.25,12
Selangor,Selangor,2017,all_food_crops,All food crops,332171.1,332.17,50767.7,5.87,7,4.24,0.33,12
Sabah,Sabah,2017,all_food_crops,All food crops,315199.3,315.2,81288.0,5.57,8,3.97,0.29,12
Perlis,Perlis,2017,all_food_crops,All food crops,263221.3,263.22,56153.3,4.65,9,4.76,0.2,12
Pulau Pinang,Penang,2017,all_food_crops,All food crops,175020.0,175.02,29003.0,3.09,10,4.41,0.32,12
Terengganu,Terengganu,2017,all_food_crops,All food crops,153257.8,153.26,28982.8,2.71,11,2.7,0.29,12
Negeri Sembilan,Negeri Sembilan,2017,all_food_crops,All food crops,92125.4,92.13,11282.6,1.63,12,3.59,0.28,12
Melaka,Melaka,2017,all_food_crops,All food crops,73102.1,73.1,10015.8,1.29,13,4.8,0.39,12
W.P. Labuan,Labuan,2017,all_food_crops,All food crops,1296.0,1.3,409.8,0.02,14,2.57,0.25,12
W.P. Kuala Lumpur,Kuala Lumpur,2017,all_food_crops,All food crops,0.0,0.0,0.0,0.0,15,4.53,0.41,12
Johor,Johor,2017,coconut,Coconut,107731.0,107.73,14931.6,20.81,1,4.61,0.37,12
Selangor,Selangor,2017,coconut,Coconut,103435.4,103.44,8816.5,19.98,2,4.24,0.33,12
Perak,Perak,2017,coconut,Coconut,82466.3,82.47,9337.0,15.93,3,3.25,0.29,12
Kelantan,Kelantan,2017,coconut,Coconut,60008.6,60.01,7115.7,11.59,4,3.4,0.3,12
Sabah,Sabah,2017,coconut,Coconut,49335.3,49.34,16726.2,9.53,5,3.97,0.29,12
Pahang,Pahang,2017,coconut,Coconut,35196.6,35.2,4633.2,6.8,6,2.53,0.26,12
Sarawak,Sarawak,2017,coconut,Coconut,30627.8,30.63,12635.1,5.92,7,2.52,0.25,12
Terengganu,Terengganu,2017,coconut,Coconut,17079.8,17.08,4231.0,3.3,8,2.7,0.29,12
Negeri Sembilan,Negeri Sembilan,2017,coconut,Coconut,11932.1,11.93,1476.2,2.31,9,3.59,0.28,12
Melaka,Melaka,2017,coconut,Coconut,10393.5,10.39,1455.9,2.01,10,4.8,0.39,12
Kedah,Kedah,2017,coconut,Coconut,5754.5,5.75,1289.4,1.11,11,4.17,0.31,12
Perlis,Perlis,2017,coconut,Coconut,2749.4,2.75,401.3,0.53,12,4.76,0.2,12
W.P. Labuan,Labuan,2017,coconut,Coconut,630.1,0.63,152.5,0.12,13,2.57,0.25,12
Pulau Pinang,Penang,2017,coconut,Coconut,248.4,0.25,48.5,0.05,14,4.41,0.32,12
W.P. Kuala Lumpur,Kuala Lumpur,2017,coconut,Coconut,0.0,0.0,0.0,0.0,15,4.53,0.41,12
Johor,Johor,2017,fruits,Fruits,603693.0,603.69,59264.8,40.45,1,4.61,0.37,12
Pahang,Pahang,2017,fruits,Fruits,195934.8,195.93,33209.9,13.13,2,2.53,0.26,12
Sarawak,Sarawak,2017,fruits,Fruits,150688.5,150.69,35248.7,10.1,3,2.52,0.25,12
Sabah,Sabah,2017,fruits,Fruits,108917.5,108.92,17592.5,7.3,4,3.97,0.29,12
Perak,Perak,2017,fruits,Fruits,106278.7,106.28,10914.0,7.12,5,3.25,0.29,12
Kelantan,Kelantan,2017,fruits,Fruits,88107.3,88.11,17263.5,5.9,6,3.4,0.3,12
Kedah,Kedah,2017,fruits,Fruits,49420.8,49.42,10687.0,3.31,7,4.17,0.31,12
Terengganu,Terengganu,2017,fruits,Fruits,48781.4,48.78,6151.2,3.27,8,2.7,0.29,12
Negeri Sembilan,Negeri Sembilan,2017,fruits,Fruits,45220.9,45.22,5789.9,3.03,9,3.59,0.28,12
Melaka,Melaka,2017,fruits,Fruits,31383.1,31.38,3587.7,2.1,10,4.8,0.39,12
Perlis,Perlis,2017,fruits,Fruits,27847.9,27.85,4120.8,1.87,11,4.76,0.2,12
Selangor,Selangor,2017,fruits,Fruits,19392.2,19.39,2055.1,1.3,12,4.24,0.33,12
Pulau Pinang,Penang,2017,fruits,Fruits,16590.8,16.59,2529.4,1.11,13,4.41,0.32,12
W.P. Labuan,Labuan,2017,fruits,Fruits,343.9,0.34,175.6,0.02,14,2.57,0.25,12
W.P. Kuala Lumpur,Kuala Lumpur,2017,fruits,Fruits,0.0,0.0,0.0,0.0,15,4.53,0.41,12
Sarawak,Sarawak,2017,herbs,Herbs,3016.4,3.02,685.4,25.69,1,2.52,0.25,12
Johor,Johor,2017,herbs,Herbs,2316.5,2.32,394.8,19.73,2,4.61,0.37,12
Pahang,Pahang,2017,herbs,Herbs,2260.8,2.26,363.6,19.25,3,2.53,0.26,12
Selangor,Selangor,2017,herbs,Herbs,1206.6,1.21,85.8,10.28,4,4.24,0.33,12
Perak,Perak,2017,herbs,Herbs,1040.2,1.04,377.6,8.86,5,3.25,0.29,12
Kelantan,Kelantan,2017,herbs,Herbs,645.2,0.65,122.8,5.49,6,3.4,0.3,12
Kedah,Kedah,2017,herbs,Herbs,563.0,0.56,169.8,4.79,7,4.17,0.31,12
Terengganu,Terengganu,2017,herbs,Herbs,359.9,0.36,156.2,3.07,8,2.7,0.29,12
Melaka,Melaka,2017,herbs,Herbs,235.3,0.24,26.5,2.0,9,4.8,0.39,12
Negeri Sembilan,Negeri Sembilan,2017,herbs,Herbs,88.0,0.09,41.1,0.75,10,3.59,0.28,12
Pulau Pinang,Penang,2017,herbs,Herbs,5.4,0.01,0.4,0.05,11,4.41,0.32,12
Perlis,Perlis,2017,herbs,Herbs,4.6,0.0,0.3,0.04,12,4.76,0.2,12
W.P. Kuala Lumpur,Kuala Lumpur,2017,herbs,Herbs,0.0,0.0,0.0,0.0,13,4.53,0.41,12
W.P. Labuan,Labuan,2017,herbs,Herbs,0.0,0.0,0.0,0.0,13,2.57,0.25,12
Sabah,Sabah,2017,herbs,Herbs,0.0,0.0,0.0,0.0,13,3.97,0.29,12
Kedah,Kedah,2017,paddy,Paddy,939308.0,939.31,214585.0,36.54,1,4.17,0.31,12
Kelantan,Kelantan,2017,paddy,Paddy,309582.0,309.58,74531.0,12.04,2,3.4,0.3,12
Perak,Perak,2017,paddy,Paddy,293715.0,293.71,81284.0,11.43,3,3.25,0.29,12
Sarawak,Sarawak,2017,paddy,Paddy,246305.0,246.3,120713.0,9.58,4,2.52,0.25,12
Perlis,Perlis,2017,paddy,Paddy,231328.0,231.33,51531.0,9.0,5,4.76,0.2,12
Selangor,Selangor,2017,paddy,Paddy,165571.0,165.57,36708.0,6.44,6,4.24,0.33,12
Pulau Pinang,Penang,2017,paddy,Paddy,146660.0,146.66,25564.0,5.71,7,4.41,0.32,12
Sabah,Sabah,2017,paddy,Paddy,110936.0,110.94,42157.0,4.32,8,3.97,0.29,12
Terengganu,Terengganu,2017,paddy,Paddy,67715.0,67.72,16919.0,2.63,9,2.7,0.29,12
Pahang,Pahang,2017,paddy,Paddy,28434.0,28.43,13006.0,1.11,10,2.53,0.26,12
Melaka,Melaka,2017,paddy,Paddy,12135.0,12.14,3510.0,0.47,11,4.8,0.39,12
Negeri Sembilan,Negeri Sembilan,2017,paddy,Paddy,10261.0,10.26,2040.0,0.4,12,3.59,0.28,12
Johor,Johor,2017,paddy,Paddy,8563.0,8.56,3000.0,0.33,13,4.61,0.37,12
W.P. Kuala Lumpur,Kuala Lumpur,2017,paddy,Paddy,0.0,0.0,0.0,0.0,14,4.53,0.41,12
W.P. Labuan,Labuan,2017,paddy,Paddy,0.0,0.0,0.0,0.0,14,2.57,0.25,12
Pahang,Pahang,2017,spices,Spices,18341.5,18.34,2115.8,30.34,1,2.53,0.26,12
Johor,Johor,2017,spices,Spices,14532.3,14.53,1507.6,24.04,2,4.61,0.37,12
Selangor,Selangor,2017,spices,Spices,5875.8,5.88,476.2,9.72,3,4.24,0.33,12
Perak,Perak,2017,spices,Spices,4426.4,4.43,374.4,7.32,4,3.25,0.29,12
Kelantan,Kelantan,2017,spices,Spices,4399.3,4.4,607.5,7.28,5,3.4,0.3,12
Sarawak,Sarawak,2017,spices,Spices,3556.3,3.56,544.0,5.88,6,2.52,0.25,12
Negeri Sembilan,Negeri Sembilan,2017,spices,Spices,2597.1,2.6,379.4,4.3,7,3.59,0.28,12
Sabah,Sabah,2017,spices,Spices,2386.8,2.39,461.6,3.95,8,3.97,0.29,12
Kedah,Kedah,2017,spices,Spices,1383.3,1.38,651.5,2.29,9,4.17,0.31,12
Melaka,Melaka,2017,spices,Spices,1348.9,1.35,85.4,2.23,10,4.8,0.39,12
Terengganu,Terengganu,2017,spices,Spices,1303.7,1.3,219.3,2.16,11,2.7,0.29,12
Pulau Pinang,Penang,2017,spices,Spices,297.3,0.3,39.7,0.49,12,4.41,0.32,12
W.P. Labuan,Labuan,2017,spices,Spices,5.8,0.01,3.9,0.01,13,2.57,0.25,12
Perlis,Perlis,2017,spices,Spices,3.3,0.0,0.8,0.01,14,4.76,0.2,12
W.P. Kuala Lumpur,Kuala Lumpur,2017,spices,Spices,0.0,0.0,0.0,0.0,15,4.53,0.41,12
Pahang,Pahang,2017,vegetables,Vegetables,355743.9,355.74,17173.1,35.45,1,2.53,0.26,12
Johor,Johor,2017,vegetables,Vegetables,203846.0,203.85,16117.2,20.31,2,4.61,0.37,12
Kelantan,Kelantan,2017,vegetables,Vegetables,116909.8,116.91,3808.9,11.65,3,3.4,0.3,12
Perak,Perak,2017,vegetables,Vegetables,107265.8,107.27,6529.2,10.69,4,3.25,0.29,12
Sarawak,Sarawak,2017,vegetables,Vegetables,51872.4,51.87,5031.1,5.17,5,2.52,0.25,12
Sabah,Sabah,2017,vegetables,Vegetables,43623.7,43.62,4350.7,4.35,6,3.97,0.29,12
Selangor,Selangor,2017,vegetables,Vegetables,36690.1,36.69,2626.1,3.66,7,4.24,0.33,12
Negeri Sembilan,Negeri Sembilan,2017,vegetables,Vegetables,22026.3,22.03,1556.0,2.19,8,3.59,0.28,12
Terengganu,Terengganu,2017,vegetables,Vegetables,18018.0,18.02,1306.1,1.8,9,2.7,0.29,12
Melaka,Melaka,2017,vegetables,Vegetables,17606.3,17.61,1350.3,1.75,10,4.8,0.39,12
Kedah,Kedah,2017,vegetables,Vegetables,17111.7,17.11,1691.9,1.71,11,4.17,0.31,12
Pulau Pinang,Penang,2017,vegetables,Vegetables,11218.1,11.22,821.0,1.12,12,4.41,0.32,12
Perlis,Perlis,2017,vegetables,Vegetables,1288.1,1.29,99.1,0.13,13,4.76,0.2,12
W.P. Labuan,Labuan,2017,vegetables,Vegetables,316.2,0.32,77.8,0.03,14,2.57,0.25,12
W.P. Kuala Lumpur,Kuala Lumpur,2017,vegetables,Vegetables,0.0,0.0,0.0,0.0,15,4.53,0.41,12
Kedah,Kedah,2018,all_food_crops,All food crops,1048183.4,1048.18,229544.8,18.26,1,-1.15,0.01,12
Johor,Johor,2018,all_food_crops,All food crops,885289.3,885.29,78469.3,15.43,2,1.7,0.03,12
Pahang,Pahang,2018,all_food_crops,All food crops,659058.6,659.06,61295.3,11.48,3,1.12,0.03,12
Kelantan,Kelantan,2018,all_food_crops,All food crops,657010.4,657.01,107584.8,11.45,4,1.03,0.03,12
Perak,Perak,2018,all_food_crops,All food crops,575635.9,575.64,108474.0,10.03,5,1.1,-0.01,12
Sarawak,Sarawak,2018,all_food_crops,All food crops,485796.5,485.8,191436.9,8.46,6,1.63,0.05,12
Selangor,Selangor,2018,all_food_crops,All food crops,341165.0,341.16,51557.2,5.94,7,1.65,0.06,12
Sabah,Sabah,2018,all_food_crops,All food crops,325966.4,325.97,82250.8,5.68,8,1.07,-0.03,12
Perlis,Perlis,2018,all_food_crops,All food crops,269695.9,269.7,55834.5,4.7,9,-0.38,0.03,12
Terengganu,Terengganu,2018,all_food_crops,All food crops,163895.4,163.9,31086.5,2.86,10,1.11,0.0,12
Pulau Pinang,Penang,2018,all_food_crops,All food crops,163032.3,163.03,29017.5,2.84,11,1.68,0.07,12
Negeri Sembilan,Negeri Sembilan,2018,all_food_crops,All food crops,100406.8,100.41,10696.6,1.75,12,1.56,0.07,12
Melaka,Melaka,2018,all_food_crops,All food crops,62685.1,62.69,9628.2,1.09,13,1.32,0.01,12
W.P. Labuan,Labuan,2018,all_food_crops,All food crops,1262.4,1.26,401.2,0.02,14,1.32,0.05,12
W.P. Kuala Lumpur,Kuala Lumpur,2018,all_food_crops,All food crops,0.0,0.0,0.0,0.0,15,4.06,0.31,12
Selangor,Selangor,2018,coconut,Coconut,95641.5,95.64,9860.2,19.46,1,1.65,0.06,12
Johor,Johor,2018,coconut,Coconut,95495.7,95.5,12949.7,19.43,2,1.7,0.03,12
Kelantan,Kelantan,2018,coconut,Coconut,73676.0,73.68,9542.1,14.99,3,1.03,0.03,12
Perak,Perak,2018,coconut,Coconut,65900.6,65.9,7835.3,13.41,4,1.1,-0.01,12
Sabah,Sabah,2018,coconut,Coconut,50477.5,50.48,16968.4,10.27,5,1.07,-0.03,12
Sarawak,Sarawak,2018,coconut,Coconut,30113.5,30.11,13258.7,6.13,6,1.63,0.05,12
Pahang,Pahang,2018,coconut,Coconut,27059.0,27.06,4321.8,5.51,7,1.12,0.03,12
Terengganu,Terengganu,2018,coconut,Coconut,20607.0,20.61,4064.9,4.19,8,1.11,0.0,12
Negeri Sembilan,Negeri Sembilan,2018,coconut,Coconut,11689.0,11.69,1362.5,2.38,9,1.56,0.07,12
Melaka,Melaka,2018,coconut,Coconut,10972.9,10.97,1779.8,2.23,10,1.32,0.01,12
Kedah,Kedah,2018,coconut,Coconut,6558.9,6.56,897.0,1.33,11,-1.15,0.01,12
Perlis,Perlis,2018,coconut,Coconut,2529.3,2.53,400.6,0.51,12,-0.38,0.03,12
W.P. Labuan,Labuan,2018,coconut,Coconut,516.8,0.52,158.4,0.11,13,1.32,0.05,12
Pulau Pinang,Penang,2018,coconut,Coconut,227.8,0.23,37.0,0.05,14,1.68,0.07,12
W.P. Kuala Lumpur,Kuala Lumpur,2018,coconut,Coconut,0.0,0.0,0.0,0.0,15,4.06,0.31,12
Johor,Johor,2018,fruits,Fruits,567300.8,567.3,46698.3,36.76,1,1.7,0.03,12
Pahang,Pahang,2018,fruits,Fruits,208730.9,208.73,26323.1,13.53,2,1.12,0.03,12
Sarawak,Sarawak,2018,fruits,Fruits,141047.3,141.05,37078.3,9.14,3,1.63,0.05,12
Kelantan,Kelantan,2018,fruits,Fruits,132629.3,132.63,18880.6,8.6,4,1.03,0.03,12
Sabah,Sabah,2018,fruits,Fruits,108138.7,108.14,18093.2,7.01,5,1.07,-0.03,12
Perak,Perak,2018,fruits,Fruits,107891.4,107.89,11406.1,6.99,6,1.1,-0.01,12
Kedah,Kedah,2018,fruits,Fruits,69874.0,69.87,11972.4,4.53,7,-1.15,0.01,12
Negeri Sembilan,Negeri Sembilan,2018,fruits,Fruits,57281.3,57.28,5687.5,3.71,8,1.56,0.07,12
Terengganu,Terengganu,2018,fruits,Fruits,50831.2,50.83,7709.0,3.29,9,1.11,0.0,12
Selangor,Selangor,2018,fruits,Fruits,33180.1,33.18,2019.0,2.15,10,1.65,0.06,12
Perlis,Perlis,2018,fruits,Fruits,24316.9,24.32,3662.7,1.58,11,-0.38,0.03,12
Melaka,Melaka,2018,fruits,Fruits,23245.4,23.25,3328.9,1.51,12,1.32,0.01,12
Pulau Pinang,Penang,2018,fruits,Fruits,18214.8,18.21,2452.5,1.18,13,1.68,0.07,12
W.P. Labuan,Labuan,2018,fruits,Fruits,404.0,0.4,168.9,0.03,14,1.32,0.05,12
W.P. Kuala Lumpur,Kuala Lumpur,2018,fruits,Fruits,0.0,0.0,0.0,0.0,15,4.06,0.31,12
Johor,Johor,2018,herbs,Herbs,3060.2,3.06,453.4,24.7,1,1.7,0.03,12
Sarawak,Sarawak,2018,herbs,Herbs,2842.4,2.84,666.5,22.94,2,1.63,0.05,12
Pahang,Pahang,2018,herbs,Herbs,2438.8,2.44,404.2,19.68,3,1.12,0.03,12
Perak,Perak,2018,herbs,Herbs,1503.9,1.5,594.5,12.14,4,1.1,-0.01,12
Kelantan,Kelantan,2018,herbs,Herbs,969.1,0.97,129.7,7.82,5,1.03,0.03,12
Selangor,Selangor,2018,herbs,Herbs,668.8,0.67,91.2,5.4,6,1.65,0.06,12
Kedah,Kedah,2018,herbs,Herbs,532.6,0.53,175.0,4.3,7,-1.15,0.01,12
Terengganu,Terengganu,2018,herbs,Herbs,208.6,0.21,477.7,1.68,8,1.11,0.0,12
Melaka,Melaka,2018,herbs,Herbs,103.1,0.1,9.3,0.83,9,1.32,0.01,12
Negeri Sembilan,Negeri Sembilan,2018,herbs,Herbs,49.7,0.05,7.3,0.4,10,1.56,0.07,12
Perlis,Perlis,2018,herbs,Herbs,12.1,0.01,1.6,0.1,11,-0.38,0.03,12
W.P. Kuala Lumpur,Kuala Lumpur,2018,herbs,Herbs,0.0,0.0,0.0,0.0,12,4.06,0.31,12
W.P. Labuan,Labuan,2018,herbs,Herbs,0.0,0.0,0.0,0.0,12,1.32,0.05,12
Pulau Pinang,Penang,2018,herbs,Herbs,0.0,0.0,0.0,0.0,12,1.68,0.07,12
Sabah,Sabah,2018,herbs,Herbs,0.0,0.0,0.0,0.0,12,1.07,-0.03,12
Kedah,Kedah,2018,paddy,Paddy,955662.0,955.66,214592.0,36.21,1,-1.15,0.01,12
Kelantan,Kelantan,2018,paddy,Paddy,319774.0,319.77,74149.0,12.12,2,1.03,0.03,12
Perak,Perak,2018,paddy,Paddy,292063.0,292.06,81699.0,11.07,3,1.1,-0.01,12
Sarawak,Sarawak,2018,paddy,Paddy,265358.0,265.36,135426.0,10.05,4,1.63,0.05,12
Perlis,Perlis,2018,paddy,Paddy,240615.0,240.62,51612.0,9.12,5,-0.38,0.03,12
Selangor,Selangor,2018,paddy,Paddy,174432.0,174.43,36868.0,6.61,6,1.65,0.06,12
Pulau Pinang,Penang,2018,paddy,Paddy,133636.0,133.64,25564.0,5.06,7,1.68,0.07,12
Sabah,Sabah,2018,paddy,Paddy,122390.0,122.39,42442.0,4.64,8,1.07,-0.03,12
Terengganu,Terengganu,2018,paddy,Paddy,74335.0,74.33,17431.0,2.82,9,1.11,0.0,12
Pahang,Pahang,2018,paddy,Paddy,34657.0,34.66,12300.0,1.31,10,1.12,0.03,12
Johor,Johor,2018,paddy,Paddy,9424.0,9.42,2866.0,0.36,11,1.7,0.03,12
Melaka,Melaka,2018,paddy,Paddy,9352.0,9.35,3135.0,0.35,12,1.32,0.01,12
Negeri Sembilan,Negeri Sembilan,2018,paddy,Paddy,7504.0,7.5,1896.0,0.28,13,1.56,0.07,12
W.P. Kuala Lumpur,Kuala Lumpur,2018,paddy,Paddy,0.0,0.0,0.0,0.0,14,4.06,0.31,12
W.P. Labuan,Labuan,2018,paddy,Paddy,0.0,0.0,0.0,0.0,14,1.32,0.05,12
Pahang,Pahang,2018,spices,Spices,18109.9,18.11,2105.6,32.81,1,1.12,0.03,12
Johor,Johor,2018,spices,Spices,11548.8,11.55,999.0,20.92,2,1.7,0.03,12
Selangor,Selangor,2018,spices,Spices,4984.1,4.98,394.9,9.03,3,1.65,0.06,12
Perak,Perak,2018,spices,Spices,4645.8,4.65,427.1,8.42,4,1.1,-0.01,12
Kelantan,Kelantan,2018,spices,Spices,4462.1,4.46,571.8,8.08,5,1.03,0.03,12
Sarawak,Sarawak,2018,spices,Spices,2744.3,2.74,473.7,4.97,6,1.63,0.05,12
Negeri Sembilan,Negeri Sembilan,2018,spices,Spices,2692.6,2.69,223.8,4.88,7,1.56,0.07,12
Sabah,Sabah,2018,spices,Spices,2193.2,2.19,398.8,3.97,8,1.07,-0.03,12
Kedah,Kedah,2018,spices,Spices,1440.9,1.44,562.5,2.61,9,-1.15,0.01,12
Melaka,Melaka,2018,spices,Spices,1063.4,1.06,128.7,1.93,10,1.32,0.01,12
Terengganu,Terengganu,2018,spices,Spices,1043.6,1.04,222.4,1.89,11,1.11,0.0,12
Pulau Pinang,Penang,2018,spices,Spices,242.0,0.24,40.6,0.44,12,1.68,0.07,12
Perlis,Perlis,2018,spices,Spices,16.3,0.02,2.3,0.03,13,-0.38,0.03,12
W.P. Labuan,Labuan,2018,spices,Spices,8.2,0.01,1.4,0.01,14,1.32,0.05,12
W.P. Kuala Lumpur,Kuala Lumpur,2018,spices,Spices,0.0,0.0,0.0,0.0,15,4.06,0.31,12
Pahang,Pahang,2018,vegetables,Vegetables,368063.0,368.06,15840.6,36.89,1,1.12,0.03,12
Johor,Johor,2018,vegetables,Vegetables,198459.8,198.46,14502.9,19.89,2,1.7,0.03,12
Kelantan,Kelantan,2018,vegetables,Vegetables,125499.9,125.5,4311.6,12.58,3,1.03,0.03,12
Perak,Perak,2018,vegetables,Vegetables,103631.2,103.63,6512.0,10.39,4,1.1,-0.01,12
Sarawak,Sarawak,2018,vegetables,Vegetables,43691.0,43.69,4533.7,4.38,5,1.63,0.05,12
Sabah,Sabah,2018,vegetables,Vegetables,42767.0,42.77,4348.4,4.29,6,1.07,-0.03,12
Selangor,Selangor,2018,vegetables,Vegetables,32258.5,32.26,2323.9,3.23,7,1.65,0.06,12
Negeri Sembilan,Negeri Sembilan,2018,vegetables,Vegetables,21190.2,21.19,1519.5,2.12,8,1.56,0.07,12
Melaka,Melaka,2018,vegetables,Vegetables,17948.3,17.95,1246.5,1.8,9,1.32,0.01,12
Terengganu,Terengganu,2018,vegetables,Vegetables,16870.0,16.87,1181.5,1.69,10,1.11,0.0,12
Kedah,Kedah,2018,vegetables,Vegetables,14115.0,14.12,1345.9,1.41,11,-1.15,0.01,12
Pulau Pinang,Penang,2018,vegetables,Vegetables,10711.7,10.71,923.4,1.07,12,1.68,0.07,12
Perlis,Perlis,2018,vegetables,Vegetables,2206.3,2.21,155.3,0.22,13,-0.38,0.03,12
W.P. Labuan,Labuan,2018,vegetables,Vegetables,333.4,0.33,72.5,0.03,14,1.32,0.05,12
W.P. Kuala Lumpur,Kuala Lumpur,2018,vegetables,Vegetables,0.0,0.0,0.0,0.0,15,4.06,0.31,12
Kedah,Kedah,2019,all_food_crops,All food crops,954158.2,954.16,228844.1,17.25,1,2.72,0.12,12
Johor,Johor,2019,all_food_crops,All food crops,870078.9,870.08,71333.1,15.73,2,1.92,0.21,12
Kelantan,Kelantan,2019,all_food_crops,All food crops,623173.5,623.17,106136.5,11.27,3,1.02,0.05,12
Pahang,Pahang,2019,all_food_crops,All food crops,605461.2,605.46,56370.0,10.95,4,0.95,0.04,12
Perak,Perak,2019,all_food_crops,All food crops,574376.0,574.38,107977.2,10.38,5,1.53,0.12,12
Sarawak,Sarawak,2019,all_food_crops,All food crops,497132.0,497.13,164660.8,8.99,6,1.04,0.08,12
Selangor,Selangor,2019,all_food_crops,All food crops,347481.6,347.48,56892.6,6.28,7,1.86,0.18,12
Sabah,Sabah,2019,all_food_crops,All food crops,344347.6,344.35,84001.1,6.23,8,0.44,0.12,12
Perlis,Perlis,2019,all_food_crops,All food crops,226195.1,226.2,55261.6,4.09,9,1.58,0.09,12
Pulau Pinang,Penang,2019,all_food_crops,All food crops,163620.6,163.62,29114.4,2.96,10,1.84,0.12,12
Terengganu,Terengganu,2019,all_food_crops,All food crops,161433.2,161.43,32450.2,2.92,11,1.16,0.11,12
Negeri Sembilan,Negeri Sembilan,2019,all_food_crops,All food crops,113031.2,113.03,10787.0,2.04,12,1.5,0.08,12
Melaka,Melaka,2019,all_food_crops,All food crops,49734.2,49.73,9101.3,0.9,13,1.29,0.06,12
W.P. Labuan,Labuan,2019,all_food_crops,All food crops,1227.2,1.23,326.9,0.02,14,1.18,0.06,12
W.P. Kuala Lumpur,Kuala Lumpur,2019,all_food_crops,All food crops,0.0,0.0,0.0,0.0,15,3.45,0.18,12
Selangor,Selangor,2019,coconut,Coconut,99760.7,99.76,15075.7,18.59,1,1.86,0.18,12
Johor,Johor,2019,coconut,Coconut,99375.1,99.38,10762.9,18.52,2,1.92,0.21,12
Perak,Perak,2019,coconut,Coconut,78644.3,78.64,7594.1,14.66,3,1.53,0.12,12
Kelantan,Kelantan,2019,coconut,Coconut,77807.1,77.81,9978.7,14.5,4,1.02,0.05,12
Sabah,Sabah,2019,coconut,Coconut,55337.1,55.34,17041.0,10.31,5,0.44,0.12,12
Sarawak,Sarawak,2019,coconut,Coconut,54023.3,54.02,12401.1,10.07,6,1.04,0.08,12
Pahang,Pahang,2019,coconut,Coconut,24263.2,24.26,4205.5,4.52,7,0.95,0.04,12
Terengganu,Terengganu,2019,coconut,Coconut,16144.2,16.14,4991.9,3.01,8,1.16,0.11,12
Negeri Sembilan,Negeri Sembilan,2019,coconut,Coconut,12768.3,12.77,1290.3,2.38,9,1.5,0.08,12
Melaka,Melaka,2019,coconut,Coconut,9195.8,9.2,1530.3,1.71,10,1.29,0.06,12
Kedah,Kedah,2019,coconut,Coconut,5131.3,5.13,995.7,0.96,11,2.72,0.12,12
Perlis,Perlis,2019,coconut,Coconut,3405.0,3.4,429.6,0.63,12,1.58,0.09,12
W.P. Labuan,Labuan,2019,coconut,Coconut,487.2,0.49,129.3,0.09,13,1.18,0.06,12
Pulau Pinang,Penang,2019,coconut,Coconut,263.1,0.26,40.2,0.05,14,1.84,0.12,12
W.P. Kuala Lumpur,Kuala Lumpur,2019,coconut,Coconut,0.0,0.0,0.0,0.0,15,3.45,0.18,12
Johor,Johor,2019,fruits,Fruits,543387.3,543.39,41504.2,34.81,1,1.92,0.21,12
Pahang,Pahang,2019,fruits,Fruits,200044.8,200.04,22760.7,12.82,2,0.95,0.04,12
Sarawak,Sarawak,2019,fruits,Fruits,160713.7,160.71,35769.8,10.3,3,1.04,0.08,12
Kelantan,Kelantan,2019,fruits,Fruits,139396.2,139.4,19573.3,8.93,4,1.02,0.05,12
Sabah,Sabah,2019,fruits,Fruits,127771.1,127.77,18484.0,8.19,5,0.44,0.12,12
Perak,Perak,2019,fruits,Fruits,116374.2,116.37,11441.9,7.46,6,1.53,0.12,12
Kedah,Kedah,2019,fruits,Fruits,71440.5,71.44,11242.0,4.58,7,2.72,0.12,12
Negeri Sembilan,Negeri Sembilan,2019,fruits,Fruits,64512.0,64.51,5552.7,4.13,8,1.5,0.08,12
Terengganu,Terengganu,2019,fruits,Fruits,57368.9,57.37,7579.6,3.68,9,1.16,0.11,12
Selangor,Selangor,2019,fruits,Fruits,29414.3,29.41,2038.2,1.88,10,1.86,0.18,12
Pulau Pinang,Penang,2019,fruits,Fruits,24072.2,24.07,2542.9,1.54,11,1.84,0.12,12
Melaka,Melaka,2019,fruits,Fruits,15435.1,15.44,3025.4,0.99,12,1.29,0.06,12
Perlis,Perlis,2019,fruits,Fruits,10580.9,10.58,2895.5,0.68,13,1.58,0.09,12
W.P. Labuan,Labuan,2019,fruits,Fruits,394.7,0.39,139.1,0.03,14,1.18,0.06,12
W.P. Kuala Lumpur,Kuala Lumpur,2019,fruits,Fruits,0.0,0.0,0.0,0.0,15,3.45,0.18,12
Sarawak,Sarawak,2019,herbs,Herbs,2854.7,2.85,665.0,31.65,1,1.04,0.08,12
Johor,Johor,2019,herbs,Herbs,1936.3,1.94,189.7,21.47,2,1.92,0.21,12
Perak,Perak,2019,herbs,Herbs,1027.6,1.03,560.1,11.39,3,1.53,0.12,12
Kelantan,Kelantan,2019,herbs,Herbs,793.8,0.79,135.7,8.8,4,1.02,0.05,12
Pahang,Pahang,2019,herbs,Herbs,757.4,0.76,218.0,8.4,5,0.95,0.04,12
Selangor,Selangor,2019,herbs,Herbs,710.6,0.71,91.9,7.88,6,1.86,0.18,12
Kedah,Kedah,2019,herbs,Herbs,442.7,0.44,174.9,4.91,7,2.72,0.12,12
Terengganu,Terengganu,2019,herbs,Herbs,409.0,0.41,269.1,4.54,8,1.16,0.11,12
Melaka,Melaka,2019,herbs,Herbs,58.7,0.06,3.4,0.65,9,1.29,0.06,12
Perlis,Perlis,2019,herbs,Herbs,18.2,0.02,2.1,0.2,10,1.58,0.09,12
Negeri Sembilan,Negeri Sembilan,2019,herbs,Herbs,8.6,0.01,4.5,0.1,11,1.5,0.08,12
Sabah,Sabah,2019,herbs,Herbs,0.9,0.0,1.2,0.01,12,0.44,0.12,12
W.P. Kuala Lumpur,Kuala Lumpur,2019,herbs,Herbs,0.0,0.0,0.0,0.0,13,3.45,0.18,12
W.P. Labuan,Labuan,2019,herbs,Herbs,0.0,0.0,0.0,0.0,13,1.18,0.06,12
Pulau Pinang,Penang,2019,herbs,Herbs,0.0,0.0,0.0,0.0,13,1.84,0.12,12
Kedah,Kedah,2019,paddy,Paddy,859018.0,859.02,214252.0,36.51,1,2.72,0.12,12
Kelantan,Kelantan,2019,paddy,Paddy,268831.0,268.83,71240.0,11.43,2,1.02,0.05,12
Perak,Perak,2019,paddy,Paddy,257605.0,257.6,81380.0,10.95,3,1.53,0.12,12
Sarawak,Sarawak,2019,paddy,Paddy,215491.0,215.49,109261.0,9.16,4,1.04,0.08,12
Perlis,Perlis,2019,paddy,Paddy,209828.0,209.83,51612.0,8.92,5,1.58,0.09,12
Selangor,Selangor,2019,paddy,Paddy,174088.0,174.09,36602.0,7.4,6,1.86,0.18,12
Pulau Pinang,Penang,2019,paddy,Paddy,128127.0,128.13,25564.0,5.45,7,1.84,0.12,12
Sabah,Sabah,2019,paddy,Paddy,112569.0,112.57,43546.0,4.78,8,0.44,0.12,12
Terengganu,Terengganu,2019,paddy,Paddy,71382.0,71.38,18341.0,3.03,9,1.16,0.11,12
Pahang,Pahang,2019,paddy,Paddy,31234.0,31.23,12435.0,1.33,10,0.95,0.04,12
Melaka,Melaka,2019,paddy,Paddy,9323.0,9.32,3360.0,0.4,11,1.29,0.06,12
Johor,Johor,2019,paddy,Paddy,7704.0,7.7,2555.0,0.33,12,1.92,0.21,12
Negeri Sembilan,Negeri Sembilan,2019,paddy,Paddy,7670.0,7.67,1936.0,0.33,13,1.5,0.08,12
W.P. Kuala Lumpur,Kuala Lumpur,2019,paddy,Paddy,0.0,0.0,0.0,0.0,14,3.45,0.18,12
W.P. Labuan,Labuan,2019,paddy,Paddy,0.0,0.0,0.0,0.0,14,1.18,0.06,12
Johor,Johor,2019,spices,Spices,13679.7,13.68,962.0,26.65,1,1.92,0.21,12
Pahang,Pahang,2019,spices,Spices,13226.8,13.23,1569.8,25.76,2,0.95,0.04,12
Selangor,Selangor,2019,spices,Spices,4712.3,4.71,401.4,9.18,3,1.86,0.18,12
Kelantan,Kelantan,2019,spices,Spices,4157.2,4.16,569.3,8.1,4,1.02,0.05,12
Perak,Perak,2019,spices,Spices,3741.3,3.74,372.9,7.29,5,1.53,0.12,12
Negeri Sembilan,Negeri Sembilan,2019,spices,Spices,3653.2,3.65,252.2,7.12,6,1.5,0.08,12
Sarawak,Sarawak,2019,spices,Spices,2700.5,2.7,465.7,5.26,7,1.04,0.08,12
Sabah,Sabah,2019,spices,Spices,2442.2,2.44,387.0,4.76,8,0.44,0.12,12
Kedah,Kedah,2019,spices,Spices,1302.6,1.3,548.2,2.54,9,2.72,0.12,12
Terengganu,Terengganu,2019,spices,Spices,864.9,0.86,129.0,1.68,10,1.16,0.11,12
Melaka,Melaka,2019,spices,Spices,659.2,0.66,122.9,1.28,11,1.29,0.06,12
Pulau Pinang,Penang,2019,spices,Spices,172.5,0.17,31.8,0.34,12,1.84,0.12,12
Perlis,Perlis,2019,spices,Spices,13.0,0.01,2.1,0.03,13,1.58,0.09,12
W.P. Labuan,Labuan,2019,spices,Spices,11.3,0.01,1.4,0.02,14,1.18,0.06,12
W.P. Kuala Lumpur,Kuala Lumpur,2019,spices,Spices,0.0,0.0,0.0,0.0,15,3.45,0.18,12
Pahang,Pahang,2019,vegetables,Vegetables,335935.0,335.94,15181.0,32.91,1,0.95,0.04,12
Johor,Johor,2019,vegetables,Vegetables,203996.5,204.0,15359.3,19.99,2,1.92,0.21,12
Kelantan,Kelantan,2019,vegetables,Vegetables,132188.2,132.19,4639.5,12.95,3,1.02,0.05,12
Perak,Perak,2019,vegetables,Vegetables,116983.6,116.98,6628.2,11.46,4,1.53,0.12,12
Sarawak,Sarawak,2019,vegetables,Vegetables,61348.8,61.35,6098.2,6.01,5,1.04,0.08,12
Sabah,Sabah,2019,vegetables,Vegetables,46227.3,46.23,4541.9,4.53,6,0.44,0.12,12
Selangor,Selangor,2019,vegetables,Vegetables,38795.7,38.8,2683.4,3.8,7,1.86,0.18,12
Negeri Sembilan,Negeri Sembilan,2019,vegetables,Vegetables,24419.1,24.42,1751.3,2.39,8,1.5,0.08,12
Kedah,Kedah,2019,vegetables,Vegetables,16823.1,16.82,1631.3,1.65,9,2.72,0.12,12
Terengganu,Terengganu,2019,vegetables,Vegetables,15264.2,15.26,1139.6,1.5,10,1.16,0.11,12
Melaka,Melaka,2019,vegetables,Vegetables,15062.4,15.06,1059.3,1.48,11,1.29,0.06,12
Pulau Pinang,Penang,2019,vegetables,Vegetables,10985.8,10.99,935.5,1.08,12,1.84,0.12,12
Perlis,Perlis,2019,vegetables,Vegetables,2350.0,2.35,320.3,0.23,13,1.58,0.09,12
W.P. Labuan,Labuan,2019,vegetables,Vegetables,334.0,0.33,57.1,0.03,14,1.18,0.06,12
W.P. Kuala Lumpur,Kuala Lumpur,2019,vegetables,Vegetables,0.0,0.0,0.0,0.0,15,3.45,0.18,12
Kedah,Kedah,2020,all_food_crops,All food crops,1000215.0,1000.22,229987.8,17.99,1,0.66,0.05,12
Johor,Johor,2020,all_food_crops,All food crops,898282.8,898.28,75447.3,16.16,2,1.52,0.08,12
Kelantan,Kelantan,2020,all_food_crops,All food crops,661122.7,661.12,110014.5,11.89,3,0.88,0.12,12
Pahang,Pahang,2020,all_food_crops,All food crops,638687.9,638.69,56921.0,11.49,4,1.34,0.18,12
Perak,Perak,2020,all_food_crops,All food crops,526920.9,526.92,102083.4,9.48,5,1.53,0.18,12
Sarawak,Sarawak,2020,all_food_crops,All food crops,461354.4,461.35,146948.1,8.3,6,0.63,0.08,12
Sabah,Sabah,2020,all_food_crops,All food crops,344443.0,344.44,81661.3,6.2,7,0.22,-0.03,12
Selangor,Selangor,2020,all_food_crops,All food crops,332850.9,332.85,51024.9,5.99,8,2.03,0.17,12
Perlis,Perlis,2020,all_food_crops,All food crops,217310.0,217.31,54224.2,3.91,9,0.54,0.07,12
Pulau Pinang,Penang,2020,all_food_crops,All food crops,156196.8,156.2,27718.0,2.81,10,1.29,0.11,12
Terengganu,Terengganu,2020,all_food_crops,All food crops,137248.5,137.25,32340.9,2.47,11,1.42,0.16,12
Negeri Sembilan,Negeri Sembilan,2020,all_food_crops,All food crops,117142.3,117.14,10893.7,2.11,12,1.22,0.13,12
Melaka,Melaka,2020,all_food_crops,All food crops,66616.3,66.62,11911.5,1.2,13,0.75,0.11,12
W.P. Labuan,Labuan,2020,all_food_crops,All food crops,1148.7,1.15,191.9,0.02,14,0.71,0.1,12
W.P. Kuala Lumpur,Kuala Lumpur,2020,all_food_crops,All food crops,0.0,0.0,0.0,0.0,15,0.77,0.07,12
Johor,Johor,2020,coconut,Coconut,106723.2,106.72,11887.0,19.02,1,1.52,0.08,12
Selangor,Selangor,2020,coconut,Coconut,105129.1,105.13,10239.1,18.74,2,2.03,0.17,12
Kelantan,Kelantan,2020,coconut,Coconut,79953.4,79.95,10398.9,14.25,3,0.88,0.12,12
Perak,Perak,2020,coconut,Coconut,71588.6,71.59,7522.8,12.76,4,1.53,0.18,12
Sabah,Sabah,2020,coconut,Coconut,57392.1,57.39,17274.7,10.23,5,0.22,-0.03,12
Sarawak,Sarawak,2020,coconut,Coconut,51490.3,51.49,12003.3,9.18,6,0.63,0.08,12
Pahang,Pahang,2020,coconut,Coconut,26915.8,26.92,3997.2,4.8,7,1.34,0.18,12
Melaka,Melaka,2020,coconut,Coconut,19376.2,19.38,2923.4,3.45,8,0.75,0.11,12
Terengganu,Terengganu,2020,coconut,Coconut,15513.6,15.51,4657.9,2.77,9,1.42,0.16,12
Negeri Sembilan,Negeri Sembilan,2020,coconut,Coconut,12841.4,12.84,1346.7,2.29,10,1.22,0.13,12
Kedah,Kedah,2020,coconut,Coconut,10046.3,10.05,2155.1,1.79,11,0.66,0.05,12
Perlis,Perlis,2020,coconut,Coconut,3360.0,3.36,400.0,0.6,12,0.54,0.07,12
W.P. Labuan,Labuan,2020,coconut,Coconut,408.9,0.41,90.9,0.07,13,0.71,0.1,12
Pulau Pinang,Penang,2020,coconut,Coconut,245.6,0.25,45.0,0.04,14,1.29,0.11,12
W.P. Kuala Lumpur,Kuala Lumpur,2020,coconut,Coconut,0.0,0.0,0.0,0.0,15,0.77,0.07,12
Johor,Johor,2020,fruits,Fruits,557842.7,557.84,44779.0,35.98,1,1.52,0.08,12
Pahang,Pahang,2020,fruits,Fruits,201494.6,201.49,24836.8,13.0,2,1.34,0.18,12
Sarawak,Sarawak,2020,fruits,Fruits,174313.9,174.31,36868.7,11.24,3,0.63,0.08,12
Kelantan,Kelantan,2020,fruits,Fruits,141461.8,141.46,20712.3,9.12,4,0.88,0.12,12
Sabah,Sabah,2020,fruits,Fruits,123396.6,123.4,19112.5,7.96,5,0.22,-0.03,12
Perak,Perak,2020,fruits,Fruits,97985.2,97.99,10310.8,6.32,6,1.53,0.18,12
Negeri Sembilan,Negeri Sembilan,2020,fruits,Fruits,66524.5,66.52,5384.8,4.29,7,1.22,0.13,12
Kedah,Kedah,2020,fruits,Fruits,61839.5,61.84,11175.4,3.99,8,0.66,0.05,12
Terengganu,Terengganu,2020,fruits,Fruits,34879.6,34.88,7399.6,2.25,9,1.42,0.16,12
Selangor,Selangor,2020,fruits,Fruits,33288.1,33.29,2096.1,2.15,10,2.03,0.17,12
Melaka,Melaka,2020,fruits,Fruits,24708.0,24.71,4539.8,1.59,11,0.75,0.11,12
Pulau Pinang,Penang,2020,fruits,Fruits,23743.2,23.74,2619.5,1.53,12,1.29,0.11,12
Perlis,Perlis,2020,fruits,Fruits,8631.3,8.63,1957.1,0.56,13,0.54,0.07,12
W.P. Labuan,Labuan,2020,fruits,Fruits,372.5,0.37,73.6,0.02,14,0.71,0.1,12
W.P. Kuala Lumpur,Kuala Lumpur,2020,fruits,Fruits,0.0,0.0,0.0,0.0,15,0.77,0.07,12
Sarawak,Sarawak,2020,herbs,Herbs,2809.4,2.81,654.4,30.95,1,0.63,0.08,12
Johor,Johor,2020,herbs,Herbs,2586.1,2.59,179.0,28.49,2,1.52,0.08,12
Perak,Perak,2020,herbs,Herbs,1016.4,1.02,498.4,11.2,3,1.53,0.18,12
Kelantan,Kelantan,2020,herbs,Herbs,802.0,0.8,160.3,8.84,4,0.88,0.12,12
Pahang,Pahang,2020,herbs,Herbs,634.9,0.63,162.4,6.99,5,1.34,0.18,12
Selangor,Selangor,2020,herbs,Herbs,496.7,0.5,88.3,5.47,6,2.03,0.17,12
Kedah,Kedah,2020,herbs,Herbs,367.2,0.37,196.4,4.05,7,0.66,0.05,12
Terengganu,Terengganu,2020,herbs,Herbs,267.9,0.27,120.1,2.95,8,1.42,0.16,12
Melaka,Melaka,2020,herbs,Herbs,53.8,0.05,12.4,0.59,9,0.75,0.11,12
Negeri Sembilan,Negeri Sembilan,2020,herbs,Herbs,21.2,0.02,3.0,0.23,10,1.22,0.13,12
Perlis,Perlis,2020,herbs,Herbs,20.3,0.02,3.5,0.22,11,0.54,0.07,12
Pulau Pinang,Penang,2020,herbs,Herbs,0.8,0.0,0.1,0.01,12,1.29,0.11,12
Sabah,Sabah,2020,herbs,Herbs,0.4,0.0,1.2,0.0,13,0.22,-0.03,12
W.P. Kuala Lumpur,Kuala Lumpur,2020,herbs,Herbs,0.0,0.0,0.0,0.0,14,0.77,0.07,12
W.P. Labuan,Labuan,2020,herbs,Herbs,0.0,0.0,0.0,0.0,14,0.71,0.1,12
Kedah,Kedah,2020,paddy,Paddy,914200.0,914.2,214328.0,38.8,1,0.66,0.05,12
Kelantan,Kelantan,2020,paddy,Paddy,305675.0,305.68,73717.0,12.97,2,0.88,0.12,12
Perak,Perak,2020,paddy,Paddy,232437.0,232.44,76201.0,9.86,3,1.53,0.18,12
Perlis,Perlis,2020,paddy,Paddy,203275.0,203.28,51598.0,8.63,4,0.54,0.07,12
Sarawak,Sarawak,2020,paddy,Paddy,167588.9,167.59,90865.2,7.11,5,0.63,0.08,12
Selangor,Selangor,2020,paddy,Paddy,159535.0,159.54,36004.0,6.77,6,2.03,0.17,12
Pulau Pinang,Penang,2020,paddy,Paddy,121594.0,121.59,24210.0,5.16,7,1.29,0.11,12
Sabah,Sabah,2020,paddy,Paddy,117846.0,117.85,40446.0,5.0,8,0.22,-0.03,12
Terengganu,Terengganu,2020,paddy,Paddy,73723.0,73.72,19071.0,3.13,9,1.42,0.16,12
Pahang,Pahang,2020,paddy,Paddy,35524.0,35.52,10572.0,1.51,10,1.34,0.18,12
Negeri Sembilan,Negeri Sembilan,2020,paddy,Paddy,8942.0,8.94,1989.0,0.38,11,1.22,0.13,12
Melaka,Melaka,2020,paddy,Paddy,8550.0,8.55,3360.0,0.36,12,0.75,0.11,12
Johor,Johor,2020,paddy,Paddy,7502.0,7.5,2547.0,0.32,13,1.52,0.08,12
W.P. Kuala Lumpur,Kuala Lumpur,2020,paddy,Paddy,0.0,0.0,0.0,0.0,14,0.77,0.07,12
W.P. Labuan,Labuan,2020,paddy,Paddy,0.0,0.0,0.0,0.0,14,0.71,0.1,12
Johor,Johor,2020,spices,Spices,15368.5,15.37,1211.6,29.25,1,1.52,0.08,12
Pahang,Pahang,2020,spices,Spices,12147.3,12.15,1385.3,23.12,2,1.34,0.18,12
Negeri Sembilan,Negeri Sembilan,2020,spices,Spices,5420.0,5.42,412.7,10.32,3,1.22,0.13,12
Kelantan,Kelantan,2020,spices,Spices,4903.1,4.9,514.4,9.33,4,0.88,0.12,12
Perak,Perak,2020,spices,Spices,3469.9,3.47,358.5,6.6,5,1.53,0.18,12
Sarawak,Sarawak,2020,spices,Spices,2988.4,2.99,498.9,5.69,6,0.63,0.08,12
Selangor,Selangor,2020,spices,Spices,2742.3,2.74,259.7,5.22,7,2.03,0.17,12
Sabah,Sabah,2020,spices,Spices,2536.2,2.54,463.1,4.83,8,0.22,-0.03,12
Terengganu,Terengganu,2020,spices,Spices,990.2,0.99,110.9,1.88,9,1.42,0.16,12
Kedah,Kedah,2020,spices,Spices,971.5,0.97,577.9,1.85,10,0.66,0.05,12
Melaka,Melaka,2020,spices,Spices,705.9,0.71,135.3,1.34,11,0.75,0.11,12
Pulau Pinang,Penang,2020,spices,Spices,289.6,0.29,30.1,0.55,12,1.29,0.11,12
W.P. Labuan,Labuan,2020,spices,Spices,8.4,0.01,0.5,0.02,13,0.71,0.1,12
W.P. Kuala Lumpur,Kuala Lumpur,2020,spices,Spices,0.0,0.0,0.0,0.0,14,0.77,0.07,12
Perlis,Perlis,2020,spices,Spices,0.0,0.0,0.0,0.0,14,0.54,0.07,12
Pahang,Pahang,2020,vegetables,Vegetables,361971.3,361.97,15967.3,35.14,1,1.34,0.18,12
Johor,Johor,2020,vegetables,Vegetables,208260.3,208.26,14843.7,20.22,2,1.52,0.08,12
Kelantan,Kelantan,2020,vegetables,Vegetables,128327.4,128.33,4511.6,12.46,3,0.88,0.12,12
Perak,Perak,2020,vegetables,Vegetables,120423.8,120.42,7191.9,11.69,4,1.53,0.18,12
Sarawak,Sarawak,2020,vegetables,Vegetables,62163.5,62.16,6057.6,6.03,5,0.63,0.08,12
Sabah,Sabah,2020,vegetables,Vegetables,43271.7,43.27,4363.8,4.2,6,0.22,-0.03,12
Selangor,Selangor,2020,vegetables,Vegetables,31659.7,31.66,2337.7,3.07,7,2.03,0.17,12
Negeri Sembilan,Negeri Sembilan,2020,vegetables,Vegetables,23393.2,23.39,1757.5,2.27,8,1.22,0.13,12
Melaka,Melaka,2020,vegetables,Vegetables,13222.4,13.22,940.6,1.28,9,0.75,0.11,12
Kedah,Kedah,2020,vegetables,Vegetables,12790.5,12.79,1555.0,1.24,10,0.66,0.05,12
Terengganu,Terengganu,2020,vegetables,Vegetables,11874.2,11.87,981.4,1.15,11,1.42,0.16,12
Pulau Pinang,Penang,2020,vegetables,Vegetables,10323.6,10.32,813.3,1.0,12,1.29,0.11,12
Perlis,Perlis,2020,vegetables,Vegetables,2023.4,2.02,265.6,0.2,13,0.54,0.07,12
W.P. Labuan,Labuan,2020,vegetables,Vegetables,358.9,0.36,26.9,0.03,14,0.71,0.1,12
W.P. Kuala Lumpur,Kuala Lumpur,2020,vegetables,Vegetables,0.0,0.0,0.0,0.0,15,0.77,0.07,12
Johor,Johor,2021,all_food_crops,All food crops,1022278.3,1022.28,84216.3,17.51,1,1.8,0.31,12
Kedah,Kedah,2021,all_food_crops,All food crops,1004164.8,1004.16,228241.1,17.2,2,1.25,0.26,12
Pahang,Pahang,2021,all_food_crops,All food crops,713801.8,713.8,62175.5,12.23,3,2.22,0.27,12
Kelantan,Kelantan,2021,all_food_crops,All food crops,692893.8,692.89,110378.9,11.87,4,2.12,0.25,12
Perak,Perak,2021,all_food_crops,All food crops,577425.9,577.43,101957.0,9.89,5,1.82,0.27,12
Sarawak,Sarawak,2021,all_food_crops,All food crops,381130.1,381.13,138640.5,6.53,6,1.08,0.15,12
Sabah,Sabah,2021,all_food_crops,All food crops,338825.0,338.82,81883.6,5.8,7,0.62,0.14,12
Selangor,Selangor,2021,all_food_crops,All food crops,337032.4,337.03,53176.5,5.77,8,2.43,0.35,12
Perlis,Perlis,2021,all_food_crops,All food crops,267635.5,267.64,62766.7,4.58,9,1.41,0.28,12
Pulau Pinang,Penang,2021,all_food_crops,All food crops,172292.4,172.29,27811.0,2.95,10,1.14,0.24,12
Terengganu,Terengganu,2021,all_food_crops,All food crops,158036.3,158.04,31087.5,2.71,11,2.24,0.24,12
Negeri Sembilan,Negeri Sembilan,2021,all_food_crops,All food crops,115567.6,115.57,10816.1,1.98,12,1.58,0.24,12
Melaka,Melaka,2021,all_food_crops,All food crops,54923.5,54.92,9349.8,0.94,13,1.41,0.21,12
W.P. Labuan,Labuan,2021,all_food_crops,All food crops,1235.2,1.24,231.4,0.02,14,1.37,0.18,12
W.P. Kuala Lumpur,Kuala Lumpur,2021,all_food_crops,All food crops,0.0,0.0,0.0,0.0,15,1.29,0.22,12
Johor,Johor,2021,coconut,Coconut,118278.2,118.28,12380.5,21.22,1,1.8,0.31,12
Selangor,Selangor,2021,coconut,Coconut,107558.9,107.56,9119.7,19.3,2,2.43,0.35,12
Perak,Perak,2021,coconut,Coconut,81288.4,81.29,7568.2,14.58,3,1.82,0.27,12
Kelantan,Kelantan,2021,coconut,Coconut,76673.8,76.67,10340.3,13.76,4,2.12,0.25,12
Sabah,Sabah,2021,coconut,Coconut,59214.8,59.21,18257.7,10.62,5,0.62,0.14,12
Pahang,Pahang,2021,coconut,Coconut,28180.5,28.18,3433.0,5.06,6,2.22,0.27,12
Sarawak,Sarawak,2021,coconut,Coconut,24139.1,24.14,11947.8,4.33,7,1.08,0.15,12
Terengganu,Terengganu,2021,coconut,Coconut,20120.7,20.12,2359.8,3.61,8,2.24,0.24,12
Melaka,Melaka,2021,coconut,Coconut,14040.2,14.04,2189.3,2.52,9,1.41,0.21,12
Negeri Sembilan,Negeri Sembilan,2021,coconut,Coconut,13856.9,13.86,1500.5,2.49,10,1.58,0.24,12
Kedah,Kedah,2021,coconut,Coconut,10185.3,10.19,1854.4,1.83,11,1.25,0.26,12
Perlis,Perlis,2021,coconut,Coconut,3133.8,3.13,391.1,0.56,12,1.41,0.28,12
W.P. Labuan,Labuan,2021,coconut,Coconut,436.5,0.44,91.4,0.08,13,1.37,0.18,12
Pulau Pinang,Penang,2021,coconut,Coconut,246.5,0.25,35.7,0.04,14,1.14,0.24,12
W.P. Kuala Lumpur,Kuala Lumpur,2021,coconut,Coconut,0.0,0.0,0.0,0.0,15,1.29,0.22,12
Johor,Johor,2021,fruits,Fruits,631711.1,631.71,50231.6,37.45,1,1.8,0.31,12
Pahang,Pahang,2021,fruits,Fruits,244209.0,244.21,25679.1,14.48,2,2.22,0.27,12
Sarawak,Sarawak,2021,fruits,Fruits,145573.0,145.57,36814.1,8.63,3,1.08,0.15,12
Kelantan,Kelantan,2021,fruits,Fruits,145161.2,145.16,19759.7,8.61,4,2.12,0.25,12
Sabah,Sabah,2021,fruits,Fruits,123132.2,123.13,20301.3,7.3,5,0.62,0.14,12
Perak,Perak,2021,fruits,Fruits,121457.8,121.46,11439.3,7.2,6,1.82,0.27,12
Kedah,Kedah,2021,fruits,Fruits,73092.9,73.09,9733.8,4.33,7,1.25,0.26,12
Negeri Sembilan,Negeri Sembilan,2021,fruits,Fruits,68549.3,68.55,5572.0,4.06,8,1.58,0.24,12
Terengganu,Terengganu,2021,fruits,Fruits,49649.6,49.65,7652.9,2.94,9,2.24,0.24,12
Selangor,Selangor,2021,fruits,Fruits,35605.4,35.61,5288.1,2.11,10,2.43,0.35,12
Pulau Pinang,Penang,2021,fruits,Fruits,22688.1,22.69,2525.4,1.34,11,1.14,0.24,12
Melaka,Melaka,2021,fruits,Fruits,19133.9,19.13,2861.9,1.13,12,1.41,0.21,12
Perlis,Perlis,2021,fruits,Fruits,6575.4,6.58,1485.6,0.39,13,1.41,0.28,12
W.P. Labuan,Labuan,2021,fruits,Fruits,336.5,0.34,74.9,0.02,14,1.37,0.18,12
W.P. Kuala Lumpur,Kuala Lumpur,2021,fruits,Fruits,0.0,0.0,0.0,0.0,15,1.29,0.22,12
Sarawak,Sarawak,2021,herbs,Herbs,2947.6,2.95,643.6,31.56,1,1.08,0.15,12
Johor,Johor,2021,herbs,Herbs,2642.8,2.64,266.8,28.3,2,1.8,0.31,12
Perak,Perak,2021,herbs,Herbs,1305.6,1.31,422.8,13.98,3,1.82,0.27,12
Kelantan,Kelantan,2021,herbs,Herbs,709.7,0.71,133.5,7.6,4,2.12,0.25,12
Selangor,Selangor,2021,herbs,Herbs,513.2,0.51,82.7,5.49,5,2.43,0.35,12
Pahang,Pahang,2021,herbs,Herbs,396.8,0.4,220.5,4.25,6,2.22,0.27,12
Terengganu,Terengganu,2021,herbs,Herbs,333.9,0.33,113.4,3.57,7,2.24,0.24,12
Kedah,Kedah,2021,herbs,Herbs,319.7,0.32,103.5,3.42,8,1.25,0.26,12
Melaka,Melaka,2021,herbs,Herbs,61.7,0.06,5.3,0.66,9,1.41,0.21,12
Negeri Sembilan,Negeri Sembilan,2021,herbs,Herbs,53.7,0.05,15.6,0.57,10,1.58,0.24,12
Perlis,Perlis,2021,herbs,Herbs,52.8,0.05,8.4,0.57,11,1.41,0.28,12
Pulau Pinang,Penang,2021,herbs,Herbs,2.1,0.0,0.5,0.02,12,1.14,0.24,12
Sabah,Sabah,2021,herbs,Herbs,0.4,0.0,1.2,0.0,13,0.62,0.14,12
W.P. Kuala Lumpur,Kuala Lumpur,2021,herbs,Herbs,0.0,0.0,0.0,0.0,14,1.29,0.22,12
W.P. Labuan,Labuan,2021,herbs,Herbs,0.0,0.0,0.0,0.0,14,1.37,0.18,12
Kedah,Kedah,2021,paddy,Paddy,906692.0,906.69,214880.0,37.14,1,1.25,0.26,12
Kelantan,Kelantan,2021,paddy,Paddy,333868.0,333.87,74972.0,13.67,2,2.12,0.25,12
Perlis,Perlis,2021,paddy,Paddy,256034.0,256.03,60478.0,10.49,3,1.41,0.28,12
Perak,Perak,2021,paddy,Paddy,244397.0,244.4,74949.0,10.01,4,1.82,0.27,12
Selangor,Selangor,2021,paddy,Paddy,155631.0,155.63,35885.0,6.37,5,2.43,0.35,12
Sarawak,Sarawak,2021,paddy,Paddy,148903.0,148.9,83143.0,6.1,6,1.08,0.15,12
Pulau Pinang,Penang,2021,paddy,Paddy,136919.0,136.92,24210.0,5.61,7,1.14,0.24,12
Sabah,Sabah,2021,paddy,Paddy,112284.0,112.28,38732.0,4.6,8,0.62,0.14,12
Terengganu,Terengganu,2021,paddy,Paddy,72023.0,72.02,19601.0,2.95,9,2.24,0.24,12
Pahang,Pahang,2021,paddy,Paddy,50866.0,50.87,13639.0,2.08,10,2.22,0.27,12
Melaka,Melaka,2021,paddy,Paddy,10287.0,10.29,3462.0,0.42,11,1.41,0.21,12
Johor,Johor,2021,paddy,Paddy,9031.0,9.03,2505.0,0.37,12,1.8,0.31,12
Negeri Sembilan,Negeri Sembilan,2021,paddy,Paddy,4662.0,4.66,1480.0,0.19,13,1.58,0.24,12
W.P. Kuala Lumpur,Kuala Lumpur,2021,paddy,Paddy,0.0,0.0,0.0,0.0,14,1.29,0.22,12
W.P. Labuan,Labuan,2021,paddy,Paddy,0.0,0.0,0.0,0.0,14,1.37,0.18,12
Johor,Johor,2021,spices,Spices,18401.5,18.4,1645.5,34.05,1,1.8,0.31,12
Pahang,Pahang,2021,spices,Spices,8619.4,8.62,1044.8,15.95,2,2.22,0.27,12
Negeri Sembilan,Negeri Sembilan,2021,spices,Spices,7078.2,7.08,528.3,13.1,3,1.58,0.24,12
Kelantan,Kelantan,2021,spices,Spices,4428.4,4.43,532.7,8.19,4,2.12,0.25,12
Selangor,Selangor,2021,spices,Spices,3672.6,3.67,280.4,6.8,5,2.43,0.35,12
Perak,Perak,2021,spices,Spices,3668.7,3.67,387.7,6.79,6,1.82,0.27,12
Sarawak,Sarawak,2021,spices,Spices,2919.6,2.92,496.7,5.4,7,1.08,0.15,12
Sabah,Sabah,2021,spices,Spices,2744.8,2.74,430.5,5.08,8,0.62,0.14,12
Kedah,Kedah,2021,spices,Spices,965.3,0.97,351.6,1.79,9,1.25,0.26,12
Terengganu,Terengganu,2021,spices,Spices,797.0,0.8,175.1,1.47,10,2.24,0.24,12
Melaka,Melaka,2021,spices,Spices,460.2,0.46,62.1,0.85,11,1.41,0.21,12
Pulau Pinang,Penang,2021,spices,Spices,282.2,0.28,42.8,0.52,12,1.14,0.24,12
W.P. Kuala Lumpur,Kuala Lumpur,2021,spices,Spices,0.0,0.0,0.0,0.0,13,1.29,0.22,12
W.P. Labuan,Labuan,2021,spices,Spices,0.0,0.0,0.0,0.0,13,1.37,0.18,12
Perlis,Perlis,2021,spices,Spices,0.0,0.0,0.0,0.0,13,1.41,0.28,12
Pahang,Pahang,2021,vegetables,Vegetables,381530.1,381.53,18159.1,35.07,1,2.22,0.27,12
Johor,Johor,2021,vegetables,Vegetables,242213.7,242.21,17186.9,22.26,2,1.8,0.31,12
Kelantan,Kelantan,2021,vegetables,Vegetables,132052.7,132.05,4640.7,12.14,3,2.12,0.25,12
Perak,Perak,2021,vegetables,Vegetables,125308.4,125.31,7190.0,11.52,4,1.82,0.27,12
Sarawak,Sarawak,2021,vegetables,Vegetables,56647.8,56.65,5595.3,5.21,5,1.08,0.15,12
Sabah,Sabah,2021,vegetables,Vegetables,41448.8,41.45,4160.9,3.81,6,0.62,0.14,12
Selangor,Selangor,2021,vegetables,Vegetables,34051.3,34.05,2520.6,3.13,7,2.43,0.35,12
Negeri Sembilan,Negeri Sembilan,2021,vegetables,Vegetables,21367.5,21.37,1719.7,1.96,8,1.58,0.24,12
Terengganu,Terengganu,2021,vegetables,Vegetables,15112.1,15.11,1185.3,1.39,9,2.24,0.24,12
Kedah,Kedah,2021,vegetables,Vegetables,12909.6,12.91,1317.8,1.19,10,1.25,0.26,12
Pulau Pinang,Penang,2021,vegetables,Vegetables,12154.5,12.15,996.6,1.12,11,1.14,0.24,12
Melaka,Melaka,2021,vegetables,Vegetables,10940.5,10.94,769.2,1.01,12,1.41,0.21,12
Perlis,Perlis,2021,vegetables,Vegetables,1839.5,1.84,403.6,0.17,13,1.41,0.28,12
W.P. Labuan,Labuan,2021,vegetables,Vegetables,462.2,0.46,65.1,0.04,14,1.37,0.18,12
W.P. Kuala Lumpur,Kuala Lumpur,2021,vegetables,Vegetables,0.0,0.0,0.0,0.0,15,1.29,0.22,12
Johor,Johor,2022,all_food_crops,All food crops,1173189.5,1173.19,85275.3,19.75,1,6.15,0.56,12
Kedah,Kedah,2022,all_food_crops,All food crops,980959.4,980.96,226901.5,16.51,2,3.69,0.26,12
Pahang,Pahang,2022,all_food_crops,All food crops,817389.3,817.39,66624.5,13.76,3,4.94,0.49,12
Kelantan,Kelantan,2022,all_food_crops,All food crops,627807.4,627.81,112416.0,10.57,4,4.49,0.38,12
Perak,Perak,2022,all_food_crops,All food crops,580355.1,580.36,101501.2,9.77,5,5.39,0.48,12
Sarawak,Sarawak,2022,all_food_crops,All food crops,378752.1,378.75,132815.8,6.37,6,5.49,0.68,12
Selangor,Selangor,2022,all_food_crops,All food crops,342178.5,342.18,49717.0,5.76,7,7.32,0.67,12
Sabah,Sabah,2022,all_food_crops,All food crops,325386.4,325.39,81688.4,5.48,8,5.08,0.6,12
Perlis,Perlis,2022,all_food_crops,All food crops,248694.9,248.69,63879.7,4.19,9,4.9,0.34,12
Pulau Pinang,Penang,2022,all_food_crops,All food crops,155253.7,155.25,27482.4,2.61,10,6.02,0.53,12
Terengganu,Terengganu,2022,all_food_crops,All food crops,124473.4,124.47,29909.5,2.09,11,4.91,0.43,12
Negeri Sembilan,Negeri Sembilan,2022,all_food_crops,All food crops,113462.3,113.46,11063.5,1.91,12,4.78,0.49,12
Melaka,Melaka,2022,all_food_crops,All food crops,72532.2,72.53,12828.4,1.22,13,4.63,0.47,12
W.P. Labuan,Labuan,2022,all_food_crops,All food crops,1197.7,1.2,332.5,0.02,14,3.44,0.31,12
W.P. Kuala Lumpur,Kuala Lumpur,2022,all_food_crops,All food crops,0.0,0.0,0.0,0.0,15,5.05,0.49,12
Johor,Johor,2022,coconut,Coconut,124062.2,124.06,13269.8,20.53,1,6.15,0.56,12
Selangor,Selangor,2022,coconut,Coconut,110783.8,110.78,9526.4,18.33,2,7.32,0.67,12
Perak,Perak,2022,coconut,Coconut,88291.6,88.29,7727.7,14.61,3,5.39,0.48,12
Kelantan,Kelantan,2022,coconut,Coconut,77467.0,77.47,11435.6,12.82,4,4.49,0.38,12
Sabah,Sabah,2022,coconut,Coconut,61517.9,61.52,18631.8,10.18,5,5.08,0.6,12
Kedah,Kedah,2022,coconut,Coconut,31787.5,31.79,1773.7,5.26,6,3.69,0.26,12
Pahang,Pahang,2022,coconut,Coconut,27270.0,27.27,2899.7,4.51,7,4.94,0.49,12
Sarawak,Sarawak,2022,coconut,Coconut,24522.3,24.52,12100.3,4.06,8,5.49,0.68,12
Melaka,Melaka,2022,coconut,Coconut,20659.9,20.66,3013.8,3.42,9,4.63,0.47,12
Terengganu,Terengganu,2022,coconut,Coconut,18248.3,18.25,2406.5,3.02,10,4.91,0.43,12
Negeri Sembilan,Negeri Sembilan,2022,coconut,Coconut,14521.2,14.52,1491.2,2.4,11,4.78,0.49,12
Perlis,Perlis,2022,coconut,Coconut,4813.9,4.81,575.7,0.8,12,4.9,0.34,12
W.P. Labuan,Labuan,2022,coconut,Coconut,405.1,0.41,71.3,0.07,13,3.44,0.31,12
Pulau Pinang,Penang,2022,coconut,Coconut,77.8,0.08,12.3,0.01,14,6.02,0.53,12
W.P. Kuala Lumpur,Kuala Lumpur,2022,coconut,Coconut,0.0,0.0,0.0,0.0,15,5.05,0.49,12
Johor,Johor,2022,fruits,Fruits,772317.4,772.32,50217.0,42.25,1,6.15,0.56,12
Pahang,Pahang,2022,fruits,Fruits,271797.9,271.8,27331.1,14.87,2,4.94,0.49,12
Sarawak,Sarawak,2022,fruits,Fruits,147922.3,147.92,36397.5,8.09,3,5.49,0.68,12
Kelantan,Kelantan,2022,fruits,Fruits,134277.4,134.28,21326.5,7.35,4,4.49,0.38,12
Sabah,Sabah,2022,fruits,Fruits,106700.0,106.7,20922.2,5.84,5,5.08,0.6,12
Perak,Perak,2022,fruits,Fruits,101488.2,101.49,11588.7,5.55,6,5.39,0.48,12
Kedah,Kedah,2022,fruits,Fruits,96009.6,96.01,9762.2,5.25,7,3.69,0.26,12
Negeri Sembilan,Negeri Sembilan,2022,fruits,Fruits,68198.9,68.2,6107.7,3.73,8,4.78,0.49,12
Selangor,Selangor,2022,fruits,Fruits,41376.1,41.38,1971.6,2.26,9,7.32,0.67,12
Melaka,Melaka,2022,fruits,Fruits,28518.7,28.52,5631.5,1.56,10,4.63,0.47,12
Terengganu,Terengganu,2022,fruits,Fruits,27278.9,27.28,7184.4,1.49,11,4.91,0.43,12
Pulau Pinang,Penang,2022,fruits,Fruits,23911.1,23.91,2536.7,1.31,12,6.02,0.53,12
Perlis,Perlis,2022,fruits,Fruits,7744.2,7.74,2266.3,0.42,13,4.9,0.34,12
W.P. Labuan,Labuan,2022,fruits,Fruits,451.8,0.45,187.8,0.02,14,3.44,0.31,12
W.P. Kuala Lumpur,Kuala Lumpur,2022,fruits,Fruits,0.0,0.0,0.0,0.0,15,5.05,0.49,12
Sarawak,Sarawak,2022,herbs,Herbs,2981.2,2.98,637.9,29.96,1,5.49,0.68,12
Johor,Johor,2022,herbs,Herbs,2722.4,2.72,256.2,27.36,2,6.15,0.56,12
Perak,Perak,2022,herbs,Herbs,1096.7,1.1,457.9,11.02,3,5.39,0.48,12
Pahang,Pahang,2022,herbs,Herbs,923.1,0.92,164.3,9.28,4,4.94,0.49,12
Kelantan,Kelantan,2022,herbs,Herbs,786.4,0.79,161.8,7.9,5,4.49,0.38,12
Selangor,Selangor,2022,herbs,Herbs,758.2,0.76,82.8,7.62,6,7.32,0.67,12
Kedah,Kedah,2022,herbs,Herbs,282.7,0.28,176.5,2.84,7,3.69,0.26,12
Terengganu,Terengganu,2022,herbs,Herbs,226.6,0.23,124.4,2.28,8,4.91,0.43,12
Negeri Sembilan,Negeri Sembilan,2022,herbs,Herbs,104.7,0.1,18.2,1.05,9,4.78,0.49,12
Melaka,Melaka,2022,herbs,Herbs,59.3,0.06,14.4,0.6,10,4.63,0.47,12
Perlis,Perlis,2022,herbs,Herbs,5.7,0.01,6.8,0.06,11,4.9,0.34,12
Pulau Pinang,Penang,2022,herbs,Herbs,4.3,0.0,0.7,0.04,12,6.02,0.53,12
W.P. Kuala Lumpur,Kuala Lumpur,2022,herbs,Herbs,0.0,0.0,0.0,0.0,13,5.05,0.49,12
W.P. Labuan,Labuan,2022,herbs,Herbs,0.0,0.0,0.0,0.0,13,3.44,0.31,12
Sabah,Sabah,2022,herbs,Herbs,0.0,0.0,6.2,0.0,13,5.08,0.6,12
Kedah,Kedah,2022,paddy,Paddy,834901.0,834.9,213718.0,36.59,1,3.69,0.26,12
Kelantan,Kelantan,2022,paddy,Paddy,272633.0,272.63,74017.0,11.95,2,4.49,0.38,12
Perak,Perak,2022,paddy,Paddy,269790.0,269.79,74594.0,11.82,3,5.39,0.48,12
Perlis,Perlis,2022,paddy,Paddy,233781.0,233.78,60470.0,10.25,4,4.9,0.34,12
Selangor,Selangor,2022,paddy,Paddy,153492.0,153.49,35539.0,6.73,5,7.32,0.67,12
Sarawak,Sarawak,2022,paddy,Paddy,147272.0,147.27,77943.0,6.45,6,5.49,0.68,12
Pulau Pinang,Penang,2022,paddy,Paddy,122321.0,122.32,24210.0,5.36,7,6.02,0.53,12
Sabah,Sabah,2022,paddy,Paddy,107565.0,107.56,37323.0,4.71,8,5.08,0.6,12
Terengganu,Terengganu,2022,paddy,Paddy,62712.0,62.71,18957.0,2.75,9,4.91,0.43,12
Pahang,Pahang,2022,paddy,Paddy,51185.0,51.18,13757.0,2.24,10,4.94,0.49,12
Johor,Johor,2022,paddy,Paddy,10832.0,10.83,2776.0,0.47,11,6.15,0.56,12
Melaka,Melaka,2022,paddy,Paddy,10314.0,10.31,3318.0,0.45,12,4.63,0.47,12
Negeri Sembilan,Negeri Sembilan,2022,paddy,Paddy,4941.0,4.94,1313.0,0.22,13,4.78,0.49,12
W.P. Kuala Lumpur,Kuala Lumpur,2022,paddy,Paddy,0.0,0.0,0.0,0.0,14,5.05,0.49,12
W.P. Labuan,Labuan,2022,paddy,Paddy,0.0,0.0,0.0,0.0,14,3.44,0.31,12
Johor,Johor,2022,spices,Spices,17925.1,17.93,1568.0,33.36,1,6.15,0.56,12
Pahang,Pahang,2022,spices,Spices,10571.9,10.57,1081.2,19.68,2,4.94,0.49,12
Kelantan,Kelantan,2022,spices,Spices,4730.9,4.73,583.0,8.81,3,4.49,0.38,12
Negeri Sembilan,Negeri Sembilan,2022,spices,Spices,4674.0,4.67,341.9,8.7,4,4.78,0.49,12
Perak,Perak,2022,spices,Spices,2923.1,2.92,430.5,5.44,5,5.39,0.48,12
Sabah,Sabah,2022,spices,Spices,2921.6,2.92,452.1,5.44,6,5.08,0.6,12
Selangor,Selangor,2022,spices,Spices,2871.7,2.87,231.8,5.34,7,7.32,0.67,12
Sarawak,Sarawak,2022,spices,Spices,2863.1,2.86,481.8,5.33,8,5.49,0.68,12
Kedah,Kedah,2022,spices,Spices,2166.5,2.17,419.9,4.03,9,3.69,0.26,12
Terengganu,Terengganu,2022,spices,Spices,955.0,0.96,167.9,1.78,10,4.91,0.43,12
Melaka,Melaka,2022,spices,Spices,798.9,0.8,102.2,1.49,11,4.63,0.47,12
Pulau Pinang,Penang,2022,spices,Spices,285.6,0.29,35.6,0.53,12,6.02,0.53,12
Perlis,Perlis,2022,spices,Spices,40.1,0.04,18.0,0.07,13,4.9,0.34,12
W.P. Kuala Lumpur,Kuala Lumpur,2022,spices,Spices,0.0,0.0,0.0,0.0,14,5.05,0.49,12
W.P. Labuan,Labuan,2022,spices,Spices,0.0,0.0,0.0,0.0,14,3.44,0.31,12
Pahang,Pahang,2022,vegetables,Vegetables,455641.4,455.64,21391.2,39.15,1,4.94,0.49,12
Johor,Johor,2022,vegetables,Vegetables,245330.4,245.33,17188.3,21.08,2,6.15,0.56,12
Kelantan,Kelantan,2022,vegetables,Vegetables,137912.7,137.91,4892.1,11.85,3,4.49,0.38,12
Perak,Perak,2022,vegetables,Vegetables,116765.5,116.77,6702.4,10.03,4,5.39,0.48,12
Sarawak,Sarawak,2022,vegetables,Vegetables,53191.2,53.19,5255.3,4.57,5,5.49,0.68,12
Sabah,Sabah,2022,vegetables,Vegetables,46681.9,46.68,4353.1,4.01,6,5.08,0.6,12
Selangor,Selangor,2022,vegetables,Vegetables,32896.7,32.9,2365.4,2.83,7,7.32,0.67,12
Negeri Sembilan,Negeri Sembilan,2022,vegetables,Vegetables,21022.5,21.02,1791.5,1.81,8,4.78,0.49,12
Kedah,Kedah,2022,vegetables,Vegetables,15812.1,15.81,1051.2,1.36,9,3.69,0.26,12
Terengganu,Terengganu,2022,vegetables,Vegetables,15052.6,15.05,1069.3,1.29,10,4.91,0.43,12
Melaka,Melaka,2022,vegetables,Vegetables,12181.4,12.18,748.5,1.05,11,4.63,0.47,12
Pulau Pinang,Penang,2022,vegetables,Vegetables,8653.9,8.65,687.1,0.74,12,6.02,0.53,12
Perlis,Perlis,2022,vegetables,Vegetables,2310.0,2.31,542.9,0.2,13,4.9,0.34,12
W.P. Labuan,Labuan,2022,vegetables,Vegetables,340.8,0.34,73.4,0.03,14,3.44,0.31,12
W.P. Kuala Lumpur,Kuala Lumpur,2022,vegetables,Vegetables,0.0,0.0,0.0,0.0,15,5.05,0.49,12
