state,state_display,map_state,year,date,crop_type,crop_group,crop_order,planted_area,production,production_thousand_tonnes,total_production_for_crop_year,production_share_percent,production_rank
Kedah,Kedah,Kedah,2017,2017-01-01,all_food_crops,All food crops,0,229074.6,1013541.3,1013.5413000000001,5656438.7,17.918364429548227,1
Johor,Johor,Johor,2017,2017-01-01,all_food_crops,All food crops,0,95216.0,940681.8,940.6818000000001,5656438.7,16.63028364472508,2
Pahang,Pahang,Pahang,2017,2017-01-01,all_food_crops,All food crops,0,70501.6,635911.6000000001,635.9116000000001,5656438.7,11.242260965366778,3
Perak,Perak,Perak,2017,2017-01-01,all_food_crops,All food crops,0,108816.20000000001,595192.4,595.1924,5656438.7,10.522387522735817,4
Kelantan,Kelantan,Kelantan,2017,2017-01-01,all_food_crops,All food crops,0,103449.4,579652.2,579.6522,5656438.7,10.247652820846444,5
Sarawak,Sarawak,Sarawak,2017,2017-01-01,all_food_crops,All food crops,0,174857.3,486066.39999999997,486.0664,5656438.7,8.593152437062562,6
Selangor,Selangor,Selangor,2017,2017-01-01,all_food_crops,All food crops,0,50767.700000000004,332171.10000000003,332.1711,5656438.7,5.872442319581754,7
Sabah,Sabah,Sabah,2017,2017-01-01,all_food_crops,All food crops,0,81288.0,315199.3,315.1993,5656438.7,5.5723984067925985,8
Perlis,Perlis,Perlis,2017,2017-01-01,all_food_crops,All food crops,0,56153.3,263221.3,263.2213,5656438.7,4.653480996797508,9
Pulau Pinang,Penang,Penang,2017,2017-01-01,all_food_crops,All food crops,0,29003.0,175020.0,175.02,5656438.7,3.094173017379292,10
Terengganu,Terengganu,Terengganu,2017,2017-01-01,all_food_crops,All food crops,0,28982.800000000003,153257.80000000002,153.25780000000003,5656438.7,2.7094397752423274,11
Negeri Sembilan,Negeri Sembilan,Negeri Sembilan,2017,2017-01-01,all_food_crops,All food crops,0,11282.599999999999,92125.4,92.1254,5656438.7,1.628682018599441,12
Melaka,Melaka,Melaka,2017,2017-01-01,all_food_crops,All food crops,0,10015.8,73102.1,73.10210000000001,5656438.7,1.2923697025126428,13
W.P. Labuan,Labuan,Labuan,2017,2017-01-01,all_food_crops,All food crops,0,409.8,1296.0,1.296,5656438.7,0.022911942809527838,14
W.P. Kuala Lumpur,Kuala Lumpur,Kuala Lumpur,2017,2017-01-01,all_food_crops,All food crops,0,0.0,0.0,0.0,5656438.7,0.0,15
Kedah,Kedah,Kedah,2018,2018-01-01,all_food_crops,All food crops,0,229544.8,1048183.4,1048.1834000000001,5739083.4,18.26395134804976,1
Johor,Johor,Johor,2018,2018-01-01,all_food_crops,All food crops,0,78469.3,885289.3,885.2893,5739083.4,15.425621798770168,2
Pahang,Pahang,Pahang,2018,2018-01-01,all_food_crops,All food crops,0,61295.3,659058.6,659.0586,5739083.4,11.483690932248866,3
Kelantan,Kelantan,Kelantan,2018,2018-01-01,all_food_crops,All food crops,0,107584.79999999999,657010.4,657.0104,5739083.4,11.448002306431023,4
Perak,Perak,Perak,2018,2018-01-01,all_food_crops,All food crops,0,108474.0,575635.9,575.6359,5739083.4,10.030101670939299,5
Sarawak,Sarawak,Sarawak,2018,2018-01-01,all_food_crops,All food crops,0,191436.9,485796.49999999994,485.7964999999999,5739083.4,8.464705356956477,6
Selangor,Selangor,Selangor,2018,2018-01-01,all_food_crops,All food crops,0,51557.200000000004,341165.0,341.165,5739083.4,5.94459038528696,7
Sabah,Sabah,Sabah,2018,2018-01-01,all_food_crops,All food crops,0,82250.8,325966.4,325.9664,5739083.4,5.679764124006283,8
Perlis,Perlis,Perlis,2018,2018-01-01,all_food_crops,All food crops,0,55834.5,269695.89999999997,269.69589999999994,5739083.4,4.6992852552029465,9
Terengganu,Terengganu,Terengganu,2018,2018-01-01,all_food_crops,All food crops,0,31086.5,163895.4,163.8954,5739083.4,2.8557765862053857,10
Pulau Pinang,Penang,Penang,2018,2018-01-01,all_food_crops,All food crops,0,29017.5,163032.30000000002,163.03230000000002,5739083.4,2.840737599317689,11
Negeri Sembilan,Negeri Sembilan,Negeri Sembilan,2018,2018-01-01,all_food_crops,All food crops,0,10696.6,100406.8,100.4068,5739083.4,1.7495267624094817,12
Melaka,Melaka,Melaka,2018,2018-01-01,all_food_crops,All food crops,0,9628.2,62685.100000000006,62.685100000000006,5739083.4,1.0922493302676173,13
W.P. Labuan,Labuan,Labuan,2018,2018-01-01,all_food_crops,All food crops,0,401.20000000000005,1262.3999999999999,1.2624,5739083.4,0.021996543908039387,14
W.P. Kuala Lumpur,Kuala Lumpur,Kuala Lumpur,2018,2018-01-01,all_food_crops,All food crops,0,0.0,0.0,0.0,5739083.4,0.0,15
Kedah,Kedah,Kedah,2019,2019-01-01,all_food_crops,All food crops,0,228844.1,954158.2,954.1582,5531450.5,17.24969246312518,1
Johor,Johor,Johor,2019,2019-01-01,all_food_crops,All food crops,0,71333.1,870078.9,870.0789,5531450.5,15.729669821686013,2
Kelantan,Kelantan,Kelantan,2019,2019-01-01,all_food_crops,All food crops,0,106136.5,623173.5,623.1735,5531450.5,11.266005182546603,3
Pahang,Pahang,Pahang,2019,2019-01-01,all_food_crops,All food crops,0,56370.0,605461.2,605.4612,5531450.5,10.945794416853227,4
Perak,Perak,Perak,2019,2019-01-01,all_food_crops,All food crops,0,107977.20000000001,574376.0,574.376,5531450.5,10.383822471158334,5
Sarawak,Sarawak,Sarawak,2019,2019-01-01,all_food_crops,All food crops,0,164660.8,497132.0,497.132,5531450.5,8.98737139562218,6
Selangor,Selangor,Selangor,2019,2019-01-01,all_food_crops,All food crops,0,56892.600000000006,347481.6,347.48159999999996,5531450.5,6.2819255094120425,7
Sabah,Sabah,Sabah,2019,2019-01-01,all_food_crops,All food crops,0,84001.09999999999,344347.6,344.3476,5531450.5,6.225267676172823,8
Perlis,Perlis,Perlis,2019,2019-01-01,all_food_crops,All food crops,0,55261.6,226195.1,226.1951,5531450.5,4.08925470814572,9
Pulau Pinang,Penang,Penang,2019,2019-01-01,all_food_crops,All food crops,0,29114.399999999998,163620.6,163.6206,5531450.5,2.9580053188580466,10
Terengganu,Terengganu,Terengganu,2019,2019-01-01,all_food_crops,All food crops,0,32450.199999999997,161433.2,161.4332,5531450.5,2.918460537611247,11
Negeri Sembilan,Negeri Sembilan,Negeri Sembilan,2019,2019-01-01,all_food_crops,All food crops,0,10787.0,113031.2,113.0312,5531450.5,2.0434278495306066,12
Melaka,Melaka,Melaka,2019,2019-01-01,all_food_crops,All food crops,0,9101.300000000001,49734.2,49.734199999999994,5531450.5,0.8991167868174903,13
W.P. Labuan,Labuan,Labuan,2019,2019-01-01,all_food_crops,All food crops,0,326.9,1227.2,1.2272,5531450.5,0.022185862460488436,14
W.P. Kuala Lumpur,Kuala Lumpur,Kuala Lumpur,2019,2019-01-01,all_food_crops,All food crops,0,0.0,0.0,0.0,5531450.5,0.0,15
Kedah,Kedah,Kedah,2020,2020-01-01,all_food_crops,All food crops,0,229987.8,1000215.0,1000.215,5559540.2,17.990966231344093,1
Johor,Johor,Johor,2020,2020-01-01,all_food_crops,All food crops,0,75447.3,898282.7999999999,898.2828,5559540.2,16.15750165814072,2
Kelantan,Kelantan,Kelantan,2020,2020-01-01,all_food_crops,All food crops,0,110014.5,661122.7,661.1227,5559540.2,11.891679459391263,3
Pahang,Pahang,Pahang,2020,2020-01-01,all_food_crops,All food crops,0,56921.0,638687.8999999999,638.6878999999999,5559540.2,11.488142490632587,4
Perak,Perak,Perak,2020,2020-01-01,all_food_crops,All food crops,0,102083.4,526920.9,526.9209000000001,5559540.2,9.477778396134271,5
Sarawak,Sarawak,Sarawak,2020,2020-01-01,all_food_crops,All food crops,0,146948.09999999998,461354.39999999997,461.35439999999994,5559540.2,8.298427269219133,6
Sabah,Sabah,Sabah,2020,2020-01-01,all_food_crops,All food crops,0,81661.3,344443.0,344.443,5559540.2,6.195530342599195,7
Selangor,Selangor,Selangor,2020,2020-01-01,all_food_crops,All food crops,0,51024.9,332850.9,332.8509,5559540.2,5.987022092222663,8
Perlis,Perlis,Perlis,2020,2020-01-01,all_food_crops,All food crops,0,54224.2,217310.0,217.31,5559540.2,3.908776484789156,9
Pulau Pinang,Penang,Penang,2020,2020-01-01,all_food_crops,All food crops,0,27718.0,156196.80000000002,156.19680000000002,5559540.2,2.809527305873245,10
Terengganu,Terengganu,Terengganu,2020,2020-01-01,all_food_crops,All food crops,0,32340.899999999998,137248.5,137.2485,5559540.2,2.4687023577957037,11
Negeri Sembilan,Negeri Sembilan,Negeri Sembilan,2020,2020-01-01,all_food_crops,All food crops,0,10893.7,117142.29999999999,117.14229999999999,5559540.2,2.1070501477802064,12
Melaka,Melaka,Melaka,2020,2020-01-01,all_food_crops,All food crops,0,11911.5,66616.3,66.61630000000001,5559540.2,1.198233983450646,13
W.P. Labuan,Labuan,Labuan,2020,2020-01-01,all_food_crops,All food crops,0,191.9,1148.6999999999998,1.1486999999999998,5559540.2,0.02066178062711013,14
W.P. Kuala Lumpur,Kuala Lumpur,Kuala Lumpur,2020,2020-01-01,all_food_crops,All food crops,0,0.0,0.0,0.0,5559540.2,0.0,15
Johor,Johor,Johor,2021,2021-01-01,all_food_crops,All food crops,0,84216.3,1022278.2999999999,1022.2783,5837242.600000001,17.513034322061582,1
Kedah,Kedah,Kedah,2021,2021-01-01,all_food_crops,All food crops,0,228241.1,1004164.8,1004.1648,5837242.600000001,17.202725136008564,2
Pahang,Pahang,Pahang,2021,2021-01-01,all_food_crops,All food crops,0,62175.5,713801.8,713.8018000000001,5837242.600000001,12.22840729628061,3
Kelantan,Kelantan,Kelantan,2021,2021-01-01,all_food_crops,All food crops,0,110378.9,692893.8,692.8938,5837242.600000001,11.870224478934626,4
Perak,Perak,Perak,2021,2021-01-01,all_food_crops,All food crops,0,101957.0,577425.9,577.4259000000001,5837242.600000001,9.892100424265388,5
Sarawak,Sarawak,Sarawak,2021,2021-01-01,all_food_crops,All food crops,0,138640.5,381130.10000000003,381.1301,5837242.600000001,6.529283192718426,6
Sabah,Sabah,Sabah,2021,2021-01-01,all_food_crops,All food crops,0,81883.59999999999,338825.0,338.825,5837242.600000001,5.8045386018391625,7
Selangor,Selangor,Selangor,2021,2021-01-01,all_food_crops,All food crops,0,53176.5,337032.4,337.0324,5837242.600000001,5.77382889654098,8
Perlis,Perlis,Perlis,2021,2021-01-01,all_food_crops,All food crops,0,62766.7,267635.5,267.6355,5837242.600000001,4.584964483059176,9
Pulau Pinang,Penang,Penang,2021,2021-01-01,all_food_crops,All food crops,0,27811.0,172292.40000000002,172.29240000000001,5837242.600000001,2.9516059517553717,10
Terengganu,Terengganu,Terengganu,2021,2021-01-01,all_food_crops,All food crops,0,31087.5,158036.3,158.03629999999998,5837242.600000001,2.707379336949264,11
Negeri Sembilan,Negeri Sembilan,Negeri Sembilan,2021,2021-01-01,all_food_crops,All food crops,0,10816.1,115567.6,115.5676,5837242.600000001,1.9798320528942894,12
Melaka,Melaka,Melaka,2021,2021-01-01,all_food_crops,All food crops,0,9349.800000000001,54923.5,54.9235,5837242.600000001,0.9409151505883959,13
W.P. Labuan,Labuan,Labuan,2021,2021-01-01,all_food_crops,All food crops,0,231.4,1235.2,1.2352,5837242.600000001,0.021160676104159178,14
W.P. Kuala Lumpur,Kuala Lumpur,Kuala Lumpur,2021,2021-01-01,all_food_crops,All food crops,0,0.0,0.0,0.0,5837242.600000001,0.0,15
Johor,Johor,Johor,2022,2022-01-01,all_food_crops,All food crops,0,85275.3,1173189.5,1173.1895,5941631.9,19.745240360649067,1
Kedah,Kedah,Kedah,2022,2022-01-01,all_food_crops,All food crops,0,226901.5,980959.4,980.9594000000001,5941631.9,16.50993222922477,2
Pahang,Pahang,Pahang,2022,2022-01-01,all_food_crops,All food crops,0,66624.5,817389.3,817.3893,5941631.9,13.756983161477908,3
Kelantan,Kelantan,Kelantan,2022,2022-01-01,all_food_crops,All food crops,0,112416.0,627807.4,627.8074,5941631.9,10.566245276823695,4
Perak,Perak,Perak,2022,2022-01-01,all_food_crops,All food crops,0,101501.2,580355.1,580.3551,5941631.9,9.767604418577326,5
Sarawak,Sarawak,Sarawak,2022,2022-01-01,all_food_crops,All food crops,0,132815.80000000002,378752.1,378.7521,5941631.9,6.374546696506054,6
Selangor,Selangor,Selangor,2022,2022-01-01,all_food_crops,All food crops,0,49717.0,342178.5,342.1785,5941631.9,5.758998634701689,7
Sabah,Sabah,Sabah,2022,2022-01-01,all_food_crops,All food crops,0,81688.4,325386.4,325.38640000000004,5941631.9,5.476380992232118,8
Perlis,Perlis,Perlis,2022,2022-01-01,all_food_crops,All food crops,0,63879.700000000004,248694.9,248.6949,5941631.9,4.185632906676699,9
Pulau Pinang,Penang,Penang,2022,2022-01-01,all_food_crops,All food crops,0,27482.4,155253.7,155.2537,5941631.9,2.61298078731535,10
Terengganu,Terengganu,Terengganu,2022,2022-01-01,all_food_crops,All food crops,0,29909.5,124473.40000000001,124.47340000000001,5941631.9,2.094936241338007,11
Negeri Sembilan,Negeri Sembilan,Negeri Sembilan,2022,2022-01-01,all_food_crops,All food crops,0,11063.5,113462.29999999999,113.46229999999998,5941631.9,1.9096151008614313,12
Melaka,Melaka,Melaka,2022,2022-01-01,all_food_crops,All food crops,0,12828.4,72532.2,72.5322,5941631.9,1.2207454319073516,13
W.P. Labuan,Labuan,Labuan,2022,2022-01-01,all_food_crops,All food crops,0,332.5,1197.7,1.1977,5941631.9,0.02015776170852994,14
W.P. Kuala Lumpur,Kuala Lumpur,Kuala Lumpur,2022,2022-01-01,all_food_crops,All food crops,0,0.0,0.0,0.0,5941631.9,0.0,15
Kedah,Kedah,Kedah,2017,2017-01-01,paddy,Paddy,1,214585.0,939308.0,939.308,2570513.0,36.54165530382457,1
Kelantan,Kelantan,Kelantan,2017,2017-01-01,paddy,Paddy,1,74531.0,309582.0,309.582,2570513.0,12.043588186482621,2
Perak,Perak,Perak,2017,2017-01-01,paddy,Paddy,1,81284.0,293715.0,293.715,2570513.0,11.426318404147343,3
Sarawak,Sarawak,Sarawak,2017,2017-01-01,paddy,Paddy,1,120713.0,246305.0,246.305,2570513.0,9.581939480562829,4
Perlis,Perlis,Perlis,2017,2017-01-01,paddy,Paddy,1,51531.0,231328.0,231.328,2570513.0,8.999293137206465,5
Selangor,Selangor,Selangor,2017,2017-01-01,paddy,Paddy,1,36708.0,165571.0,165.571,2570513.0,6.441165635030828,6
Pulau Pinang,Penang,Penang,2017,2017-01-01,paddy,Paddy,1,25564.0,146660.0,146.66,2570513.0,5.705475910839588,7
Sabah,Sabah,Sabah,2017,2017-01-01,paddy,Paddy,1,42157.0,110936.0,110.936,2570513.0,4.3157144118703155,8
Terengganu,Terengganu,Terengganu,2017,2017-01-01,paddy,Paddy,1,16919.0,67715.0,67.715,2570513.0,2.634299067929242,9
Pahang,Pahang,Pahang,2017,2017-01-01,paddy,Paddy,1,13006.0,28434.0,28.434,2570513.0,1.1061605212655996,10
Melaka,Melaka,Melaka,2017,2017-01-01,paddy,Paddy,1,3510.0,12135.0,12.135,2570513.0,0.47208475506640113,11
Negeri Sembilan,Negeri Sembilan,Negeri Sembilan,2017,2017-01-01,paddy,Paddy,1,2040.0,10261.0,10.261,2570513.0,0.3991810195085573,12
Johor,Johor,Johor,2017,2017-01-01,paddy,Paddy,1,3000.0,8563.0,8.563,2570513.0,0.3331241662656443,13
W.P. Kuala Lumpur,Kuala Lumpur,Kuala Lumpur,2017,2017-01-01,paddy,Paddy,1,0.0,0.0,0.0,2570513.0,0.0,14
W.P. Labuan,Labuan,Labuan,2017,2017-01-01,paddy,Paddy,1,0.0,0.0,0.0,2570513.0,0.0,14
Kedah,Kedah,Kedah,2018,2018-01-01,paddy,Paddy,1,214592.0,955662.0,955.662,2639202.0,36.210263556938806,1
Kelantan,Kelantan,Kelantan,2018,2018-01-01,paddy,Paddy,1,74149.0,319774.0,319.774,2639202.0,12.116313946412589,2
Perak,Perak,Perak,2018,2018-01-01,paddy,Paddy,1,81699.0,292063.0,292.063,2639202.0,11.066337476252292,3
Sarawak,Sarawak,Sarawak,2018,2018-01-01,paddy,Paddy,1,135426.0,265358.0,265.358,2639202.0,10.054478588603677,4
Perlis,Perlis,Perlis,2018,2018-01-01,paddy,Paddy,1,51612.0,240615.0,240.615,2639202.0,9.116960353925164,5
Selangor,Selangor,Selangor,2018,2018-01-01,paddy,Paddy,1,36868.0,174432.0,174.432,2639202.0,6.609270529500963,6
Pulau Pinang,Penang,Penang,2018,2018-01-01,paddy,Paddy,1,25564.0,133636.0,133.636,2639202.0,5.063500255001322,7
Sabah,Sabah,Sabah,2018,2018-01-01,paddy,Paddy,1,42442.0,122390.0,122.39,2639202.0,4.637386603981051,8
Terengganu,Terengganu,Terengganu,2018,2018-01-01,paddy,Paddy,1,17431.0,74335.0,74.335,2639202.0,2.816571069588459,9
Pahang,Pahang,Pahang,2018,2018-01-01,paddy,Paddy,1,12300.0,34657.0,34.657,2639202.0,1.3131620845998146,10
Johor,Johor,Johor,2018,2018-01-01,paddy,Paddy,1,2866.0,9424.0,9.424,2639202.0,0.35707763179930907,11
Melaka,Melaka,Melaka,2018,2018-01-01,paddy,Paddy,1,3135.0,9352.0,9.352,2639202.0,0.354349534442608,12
Negeri Sembilan,Negeri Sembilan,Negeri Sembilan,2018,2018-01-01,paddy,Paddy,1,1896.0,7504.0,7.504,2639202.0,0.284328368953949,13
W.P. Kuala Lumpur,Kuala Lumpur,Kuala Lumpur,2018,2018-01-01,paddy,Paddy,1,0.0,0.0,0.0,2639202.0,0.0,14
W.P. Labuan,Labuan,Labuan,2018,2018-01-01,paddy,Paddy,1,0.0,0.0,0.0,2639202.0,0.0,14
Kedah,Kedah,Kedah,2019,2019-01-01,paddy,Paddy,1,214252.0,859018.0,859.018,2352870.0,36.509369408424604,1
Kelantan,Kelantan,Kelantan,2019,2019-01-01,paddy,Paddy,1,71240.0,268831.0,268.831,2352870.0,11.425663126309571,2
Perak,Perak,Perak,2019,2019-01-01,paddy,Paddy,1,81380.0,257605.0,257.605,2352870.0,10.948543693446727,3
Sarawak,Sarawak,Sarawak,2019,2019-01-01,paddy,Paddy,1,109261.0,215491.0,215.491,2352870.0,9.158644548997607,4
Perlis,Perlis,Perlis,2019,2019-01-01,paddy,Paddy,1,51612.0,209828.0,209.828,2352870.0,8.91795976828299,5
Selangor,Selangor,Selangor,2019,2019-01-01,paddy,Paddy,1,36602.0,174088.0,174.088,2352870.0,7.398963818655514,6
Pulau Pinang,Penang,Penang,2019,2019-01-01,paddy,Paddy,1,25564.0,128127.0,128.127,2352870.0,5.445562228257405,7
Sabah,Sabah,Sabah,2019,2019-01-01,paddy,Paddy,1,43546.0,112569.0,112.569,2352870.0,4.784327225898584,8
Terengganu,Terengganu,Terengganu,2019,2019-01-01,paddy,Paddy,1,18341.0,71382.0,71.382,2352870.0,3.033826773259891,9
Pahang,Pahang,Pahang,2019,2019-01-01,paddy,Paddy,1,12435.0,31234.0,31.234,2352870.0,1.3274851564259817,10
Melaka,Melaka,Melaka,2019,2019-01-01,paddy,Paddy,1,3360.0,9323.0,9.323,2352870.0,0.3962394862444589,11
Johor,Johor,Johor,2019,2019-01-01,paddy,Paddy,1,2555.0,7704.0,7.704,2352870.0,0.32742990475461886,12
Negeri Sembilan,Negeri Sembilan,Negeri Sembilan,2019,2019-01-01,paddy,Paddy,1,1936.0,7670.0,7.67,2352870.0,0.3259848610420465,13
W.P. Kuala Lumpur,Kuala Lumpur,Kuala Lumpur,2019,2019-01-01,paddy,Paddy,1,0.0,0.0,0.0,2352870.0,0.0,14
W.P. Labuan,Labuan,Labuan,2019,2019-01-01,paddy,Paddy,1,0.0,0.0,0.0,2352870.0,0.0,14
Kedah,Kedah,Kedah,2020,2020-01-01,paddy,Paddy,1,214328.0,914200.0,914.2,2356391.9,38.7966025515535,1
Kelantan,Kelantan,Kelantan,2020,2020-01-01,paddy,Paddy,1,73717.0,305675.0,305.675,2356391.9,12.972163076948279,2
Perak,Perak,Perak,2020,2020-01-01,paddy,Paddy,1,76201.0,232437.0,232.437,2356391.9,9.864106221040736,3
Perlis,Perlis,Perlis,2020,2020-01-01,paddy,Paddy,1,51598.0,203275.0,203.275,2356391.9,8.626536188653509,4
Sarawak,Sarawak,Sarawak,2020,2020-01-01,paddy,Paddy,1,90865.2,167588.9,167.5889,2356391.9,7.112097949411556,5
Selangor,Selangor,Selangor,2020,2020-01-01,paddy,Paddy,1,36004.0,159535.0,159.535,2356391.9,6.770308453360411,6
Pulau Pinang,Penang,Penang,2020,2020-01-01,paddy,Paddy,1,24210.0,121594.0,121.594,2356391.9,5.160177303274553,7
Sabah,Sabah,Sabah,2020,2020-01-01,paddy,Paddy,1,40446.0,117846.0,117.846,2356391.9,5.0011205691209515,8
Terengganu,Terengganu,Terengganu,2020,2020-01-01,paddy,Paddy,1,19071.0,73723.0,73.723,2356391.9,3.1286391707593295,9
Pahang,Pahang,Pahang,2020,2020-01-01,paddy,Paddy,1,10572.0,35524.0,35.524,2356391.9,1.5075590779275723,10
Negeri Sembilan,Negeri Sembilan,Negeri Sembilan,2020,2020-01-01,paddy,Paddy,1,1989.0,8942.0,8.942,2356391.9,0.3794784729993343,11
Melaka,Melaka,Melaka,2020,2020-01-01,paddy,Paddy,1,3360.0,8550.0,8.55,2356391.9,0.3628428700675809,12
Johor,Johor,Johor,2020,2020-01-01,paddy,Paddy,1,2547.0,7502.0,7.502,2356391.9,0.31836809488268913,13
W.P. Kuala Lumpur,Kuala Lumpur,Kuala Lumpur,2020,2020-01-01,paddy,Paddy,1,0.0,0.0,0.0,2356391.9,0.0,14
W.P. Labuan,Labuan,Labuan,2020,2020-01-01,paddy,Paddy,1,0.0,0.0,0.0,2356391.9,0.0,14
Kedah,Kedah,Kedah,2021,2021-01-01,paddy,Paddy,1,214880.0,906692.0,906.692,2441597.0,37.13520290203502,1
Kelantan,Kelantan,Kelantan,2021,2021-01-01,paddy,Paddy,1,74972.0,333868.0,333.868,2441597.0,13.674164901087279,2
Perlis,Perlis,Perlis,2021,2021-01-01,paddy,Paddy,1,60478.0,256034.0,256.034,2441597.0,10.486333330193313,3
Perak,Perak,Perak,2021,2021-01-01,paddy,Paddy,1,74949.0,244397.0,244.397,2441597.0,10.009719048639067,4
Selangor,Selangor,Selangor,2021,2021-01-01,paddy,Paddy,1,35885.0,155631.0,155.631,2441597.0,6.374147740188082,5
Sarawak,Sarawak,Sarawak,2021,2021-01-01,paddy,Paddy,1,83143.0,148903.0,148.903,2441597.0,6.098590389814535,6
Pulau Pinang,Penang,Penang,2021,2021-01-01,paddy,Paddy,1,24210.0,136919.0,136.919,2441597.0,5.607764098661654,7
Sabah,Sabah,Sabah,2021,2021-01-01,paddy,Paddy,1,38732.0,112284.0,112.284,2441597.0,4.598793330758516,8
Terengganu,Terengganu,Terengganu,2021,2021-01-01,paddy,Paddy,1,19601.0,72023.0,72.023,2441597.0,2.949831606116816,9
Pahang,Pahang,Pahang,2021,2021-01-01,paddy,Paddy,1,13639.0,50866.0,50.866,2441597.0,2.0833085886000022,10
Melaka,Melaka,Melaka,2021,2021-01-01,paddy,Paddy,1,3462.0,10287.0,10.287,2441597.0,0.42132260155955303,11
Johor,Johor,Johor,2021,2021-01-01,paddy,Paddy,1,2505.0,9031.0,9.031,2441597.0,0.36988086076449145,12
Negeri Sembilan,Negeri Sembilan,Negeri Sembilan,2021,2021-01-01,paddy,Paddy,1,1480.0,4662.0,4.662,2441597.0,0.1909406015816697,13
W.P. Kuala Lumpur,Kuala Lumpur,Kuala Lumpur,2021,2021-01-01,paddy,Paddy,1,0.0,0.0,0.0,2441597.0,0.0,14
W.P. Labuan,Labuan,Labuan,2021,2021-01-01,paddy,Paddy,1,0.0,0.0,0.0,2441597.0,0.0,14
Kedah,Kedah,Kedah,2022,2022-01-01,paddy,Paddy,1,213718.0,834901.0,834.901,2281739.0,36.590556588637,1
Kelantan,Kelantan,Kelantan,2022,2022-01-01,paddy,Paddy,1,74017.0,272633.0,272.633,2281739.0,11.94847438729846,2
Perak,Perak,Perak,2022,2022-01-01,paddy,Paddy,1,74594.0,269790.0,269.79,2281739.0,11.823876438102692,3
Perlis,Perlis,Perlis,2022,2022-01-01,paddy,Paddy,1,60470.0,233781.0,233.781,2281739.0,10.245738009474353,4
Selangor,Selangor,Selangor,2022,2022-01-01,paddy,Paddy,1,35539.0,153492.0,153.492,2281739.0,6.726974469910889,5
Sarawak,Sarawak,Sarawak,2022,2022-01-01,paddy,Paddy,1,77943.0,147272.0,147.272,2281739.0,6.4543753689620065,6
Pulau Pinang,Penang,Penang,2022,2022-01-01,paddy,Paddy,1,24210.0,122321.0,122.321,2281739.0,5.3608673034032375,7
Sabah,Sabah,Sabah,2022,2022-01-01,paddy,Paddy,1,37323.0,107565.0,107.565,2281739.0,4.714167571312933,8
Terengganu,Terengganu,Terengganu,2022,2022-01-01,paddy,Paddy,1,18957.0,62712.0,62.712,2281739.0,2.748430035161778,9
Pahang,Pahang,Pahang,2022,2022-01-01,paddy,Paddy,1,13757.0,51185.0,51.185,2281739.0,2.243245173965997,10
Johor,Johor,Johor,2022,2022-01-01,paddy,Paddy,1,2776.0,10832.0,10.832,2281739.0,0.4747256368936149,11
Melaka,Melaka,Melaka,2022,2022-01-01,paddy,Paddy,1,3318.0,10314.0,10.314,2281739.0,0.4520236538885473,12
Negeri Sembilan,Negeri Sembilan,Negeri Sembilan,2022,2022-01-01,paddy,Paddy,1,1313.0,4941.0,4.941,2281739.0,0.21654536298849253,13
W.P. Kuala Lumpur,Kuala Lumpur,Kuala Lumpur,2022,2022-01-01,paddy,Paddy,1,0.0,0.0,0.0,2281739.0,0.0,14
W.P. Labuan,Labuan,Labuan,2022,2022-01-01,paddy,Paddy,1,0.0,0.0,0.0,2281739.0,0.0,14
Johor,Johor,Johor,2017,2017-01-01,fruits,Fruits,2,59264.8,603693.0,603.693,1492600.8,40.445710601253865,1
Pahang,Pahang,Pahang,2017,2017-01-01,fruits,Fruits,2,33209.9,195934.8,195.9348,1492600.8,13.127073226813224,2
Sarawak,Sarawak,Sarawak,2017,2017-01-01,fruits,Fruits,2,35248.7,150688.5,150.6885,1492600.8,10.095700069301852,3
Sabah,Sabah,Sabah,2017,2017-01-01,fruits,Fruits,2,17592.5,108917.5,108.9175,1492600.8,7.297162107912578,4
Perak,Perak,Perak,2017,2017-01-01,fruits,Fruits,2,10914.0,106278.7,106.2787,1492600.8,7.120370027940491,5
Kelantan,Kelantan,Kelantan,2017,2017-01-01,fruits,Fruits,2,17263.5,88107.3,88.10730000000001,1492600.8,5.902938012628694,6
Kedah,Kedah,Kedah,2017,2017-01-01,fruits,Fruits,2,10687.0,49420.8,49.4208,1492600.8,3.3110527610597558,7
Terengganu,Terengganu,Terengganu,2017,2017-01-01,fruits,Fruits,2,6151.2,48781.4,48.781400000000005,1492600.8,3.268214783215981,8
Negeri Sembilan,Negeri Sembilan,Negeri Sembilan,2017,2017-01-01,fruits,Fruits,2,5789.9,45220.9,45.2209,1492600.8,3.029671429896058,9
Melaka,Melaka,Melaka,2017,2017-01-01,fruits,Fruits,2,3587.7,31383.1,31.3831,1492600.8,2.1025782647309312,10
Perlis,Perlis,Perlis,2017,2017-01-01,fruits,Fruits,2,4120.8,27847.9,27.847900000000003,1492600.8,1.8657299393113016,11
Selangor,Selangor,Selangor,2017,2017-01-01,fruits,Fruits,2,2055.1,19392.2,19.3922,1492600.8,1.299222136287211,12
Pulau Pinang,Penang,Penang,2017,2017-01-01,fruits,Fruits,2,2529.4,16590.8,16.590799999999998,1492600.8,1.1115363196911054,13
W.P. Labuan,Labuan,Labuan,2017,2017-01-01,fruits,Fruits,2,175.6,343.9,0.3439,1492600.8,0.023040319956950307,14
W.P. Kuala Lumpur,Kuala Lumpur,Kuala Lumpur,2017,2017-01-01,fruits,Fruits,2,0.0,0.0,0.0,1492600.8,0.0,15
Johor,Johor,Johor,2018,2018-01-01,fruits,Fruits,2,46698.3,567300.8,567.3008000000001,1543086.1,36.76404058075567,1
Pahang,Pahang,Pahang,2018,2018-01-01,fruits,Fruits,2,26323.1,208730.9,208.7309,1543086.1,13.526847270544398,2
Sarawak,Sarawak,Sarawak,2018,2018-01-01,fruits,Fruits,2,37078.3,141047.3,141.04729999999998,1543086.1,9.140598181786483,3
Kelantan,Kelantan,Kelantan,2018,2018-01-01,fruits,Fruits,2,18880.6,132629.3,132.6293,1543086.1,8.5950680263402,4
Sabah,Sabah,Sabah,2018,2018-01-01,fruits,Fruits,2,18093.2,108138.7,108.1387,1543086.1,7.007949848035051,5
Perak,Perak,Perak,2018,2018-01-01,fruits,Fruits,2,11406.1,107891.4,107.89139999999999,1543086.1,6.991923522608362,6
Kedah,Kedah,Kedah,2018,2018-01-01,fruits,Fruits,2,11972.4,69874.0,69.874,1543086.1,4.528198394114236,7
Negeri Sembilan,Negeri Sembilan,Negeri Sembilan,2018,2018-01-01,fruits,Fruits,2,5687.5,57281.3,57.2813,1543086.1,3.712125979230841,8
Terengganu,Terengganu,Terengganu,2018,2018-01-01,fruits,Fruits,2,7709.0,50831.2,50.831199999999995,1543086.1,3.294125972620711,9
Selangor,Selangor,Selangor,2018,2018-01-01,fruits,Fruits,2,2019.0,33180.1,33.180099999999996,1543086.1,2.1502429449659353,10
Perlis,Perlis,Perlis,2018,2018-01-01,fruits,Fruits,2,3662.7,24316.9,24.3169,1543086.1,1.575861515439741,11
Melaka,Melaka,Melaka,2018,2018-01-01,fruits,Fruits,2,3328.9,23245.4,23.2454,1543086.1,1.506422745950469,12
Pulau Pinang,Penang,Penang,2018,2018-01-01,fruits,Fruits,2,2452.5,18214.8,18.2148,1543086.1,1.1804137176791365,13
W.P. Labuan,Labuan,Labuan,2018,2018-01-01,fruits,Fruits,2,168.9,404.0,0.404,1543086.1,0.026181299928759647,14
W.P. Kuala Lumpur,Kuala Lumpur,Kuala Lumpur,2018,2018-01-01,fruits,Fruits,2,0.0,0.0,0.0,1543086.1,0.0,15
Johor,Johor,Johor,2019,2019-01-01,fruits,Fruits,2,41504.2,543387.3,543.3873000000001,1560905.9000000001,34.812303547574516,1
Pahang,Pahang,Pahang,2019,2019-01-01,fruits,Fruits,2,22760.7,200044.8,200.04479999999998,1560905.9000000001,12.815942331949671,2
Sarawak,Sarawak,Sarawak,2019,2019-01-01,fruits,Fruits,2,35769.8,160713.7,160.71370000000002,1560905.9000000001,10.296181211179995,3
Kelantan,Kelantan,Kelantan,2019,2019-01-01,fruits,Fruits,2,19573.3,139396.2,139.39620000000002,1560905.9000000001,8.930467877660018,4
Sabah,Sabah,Sabah,2019,2019-01-01,fruits,Fruits,2,18484.0,127771.1,127.7711,1560905.9000000001,8.185701649279434,5
Perak,Perak,Perak,2019,2019-01-01,fruits,Fruits,2,11441.9,116374.2,116.3742,1560905.9000000001,7.455555136283358,6
Kedah,Kedah,Kedah,2019,2019-01-01,fruits,Fruits,2,11242.0,71440.5,71.4405,1560905.9000000001,4.576861423869305,7
Negeri Sembilan,Negeri Sembilan,Negeri Sembilan,2019,2019-01-01,fruits,Fruits,2,5552.7,64512.0,64.512,1560905.9000000001,4.132984570049994,8
Terengganu,Terengganu,Terengganu,2019,2019-01-01,fruits,Fruits,2,7579.6,57368.9,57.368900000000004,1560905.9000000001,3.675359289756032,9
Selangor,Selangor,Selangor,2019,2019-01-01,fruits,Fruits,2,2038.2,29414.3,29.4143,1560905.9000000001,1.8844377486176456,10
Pulau Pinang,Penang,Penang,2019,2019-01-01,fruits,Fruits,2,2542.9,24072.2,24.072200000000002,1560905.9000000001,1.542194183518686,11
Melaka,Melaka,Melaka,2019,2019-01-01,fruits,Fruits,2,3025.4,15435.1,15.4351,1560905.9000000001,0.9888552538625165,12
Perlis,Perlis,Perlis,2019,2019-01-01,fruits,Fruits,2,2895.5,10580.9,10.5809,1560905.9000000001,0.6778691784046686,13
W.P. Labuan,Labuan,Labuan,2019,2019-01-01,fruits,Fruits,2,139.1,394.7,0.3947,1560905.9000000001,0.02528659799415198,14
W.P. Kuala Lumpur,Kuala Lumpur,Kuala Lumpur,2019,2019-01-01,fruits,Fruits,2,0.0,0.0,0.0,1560905.9000000001,0.0,15
Johor,Johor,Johor,2020,2020-01-01,fruits,Fruits,2,44779.0,557842.7,557.8426999999999,1550481.5,35.97867501160123,1
Pahang,Pahang,Pahang,2020,2020-01-01,fruits,Fruits,2,24836.8,201494.6,201.49460000000002,1550481.5,12.995614588113435,2
Sarawak,Sarawak,Sarawak,2020,2020-01-01,fruits,Fruits,2,36868.7,174313.9,174.3139,1550481.5,11.242565615907058,3
Kelantan,Kelantan,Kelantan,2020,2020-01-01,fruits,Fruits,2,20712.3,141461.8,141.46179999999998,1550481.5,9.123733498271342,4
Sabah,Sabah,Sabah,2020,2020-01-01,fruits,Fruits,2,19112.5,123396.6,123.3966,1550481.5,7.9585986675752025,5
Perak,Perak,Perak,2020,2020-01-01,fruits,Fruits,2,10310.8,97985.2,97.98519999999999,1550481.5,6.319662633833426,6
Negeri Sembilan,Negeri Sembilan,Negeri Sembilan,2020,2020-01-01,fruits,Fruits,2,5384.8,66524.5,66.5245,1550481.5,4.2905703808784565,7
Kedah,Kedah,Kedah,2020,2020-01-01,fruits,Fruits,2,11175.4,61839.5,61.8395,1550481.5,3.9884061822085592,8
Terengganu,Terengganu,Terengganu,2020,2020-01-01,fruits,Fruits,2,7399.6,34879.6,34.879599999999996,1550481.5,2.249597947476316,9
Selangor,Selangor,Selangor,2020,2020-01-01,fruits,Fruits,2,2096.1,33288.1,33.2881,1550481.5,2.146952414459637,10
Melaka,Melaka,Melaka,2020,2020-01-01,fruits,Fruits,2,4539.8,24708.0,24.708,1550481.5,1.5935694814804304,11
Pulau Pinang,Penang,Penang,2020,2020-01-01,fruits,Fruits,2,2619.5,23743.2,23.7432,1550481.5,1.5313436503434579,12
Perlis,Perlis,Perlis,2020,2020-01-01,fruits,Fruits,2,1957.1,8631.3,8.6313,1550481.5,0.5566851329732085,13
W.P. Labuan,Labuan,Labuan,2020,2020-01-01,fruits,Fruits,2,73.6,372.5,0.3725,1550481.5,0.02402479487823621,14
W.P. Kuala Lumpur,Kuala Lumpur,Kuala Lumpur,2020,2020-01-01,fruits,Fruits,2,0.0,0.0,0.0,1550481.5,0.0,15
Johor,Johor,Johor,2021,2021-01-01,fruits,Fruits,2,50231.6,631711.1,631.7111,1686875.4,37.44859282434257,1
Pahang,Pahang,Pahang,2021,2021-01-01,fruits,Fruits,2,25679.1,244209.0,244.209,1686875.4,14.47700286577183,2
Sarawak,Sarawak,Sarawak,2021,2021-01-01,fruits,Fruits,2,36814.1,145573.0,145.573,1686875.4,8.629742303432726,3
Kelantan,Kelantan,Kelantan,2021,2021-01-01,fruits,Fruits,2,19759.7,145161.2,145.1612,1686875.4,8.605330304775327,4
Sabah,Sabah,Sabah,2021,2021-01-01,fruits,Fruits,2,20301.3,123132.2,123.1322,1686875.4,7.299424723367238,5
Perak,Perak,Perak,2021,2021-01-01,fruits,Fruits,2,11439.3,121457.8,121.4578,1686875.4,7.200164280064787,6
Kedah,Kedah,Kedah,2021,2021-01-01,fruits,Fruits,2,9733.8,73092.9,73.0929,1686875.4,4.333034911766453,7
Negeri Sembilan,Negeri Sembilan,Negeri Sembilan,2021,2021-01-01,fruits,Fruits,2,5572.0,68549.3,68.5493,1686875.4,4.063684845958392,8
Terengganu,Terengganu,Terengganu,2021,2021-01-01,fruits,Fruits,2,7652.9,49649.6,49.6496,1686875.4,2.94328792749008,9
Selangor,Selangor,Selangor,2021,2021-01-01,fruits,Fruits,2,5288.1,35605.4,35.6054,1686875.4,2.1107308814865644,10
Pulau Pinang,Penang,Penang,2021,2021-01-01,fruits,Fruits,2,2525.4,22688.1,22.6881,1686875.4,1.344977821124192,11
Melaka,Melaka,Melaka,2021,2021-01-01,fruits,Fruits,2,2861.9,19133.9,19.1339,1686875.4,1.1342805757911938,12
Perlis,Perlis,Perlis,2021,2021-01-01,fruits,Fruits,2,1485.6,6575.4,6.575399999999999,1686875.4,0.3897976104222043,13
W.P. Labuan,Labuan,Labuan,2021,2021-01-01,fruits,Fruits,2,74.9,336.5,0.3365,1686875.4,0.01994812420644702,14
W.P. Kuala Lumpur,Kuala Lumpur,Kuala Lumpur,2021,2021-01-01,fruits,Fruits,2,0.0,0.0,0.0,1686875.4,0.0,15
Johor,Johor,Johor,2022,2022-01-01,fruits,Fruits,2,50217.0,772317.4,772.3174,1827992.5,42.24948406516985,1
Pahang,Pahang,Pahang,2022,2022-01-01,fruits,Fruits,2,27331.1,271797.9,271.7979,1827992.5,14.868655095685568,2
Sarawak,Sarawak,Sarawak,2022,2022-01-01,fruits,Fruits,2,36397.5,147922.3,147.92229999999998,1827992.5,8.092062740957633,3
Kelantan,Kelantan,Kelantan,2022,2022-01-01,fruits,Fruits,2,21326.5,134277.4,134.2774,1827992.5,7.345620947569532,4
Sabah,Sabah,Sabah,2022,2022-01-01,fruits,Fruits,2,20922.2,106700.0,106.7,1827992.5,5.837004254667347,5
Perak,Perak,Perak,2022,2022-01-01,fruits,Fruits,2,11588.7,101488.2,101.48819999999999,1827992.5,5.551893675712565,6
Kedah,Kedah,Kedah,2022,2022-01-01,fruits,Fruits,2,9762.2,96009.6,96.0096,1827992.5,5.252187850880132,7
Negeri Sembilan,Negeri Sembilan,Negeri Sembilan,2022,2022-01-01,fruits,Fruits,2,6107.7,68198.9,68.1989,1827992.5,3.7308085235579465,8
Selangor,Selangor,Selangor,2022,2022-01-01,fruits,Fruits,2,1971.6,41376.1,41.3761,1827992.5,2.2634720875495935,9
Melaka,Melaka,Melaka,2022,2022-01-01,fruits,Fruits,2,5631.5,28518.7,28.5187,1827992.5,1.5601103396211966,10
Terengganu,Terengganu,Terengganu,2022,2022-01-01,fruits,Fruits,2,7184.4,27278.9,27.2789,1827992.5,1.492287304242222,11
Pulau Pinang,Penang,Penang,2022,2022-01-01,fruits,Fruits,2,2536.7,23911.1,23.911099999999998,1827992.5,1.3080524126876887,12
Perlis,Perlis,Perlis,2022,2022-01-01,fruits,Fruits,2,2266.3,7744.2,7.7442,1827992.5,0.42364506418926773,13
W.P. Labuan,Labuan,Labuan,2022,2022-01-01,fruits,Fruits,2,187.8,451.8,0.45180000000000003,1827992.5,0.024715637509453676,14
W.P. Kuala Lumpur,Kuala Lumpur,Kuala Lumpur,2022,2022-01-01,fruits,Fruits,2,0.0,0.0,0.0,1827992.5,0.0,15
Pahang,Pahang,Pahang,2017,2017-01-01,vegetables,Vegetables,3,17173.1,355743.9,355.7439,1003536.4,35.449028057178595,1
Johor,Johor,Johor,2017,2017-01-01,vegetables,Vegetables,3,16117.2,203846.0,203.846,1003536.4,20.31276593454906,2
Kelantan,Kelantan,Kelantan,2017,2017-01-01,vegetables,Vegetables,3,3808.9,116909.8,116.9098,1003536.4,11.649781711953846,3
Perak,Perak,Perak,2017,2017-01-01,vegetables,Vegetables,3,6529.2,107265.8,107.2658,1003536.4,10.688780197708821,4
Sarawak,Sarawak,Sarawak,2017,2017-01-01,vegetables,Vegetables,3,5031.1,51872.4,51.8724,1003536.4,5.168960488129778,5
Sabah,Sabah,Sabah,2017,2017-01-01,vegetables,Vegetables,3,4350.7,43623.7,43.6237,1003536.4,4.346997278823169,6
Selangor,Selangor,Selangor,2017,2017-01-01,vegetables,Vegetables,3,2626.1,36690.1,36.6901,1003536.4,3.6560806364373026,7
Negeri Sembilan,Negeri Sembilan,Negeri Sembilan,2017,2017-01-01,vegetables,Vegetables,3,1556.0,22026.3,22.0263,1003536.4,2.1948680685623363,8
Terengganu,Terengganu,Terengganu,2017,2017-01-01,vegetables,Vegetables,3,1306.1,18018.0,18.018,1003536.4,1.7954505686091704,9
Melaka,Melaka,Melaka,2017,2017-01-01,vegetables,Vegetables,3,1350.3,17606.3,17.6063,1003536.4,1.7544256491344008,10
Kedah,Kedah,Kedah,2017,2017-01-01,vegetables,Vegetables,3,1691.9,17111.7,17.1117,1003536.4,1.705139943105203,11
Pulau Pinang,Penang,Penang,2017,2017-01-01,vegetables,Vegetables,3,821.0,11218.1,11.2181,1003536.4,1.1178568111729679,12
Perlis,Perlis,Perlis,2017,2017-01-01,vegetables,Vegetables,3,99.1,1288.1,1.2880999999999998,1003536.4,0.12835608155319528,13
W.P. Labuan,Labuan,Labuan,2017,2017-01-01,vegetables,Vegetables,3,77.8,316.2,0.3162,1003536.4,0.031508573082152276,14
W.P. Kuala Lumpur,Kuala Lumpur,Kuala Lumpur,2017,2017-01-01,vegetables,Vegetables,3,0.0,0.0,0.0,1003536.4,0.0,15
Pahang,Pahang,Pahang,2018,2018-01-01,vegetables,Vegetables,3,15840.6,368063.0,368.063,997745.2999999999,36.88947469860294,1
Johor,Johor,Johor,2018,2018-01-01,vegetables,Vegetables,3,14502.9,198459.8,198.4598,997745.2999999999,19.890827849552387,2
Kelantan,Kelantan,Kelantan,2018,2018-01-01,vegetables,Vegetables,3,4311.6,125499.9,125.4999,997745.2999999999,12.578350406661901,3
Perak,Perak,Perak,2018,2018-01-01,vegetables,Vegetables,3,6512.0,103631.2,103.63119999999999,997745.2999999999,10.38653852842003,4
Sarawak,Sarawak,Sarawak,2018,2018-01-01,vegetables,Vegetables,3,4533.7,43691.0,43.691,997745.2999999999,4.3789732710342015,5
Sabah,Sabah,Sabah,2018,2018-01-01,vegetables,Vegetables,3,4348.4,42767.0,42.767,997745.2999999999,4.2863644659614035,6
Selangor,Selangor,Selangor,2018,2018-01-01,vegetables,Vegetables,3,2323.9,32258.5,32.2585,997745.2999999999,3.233139760217362,7
Negeri Sembilan,Negeri Sembilan,Negeri Sembilan,2018,2018-01-01,vegetables,Vegetables,3,1519.5,21190.2,21.1902,997745.2999999999,2.1238085511402565,8
Melaka,Melaka,Melaka,2018,2018-01-01,vegetables,Vegetables,3,1246.5,17948.3,17.9483,997745.2999999999,1.7988859481472879,9
Terengganu,Terengganu,Terengganu,2018,2018-01-01,vegetables,Vegetables,3,1181.5,16870.0,16.87,997745.2999999999,1.6908122744351692,10
Kedah,Kedah,Kedah,2018,2018-01-01,vegetables,Vegetables,3,1345.9,14115.0,14.115,997745.2999999999,1.4146897008685484,11
Pulau Pinang,Penang,Penang,2018,2018-01-01,vegetables,Vegetables,3,923.4,10711.7,10.7117,997745.2999999999,1.0735906247816955,12
Perlis,Perlis,Perlis,2018,2018-01-01,vegetables,Vegetables,3,155.3,2206.3,2.2063,997745.2999999999,0.2211285786061834,13
W.P. Labuan,Labuan,Labuan,2018,2018-01-01,vegetables,Vegetables,3,72.5,333.4,0.3334,997745.2999999999,0.03341534157063932,14
W.P. Kuala Lumpur,Kuala Lumpur,Kuala Lumpur,2018,2018-01-01,vegetables,Vegetables,3,0.0,0.0,0.0,997745.2999999999,0.0,15
Pahang,Pahang,Pahang,2019,2019-01-01,vegetables,Vegetables,3,15181.0,335935.0,335.935,1020713.7000000001,32.91177535875143,1
Johor,Johor,Johor,2019,2019-01-01,vegetables,Vegetables,3,15359.3,203996.5,203.9965,1020713.7000000001,19.985672769945182,2
Kelantan,Kelantan,Kelantan,2019,2019-01-01,vegetables,Vegetables,3,4639.5,132188.2,132.18820000000002,1020713.7000000001,12.950565863865645,3
Perak,Perak,Perak,2019,2019-01-01,vegetables,Vegetables,3,6628.2,116983.6,116.98360000000001,1020713.7000000001,11.460961090264586,4
Sarawak,Sarawak,Sarawak,2019,2019-01-01,vegetables,Vegetables,3,6098.2,61348.8,61.348800000000004,1020713.7000000001,6.010382735139149,5
Sabah,Sabah,Sabah,2019,2019-01-01,vegetables,Vegetables,3,4541.9,46227.3,46.2273,1020713.7000000001,4.528919323802551,6
Selangor,Selangor,Selangor,2019,2019-01-01,vegetables,Vegetables,3,2683.4,38795.7,38.7957,1020713.7000000001,3.800840529523606,7
Negeri Sembilan,Negeri Sembilan,Negeri Sembilan,2019,2019-01-01,vegetables,Vegetables,3,1751.3,24419.1,24.4191,1020713.7000000001,2.3923554665720657,8
Kedah,Kedah,Kedah,2019,2019-01-01,vegetables,Vegetables,3,1631.3,16823.1,16.8231,1020713.7000000001,1.6481702949612609,9
Terengganu,Terengganu,Terengganu,2019,2019-01-01,vegetables,Vegetables,3,1139.6,15264.2,15.2642,1020713.7000000001,1.4954438252371844,10
Melaka,Melaka,Melaka,2019,2019-01-01,vegetables,Vegetables,3,1059.3,15062.4,15.0624,1020713.7000000001,1.47567334503299,11
Pulau Pinang,Penang,Penang,2019,2019-01-01,vegetables,Vegetables,3,935.5,10985.8,10.9858,1020713.7000000001,1.076286131948655,12
Perlis,Perlis,Perlis,2019,2019-01-01,vegetables,Vegetables,3,320.3,2350.0,2.35,1020713.7000000001,0.2302310628337799,13
W.P. Labuan,Labuan,Labuan,2019,2019-01-01,vegetables,Vegetables,3,57.1,334.0,0.334,1020713.7000000001,0.03272220212190744,14
W.P. Kuala Lumpur,Kuala Lumpur,Kuala Lumpur,2019,2019-01-01,vegetables,Vegetables,3,0.0,0.0,0.0,1020713.7000000001,0.0,15
Pahang,Pahang,Pahang,2020,2020-01-01,vegetables,Vegetables,3,15967.3,361971.3,361.9713,1030063.9,35.140664574304566,1
Johor,Johor,Johor,2020,2020-01-01,vegetables,Vegetables,3,14843.7,208260.3,208.2603,1030063.9,20.218192288847323,2
Kelantan,Kelantan,Kelantan,2020,2020-01-01,vegetables,Vegetables,3,4511.6,128327.4,128.32739999999998,1030063.9,12.458197981698028,3
Perak,Perak,Perak,2020,2020-01-01,vegetables,Vegetables,3,7191.9,120423.8,120.4238,1030063.9,11.690905777787183,4
Sarawak,Sarawak,Sarawak,2020,2020-01-01,vegetables,Vegetables,3,6057.6,62163.5,62.1635,1030063.9,6.034916862924717,5
Sabah,Sabah,Sabah,2020,2020-01-01,vegetables,Vegetables,3,4363.8,43271.7,43.271699999999996,1030063.9,4.2008753049204035,6
Selangor,Selangor,Selangor,2020,2020-01-01,vegetables,Vegetables,3,2337.7,31659.7,31.6597,1030063.9,3.073566601062322,7
Negeri Sembilan,Negeri Sembilan,Negeri Sembilan,2020,2020-01-01,vegetables,Vegetables,3,1757.5,23393.2,23.3932,1030063.9,2.271043573122017,8
Melaka,Melaka,Melaka,2020,2020-01-01,vegetables,Vegetables,3,940.6,13222.4,13.2224,1030063.9,1.2836485192811824,9
Kedah,Kedah,Kedah,2020,2020-01-01,vegetables,Vegetables,3,1555.0,12790.5,12.7905,1030063.9,1.2417190816996886,10
Terengganu,Terengganu,Terengganu,2020,2020-01-01,vegetables,Vegetables,3,981.4,11874.2,11.8742,1030063.9,1.1527634353558067,11
Pulau Pinang,Penang,Penang,2020,2020-01-01,vegetables,Vegetables,3,813.3,10323.6,10.3236,1030063.9,1.002229085011134,12
Perlis,Perlis,Perlis,2020,2020-01-01,vegetables,Vegetables,3,265.6,2023.4,2.0234,1030063.9,0.19643441537947307,13
W.P. Labuan,Labuan,Labuan,2020,2020-01-01,vegetables,Vegetables,3,26.9,358.9,0.3589,1030063.9,0.03484249860615443,14
W.P. Kuala Lumpur,Kuala Lumpur,Kuala Lumpur,2020,2020-01-01,vegetables,Vegetables,3,0.0,0.0,0.0,1030063.9,0.0,15
Pahang,Pahang,Pahang,2021,2021-01-01,vegetables,Vegetables,3,18159.1,381530.1,381.5301,1088038.7,35.065857492017514,1
Johor,Johor,Johor,2021,2021-01-01,vegetables,Vegetables,3,17186.9,242213.7,242.21370000000002,1088038.7,22.261496764775003,2
Kelantan,Kelantan,Kelantan,2021,2021-01-01,vegetables,Vegetables,3,4640.7,132052.7,132.05270000000002,1088038.7,12.13676498823066,3
Perak,Perak,Perak,2021,2021-01-01,vegetables,Vegetables,3,7190.0,125308.4,125.30839999999999,1088038.7,11.516906521799271,4
Sarawak,Sarawak,Sarawak,2021,2021-01-01,vegetables,Vegetables,3,5595.3,56647.8,56.647800000000004,1088038.7,5.206414073322944,5
Sabah,Sabah,Sabah,2021,2021-01-01,vegetables,Vegetables,3,4160.9,41448.8,41.448800000000006,1088038.7,3.809496849698453,6
Selangor,Selangor,Selangor,2021,2021-01-01,vegetables,Vegetables,3,2520.6,34051.3,34.051300000000005,1088038.7,3.129603753984119,7
Negeri Sembilan,Negeri Sembilan,Negeri Sembilan,2021,2021-01-01,vegetables,Vegetables,3,1719.7,21367.5,21.3675,1088038.7,1.9638547783272782,8
Terengganu,Terengganu,Terengganu,2021,2021-01-01,vegetables,Vegetables,3,1185.3,15112.1,15.1121,1088038.7,1.3889303753625677,9
Kedah,Kedah,Kedah,2021,2021-01-01,vegetables,Vegetables,3,1317.8,12909.6,12.909600000000001,1088038.7,1.1865019139484654,10
Pulau Pinang,Penang,Penang,2021,2021-01-01,vegetables,Vegetables,3,996.6,12154.5,12.1545,1088038.7,1.1171018089705818,11
Melaka,Melaka,Melaka,2021,2021-01-01,vegetables,Vegetables,3,769.2,10940.5,10.9405,1088038.7,1.0055248953920481,12
Perlis,Perlis,Perlis,2021,2021-01-01,vegetables,Vegetables,3,403.6,1839.5,1.8395,1088038.7,0.16906567753518326,13
W.P. Labuan,Labuan,Labuan,2021,2021-01-01,vegetables,Vegetables,3,65.1,462.2,0.4622,1088038.7,0.04248010663591286,14
W.P. Kuala Lumpur,Kuala Lumpur,Kuala Lumpur,2021,2021-01-01,vegetables,Vegetables,3,0.0,0.0,0.0,1088038.7,0.0,15
Pahang,Pahang,Pahang,2022,2022-01-01,vegetables,Vegetables,3,21391.2,455641.4,455.64140000000003,1163793.1,39.15140930118936,1
Johor,Johor,Johor,2022,2022-01-01,vegetables,Vegetables,3,17188.3,245330.4,245.3304,1163793.1,21.08024184023775,2
Kelantan,Kelantan,Kelantan,2022,2022-01-01,vegetables,Vegetables,3,4892.1,137912.7,137.9127,1163793.1,11.850276479556374,3
Perak,Perak,Perak,2022,2022-01-01,vegetables,Vegetables,3,6702.4,116765.5,116.7655,1163793.1,10.033183733431656,4
Sarawak,Sarawak,Sarawak,2022,2022-01-01,vegetables,Vegetables,3,5255.3,53191.2,53.191199999999995,1163793.1,4.570503124653342,5
Sabah,Sabah,Sabah,2022,2022-01-01,vegetables,Vegetables,3,4353.1,46681.9,46.6819,1163793.1,4.011185493366475,6
Selangor,Selangor,Selangor,2022,2022-01-01,vegetables,Vegetables,3,2365.4,32896.7,32.896699999999996,1163793.1,2.8266794157827535,7
Negeri Sembilan,Negeri Sembilan,Negeri Sembilan,2022,2022-01-01,vegetables,Vegetables,3,1791.5,21022.5,21.0225,1163793.1,1.806377783130008,8
Kedah,Kedah,Kedah,2022,2022-01-01,vegetables,Vegetables,3,1051.2,15812.1,15.812100000000001,1163793.1,1.3586693373590202,9
Terengganu,Terengganu,Terengganu,2022,2022-01-01,vegetables,Vegetables,3,1069.3,15052.6,15.0526,1163793.1,1.2934085964249142,10
Melaka,Melaka,Melaka,2022,2022-01-01,vegetables,Vegetables,3,748.5,12181.4,12.1814,1163793.1,1.0466980771754015,11
Pulau Pinang,Penang,Penang,2022,2022-01-01,vegetables,Vegetables,3,687.1,8653.9,8.6539,1163793.1,0.7435943725736128,12
Perlis,Perlis,Perlis,2022,2022-01-01,vegetables,Vegetables,3,542.9,2310.0,2.31,1163793.1,0.19848888947700408,13
W.P. Labuan,Labuan,Labuan,2022,2022-01-01,vegetables,Vegetables,3,73.4,340.8,0.3408,1163793.1,0.029283555642321643,14
W.P. Kuala Lumpur,Kuala Lumpur,Kuala Lumpur,2022,2022-01-01,vegetables,Vegetables,3,0.0,0.0,0.0,1163793.1,0.0,15
Johor,Johor,Johor,2017,2017-01-01,coconut,Coconut,4,14931.6,107731.0,107.731,517588.8,20.814012977096876,1
Selangor,Selangor,Selangor,2017,2017-01-01,coconut,Coconut,4,8816.5,103435.4,103.43539999999999,517588.8,19.984087754603657,2
Perak,Perak,Perak,2017,2017-01-01,coconut,Coconut,4,9337.0,82466.3,82.4663,517588.8,15.93278293502487,3
Kelantan,Kelantan,Kelantan,2017,2017-01-01,coconut,Coconut,4,7115.7,60008.6,60.0086,517588.8,11.593875292510193,4
Sabah,Sabah,Sabah,2017,2017-01-01,coconut,Coconut,4,16726.2,49335.3,49.335300000000004,517588.8,9.53175571032449,5
Pahang,Pahang,Pahang,2017,2017-01-01,coconut,Coconut,4,4633.2,35196.6,35.1966,517588.8,6.800108503120623,6
Sarawak,Sarawak,Sarawak,2017,2017-01-01,coconut,Coconut,4,12635.1,30627.8,30.6278,517588.8,5.917400067389403,7
Terengganu,Terengganu,Terengganu,2017,2017-01-01,coconut,Coconut,4,4231.0,17079.8,17.0798,517588.8,3.299878204474285,8
Negeri Sembilan,Negeri Sembilan,Negeri Sembilan,2017,2017-01-01,coconut,Coconut,4,1476.2,11932.1,11.9321,517588.8,2.305324226490218,9
Melaka,Melaka,Melaka,2017,2017-01-01,coconut,Coconut,4,1455.9,10393.5,10.3935,517588.8,2.008061225436099,10
Kedah,Kedah,Kedah,2017,2017-01-01,coconut,Coconut,4,1289.4,5754.5,5.7545,517588.8,1.1117898996268853,11
Perlis,Perlis,Perlis,2017,2017-01-01,coconut,Coconut,4,401.3,2749.4,2.7494,517588.8,0.5311938743651331,12
W.P. Labuan,Labuan,Labuan,2017,2017-01-01,coconut,Coconut,4,152.5,630.1,0.6301,517588.8,0.12173756464591197,13
Pulau Pinang,Penang,Penang,2017,2017-01-01,coconut,Coconut,4,48.5,248.4,0.2484,517588.8,0.04799176489135778,14
W.P. Kuala Lumpur,Kuala Lumpur,Kuala Lumpur,2017,2017-01-01,coconut,Coconut,4,0.0,0.0,0.0,517588.8,0.0,15
Selangor,Selangor,Selangor,2018,2018-01-01,coconut,Coconut,4,9860.2,95641.5,95.6415,491465.5,19.46047077566991,1
Johor,Johor,Johor,2018,2018-01-01,coconut,Coconut,4,12949.7,95495.7,95.4957,491465.5,19.430804400308872,2
Kelantan,Kelantan,Kelantan,2018,2018-01-01,coconut,Coconut,4,9542.1,73676.0,73.676,491465.5,14.991082792179716,3
Perak,Perak,Perak,2018,2018-01-01,coconut,Coconut,4,7835.3,65900.6,65.90060000000001,491465.5,13.408998190106935,4
Sabah,Sabah,Sabah,2018,2018-01-01,coconut,Coconut,4,16968.4,50477.5,50.4775,491465.5,10.270812498537538,5
Sarawak,Sarawak,Sarawak,2018,2018-01-01,coconut,Coconut,4,13258.7,30113.5,30.1135,491465.5,6.127286655930071,6
Pahang,Pahang,Pahang,2018,2018-01-01,coconut,Coconut,4,4321.8,27059.0,27.059,491465.5,5.505778126847154,7
Terengganu,Terengganu,Terengganu,2018,2018-01-01,coconut,Coconut,4,4064.9,20607.0,20.607,491465.5,4.19296980154253,8
Negeri Sembilan,Negeri Sembilan,Negeri Sembilan,2018,2018-01-01,coconut,Coconut,4,1362.5,11689.0,11.689,491465.5,2.378396855933936,9
Melaka,Melaka,Melaka,2018,2018-01-01,coconut,Coconut,4,1779.8,10972.9,10.9729,491465.5,2.2326897818870295,10
Kedah,Kedah,Kedah,2018,2018-01-01,coconut,Coconut,4,897.0,6558.9,6.5588999999999995,491465.5,1.3345595977744114,11
Perlis,Perlis,Perlis,2018,2018-01-01,coconut,Coconut,4,400.6,2529.3,2.5293,491465.5,0.5146444663969292,12
W.P. Labuan,Labuan,Labuan,2018,2018-01-01,coconut,Coconut,4,158.4,516.8,0.5167999999999999,491465.5,0.10515488879687383,13
Pulau Pinang,Penang,Penang,2018,2018-01-01,coconut,Coconut,4,37.0,227.8,0.2278,491465.5,0.04635116808809571,14
W.P. Kuala Lumpur,Kuala Lumpur,Kuala Lumpur,2018,2018-01-01,coconut,Coconut,4,0.0,0.0,0.0,491465.5,0.0,15
Selangor,Selangor,Selangor,2019,2019-01-01,coconut,Coconut,4,15075.7,99760.7,99.7607,536605.7000000001,18.59106230142542,1
Johor,Johor,Johor,2019,2019-01-01,coconut,Coconut,4,10762.9,99375.1,99.3751,536605.7000000001,18.519203206376673,2
Perak,Perak,Perak,2019,2019-01-01,coconut,Coconut,4,7594.1,78644.3,78.6443,536605.7000000001,14.65588233594984,3
Kelantan,Kelantan,Kelantan,2019,2019-01-01,coconut,Coconut,4,9978.7,77807.1,77.8071,536605.7000000001,14.499864611948773,4
Sabah,Sabah,Sabah,2019,2019-01-01,coconut,Coconut,4,17041.0,55337.1,55.3371,536605.7000000001,10.312432387505387,5
Sarawak,Sarawak,Sarawak,2019,2019-01-01,coconut,Coconut,4,12401.1,54023.3,54.023300000000006,536605.7000000001,10.067597120194586,6
Pahang,Pahang,Pahang,2019,2019-01-01,coconut,Coconut,4,4205.5,24263.2,24.2632,536605.7000000001,4.521606833471951,7
Terengganu,Terengganu,Terengganu,2019,2019-01-01,coconut,Coconut,4,4991.9,16144.2,16.1442,536605.7000000001,3.0085778067582956,8
Negeri Sembilan,Negeri Sembilan,Negeri Sembilan,2019,2019-01-01,coconut,Coconut,4,1290.3,12768.3,12.7683,536605.7000000001,2.379456647590586,9
Melaka,Melaka,Melaka,2019,2019-01-01,coconut,Coconut,4,1530.3,9195.8,9.195799999999998,536605.7000000001,1.713697785916176,10
Kedah,Kedah,Kedah,2019,2019-01-01,coconut,Coconut,4,995.7,5131.3,5.1313,536605.7000000001,0.9562514896878658,11
Perlis,Perlis,Perlis,2019,2019-01-01,coconut,Coconut,4,429.6,3405.0,3.405,536605.7000000001,0.6345441354797386,12
W.P. Labuan,Labuan,Labuan,2019,2019-01-01,coconut,Coconut,4,129.3,487.2,0.48719999999999997,536605.7000000001,0.09079292299727713,13
Pulau Pinang,Penang,Penang,2019,2019-01-01,coconut,Coconut,4,40.2,263.1,0.2631,536605.7000000001,0.04903041469742121,14
W.P. Kuala Lumpur,Kuala Lumpur,Kuala Lumpur,2019,2019-01-01,coconut,Coconut,4,0.0,0.0,0.0,536605.7000000001,0.0,15
Johor,Johor,Johor,2020,2020-01-01,coconut,Coconut,4,11887.0,106723.2,106.72319999999999,560984.5,19.024268941476993,1
Selangor,Selangor,Selangor,2020,2020-01-01,coconut,Coconut,4,10239.1,105129.1,105.12910000000001,560984.5,18.74010779263955,2
Kelantan,Kelantan,Kelantan,2020,2020-01-01,coconut,Coconut,4,10398.9,79953.4,79.95339999999999,560984.5,14.252336740141661,3
Perak,Perak,Perak,2020,2020-01-01,coconut,Coconut,4,7522.8,71588.6,71.5886,560984.5,12.76124384898335,4
Sabah,Sabah,Sabah,2020,2020-01-01,coconut,Coconut,4,17274.7,57392.1,57.3921,560984.5,10.230603519348573,5
Sarawak,Sarawak,Sarawak,2020,2020-01-01,coconut,Coconut,4,12003.3,51490.3,51.490300000000005,560984.5,9.178560191948263,6
Pahang,Pahang,Pahang,2020,2020-01-01,coconut,Coconut,4,3997.2,26915.8,26.9158,560984.5,4.797957875841489,7
Melaka,Melaka,Melaka,2020,2020-01-01,coconut,Coconut,4,2923.4,19376.2,19.3762,560984.5,3.4539635230563412,8
Terengganu,Terengganu,Terengganu,2020,2020-01-01,coconut,Coconut,4,4657.9,15513.6,15.5136,560984.5,2.765424000128346,9
Negeri Sembilan,Negeri Sembilan,Negeri Sembilan,2020,2020-01-01,coconut,Coconut,4,1346.7,12841.4,12.8414,560984.5,2.2890828534478223,10
Kedah,Kedah,Kedah,2020,2020-01-01,coconut,Coconut,4,2155.1,10046.3,10.046299999999999,560984.5,1.7908337930905398,11
Perlis,Perlis,Perlis,2020,2020-01-01,coconut,Coconut,4,400.0,3360.0,3.36,560984.5,0.598947029730768,12
W.P. Labuan,Labuan,Labuan,2020,2020-01-01,coconut,Coconut,4,90.9,408.9,0.4089,560984.5,0.0728897144216997,13
Pulau Pinang,Penang,Penang,2020,2020-01-01,coconut,Coconut,4,45.0,245.6,0.24559999999999998,560984.5,0.04378017574460613,14
W.P. Kuala Lumpur,Kuala Lumpur,Kuala Lumpur,2020,2020-01-01,coconut,Coconut,4,0.0,0.0,0.0,560984.5,0.0,15
Johor,Johor,Johor,2021,2021-01-01,coconut,Coconut,4,12380.5,118278.2,118.2782,557353.6,21.221393384738164,1
Selangor,Selangor,Selangor,2021,2021-01-01,coconut,Coconut,4,9119.7,107558.9,107.5589,557353.6,19.298143943091066,2
Perak,Perak,Perak,2021,2021-01-01,coconut,Coconut,4,7568.2,81288.4,81.2884,557353.6,14.584708881399527,3
Kelantan,Kelantan,Kelantan,2021,2021-01-01,coconut,Coconut,4,10340.3,76673.8,76.6738,557353.6,13.75676051971316,4
Sabah,Sabah,Sabah,2021,2021-01-01,coconut,Coconut,4,18257.7,59214.8,59.214800000000004,557353.6,10.624278734361814,5
Pahang,Pahang,Pahang,2021,2021-01-01,coconut,Coconut,4,3433.0,28180.5,28.1805,557353.6,5.056125949487004,6
Sarawak,Sarawak,Sarawak,2021,2021-01-01,coconut,Coconut,4,11947.8,24139.1,24.1391,557353.6,4.331020738001872,7
Terengganu,Terengganu,Terengganu,2021,2021-01-01,coconut,Coconut,4,2359.8,20120.7,20.1207,557353.6,3.610042170715323,8
Melaka,Melaka,Melaka,2021,2021-01-01,coconut,Coconut,4,2189.3,14040.2,14.0402,557353.6,2.5190830381287572,9
Negeri Sembilan,Negeri Sembilan,Negeri Sembilan,2021,2021-01-01,coconut,Coconut,4,1500.5,13856.9,13.8569,557353.6,2.4861954780591713,10
Kedah,Kedah,Kedah,2021,2021-01-01,coconut,Coconut,4,1854.4,10185.3,10.1853,557353.6,1.8274395285147527,11
Perlis,Perlis,Perlis,2021,2021-01-01,coconut,Coconut,4,391.1,3133.8,3.1338000000000004,557353.6,0.5622642430227418,12
W.P. Labuan,Labuan,Labuan,2021,2021-01-01,coconut,Coconut,4,91.4,436.5,0.4365,557353.6,0.0783165301166082,13
Pulau Pinang,Penang,Penang,2021,2021-01-01,coconut,Coconut,4,35.7,246.5,0.2465,557353.6,0.044226860650043345,14
W.P. Kuala Lumpur,Kuala Lumpur,Kuala Lumpur,2021,2021-01-01,coconut,Coconut,4,0.0,0.0,0.0,557353.6,0.0,15
Johor,Johor,Johor,2022,2022-01-01,coconut,Coconut,4,13269.8,124062.2,124.06219999999999,604428.5,20.525537760049367,1
Selangor,Selangor,Selangor,2022,2022-01-01,coconut,Coconut,4,9526.4,110783.8,110.7838,604428.5,18.328685692352366,2
Perak,Perak,Perak,2022,2022-01-01,coconut,Coconut,4,7727.7,88291.6,88.2916,604428.5,14.607451501707814,3
Kelantan,Kelantan,Kelantan,2022,2022-01-01,coconut,Coconut,4,11435.6,77467.0,77.467,604428.5,12.816569701792686,4
Sabah,Sabah,Sabah,2022,2022-01-01,coconut,Coconut,4,18631.8,61517.9,61.517900000000004,604428.5,10.17786222853489,5
Kedah,Kedah,Kedah,2022,2022-01-01,coconut,Coconut,4,1773.7,31787.5,31.7875,604428.5,5.259100125159551,6
Pahang,Pahang,Pahang,2022,2022-01-01,coconut,Coconut,4,2899.7,27270.0,27.27,604428.5,4.511699895024805,7
Sarawak,Sarawak,Sarawak,2022,2022-01-01,coconut,Coconut,4,12100.3,24522.3,24.522299999999998,604428.5,4.057105182829731,8
Melaka,Melaka,Melaka,2022,2022-01-01,coconut,Coconut,4,3013.8,20659.9,20.6599,604428.5,3.418088326410816,9
Terengganu,Terengganu,Terengganu,2022,2022-01-01,coconut,Coconut,4,2406.5,18248.3,18.2483,604428.5,3.019099860446686,10
Negeri Sembilan,Negeri Sembilan,Negeri Sembilan,2022,2022-01-01,coconut,Coconut,4,1491.2,14521.2,14.5212,604428.5,2.4024677856851557,11
Perlis,Perlis,Perlis,2022,2022-01-01,coconut,Coconut,4,575.7,4813.9,4.813899999999999,604428.5,0.7964382883997031,12
W.P. Labuan,Labuan,Labuan,2022,2022-01-01,coconut,Coconut,4,71.3,405.1,0.4051,604428.5,0.06702198853958741,13
Pulau Pinang,Penang,Penang,2022,2022-01-01,coconut,Coconut,4,12.3,77.8,0.0778,604428.5,0.012871663066847444,14
W.P. Kuala Lumpur,Kuala Lumpur,Kuala Lumpur,2022,2022-01-01,coconut,Coconut,4,0.0,0.0,0.0,604428.5,0.0,15
Sarawak,Sarawak,Sarawak,2017,2017-01-01,herbs,Herbs,5,685.4,3016.4,3.0164,11741.9,25.68919851131418,1
Johor,Johor,Johor,2017,2017-01-01,herbs,Herbs,5,394.8,2316.5,2.3165,11741.9,19.728493685008388,2
Pahang,Pahang,Pahang,2017,2017-01-01,herbs,Herbs,5,363.6,2260.8,2.2608,11741.9,19.25412411960586,3
Selangor,Selangor,Selangor,2017,2017-01-01,herbs,Herbs,5,85.8,1206.6,1.2066,11741.9,10.2760200648958,4
Perak,Perak,Perak,2017,2017-01-01,herbs,Herbs,5,377.6,1040.2,1.0402,11741.9,8.858872925165434,5
Kelantan,Kelantan,Kelantan,2017,2017-01-01,herbs,Herbs,5,122.8,645.2,0.6452,11741.9,5.4948517701564485,6
Kedah,Kedah,Kedah,2017,2017-01-01,herbs,Herbs,5,169.8,563.0,0.563,11741.9,4.794794709544452,7
Terengganu,Terengganu,Terengganu,2017,2017-01-01,herbs,Herbs,5,156.2,359.9,0.3599,11741.9,3.0650916802221104,8
Melaka,Melaka,Melaka,2017,2017-01-01,herbs,Herbs,5,26.5,235.3,0.2353,11741.9,2.003934627274973,9
Negeri Sembilan,Negeri Sembilan,Negeri Sembilan,2017,2017-01-01,herbs,Herbs,5,41.1,88.0,0.088,11741.9,0.7494528142804827,10
Pulau Pinang,Penang,Penang,2017,2017-01-01,herbs,Herbs,5,0.4,5.4,0.0054,11741.9,0.04598914996721144,11
Perlis,Perlis,Perlis,2017,2017-01-01,herbs,Herbs,5,0.3,4.6,0.0046,11741.9,0.039175942564661594,12
W.P. Kuala Lumpur,Kuala Lumpur,Kuala Lumpur,2017,2017-01-01,herbs,Herbs,5,0.0,0.0,0.0,11741.9,0.0,13
W.P. Labuan,Labuan,Labuan,2017,2017-01-01,herbs,Herbs,5,0.0,0.0,0.0,11741.9,0.0,13
Sabah,Sabah,Sabah,2017,2017-01-01,herbs,Herbs,5,0.0,0.0,0.0,11741.9,0.0,13
Johor,Johor,Johor,2018,2018-01-01,herbs,Herbs,5,453.4,3060.2,3.0602,12389.3,24.700346266536446,1
Sarawak,Sarawak,Sarawak,2018,2018-01-01,herbs,Herbs,5,666.5,2842.4,2.8424,12389.3,22.942377696883604,2
Pahang,Pahang,Pahang,2018,2018-01-01,herbs,Herbs,5,404.2,2438.8,2.4388,12389.3,19.68472795073168,3
Perak,Perak,Perak,2018,2018-01-01,herbs,Herbs,5,594.5,1503.9,1.5039,12389.3,12.138700330123575,4
Kelantan,Kelantan,Kelantan,2018,2018-01-01,herbs,Herbs,5,129.7,969.1,0.9691000000000001,12389.3,7.822072272041197,5
Selangor,Selangor,Selangor,2018,2018-01-01,herbs,Herbs,5,91.2,668.8,0.6688,12389.3,5.398206516913788,6
Kedah,Kedah,Kedah,2018,2018-01-01,herbs,Herbs,5,175.0,532.6,0.5326000000000001,12389.3,4.298870799803057,7
Terengganu,Terengganu,Terengganu,2018,2018-01-01,herbs,Herbs,5,477.7,208.6,0.2086,12389.3,1.6837109441211369,8
Melaka,Melaka,Melaka,2018,2018-01-01,herbs,Herbs,5,9.3,103.1,0.1031,12389.3,0.8321696948173021,9
Negeri Sembilan,Negeri Sembilan,Negeri Sembilan,2018,2018-01-01,herbs,Herbs,5,7.3,49.7,0.0497,12389.3,0.40115260749194875,10
Perlis,Perlis,Perlis,2018,2018-01-01,herbs,Herbs,5,1.6,12.1,0.0121,12389.3,0.09766492053626921,11
W.P. Kuala Lumpur,Kuala Lumpur,Kuala Lumpur,2018,2018-01-01,herbs,Herbs,5,0.0,0.0,0.0,12389.3,0.0,12
W.P. Labuan,Labuan,Labuan,2018,2018-01-01,herbs,Herbs,5,0.0,0.0,0.0,12389.3,0.0,12
Pulau Pinang,Penang,Penang,2018,2018-01-01,herbs,Herbs,5,0.0,0.0,0.0,12389.3,0.0,12
Sabah,Sabah,Sabah,2018,2018-01-01,herbs,Herbs,5,0.0,0.0,0.0,12389.3,0.0,12
Sarawak,Sarawak,Sarawak,2019,2019-01-01,herbs,Herbs,5,665.0,2854.7,2.8547,9018.5,31.65382269778788,1
Johor,Johor,Johor,2019,2019-01-01,herbs,Herbs,5,189.7,1936.3,1.9363,9018.5,21.470311027332706,2
Perak,Perak,Perak,2019,2019-01-01,herbs,Herbs,5,560.1,1027.6,1.0275999999999998,9018.5,11.394356045905637,3
Kelantan,Kelantan,Kelantan,2019,2019-01-01,herbs,Herbs,5,135.7,793.8,0.7938,9018.5,8.80190719077452,4
Pahang,Pahang,Pahang,2019,2019-01-01,herbs,Herbs,5,218.0,757.4,0.7574,9018.5,8.398292398957699,5
Selangor,Selangor,Selangor,2019,2019-01-01,herbs,Herbs,5,91.9,710.6,0.7106,9018.5,7.879359095193214,6
Kedah,Kedah,Kedah,2019,2019-01-01,herbs,Herbs,5,174.9,442.7,0.4427,9018.5,4.908798580695238,7
Terengganu,Terengganu,Terengganu,2019,2019-01-01,herbs,Herbs,5,269.1,409.0,0.409,9018.5,4.535122248710983,8
Melaka,Melaka,Melaka,2019,2019-01-01,herbs,Herbs,5,3.4,58.7,0.0587,9018.5,0.6508842933969065,9
Perlis,Perlis,Perlis,2019,2019-01-01,herbs,Herbs,5,2.1,18.2,0.0182,9018.5,0.20180739590841046,10
Negeri Sembilan,Negeri Sembilan,Negeri Sembilan,2019,2019-01-01,herbs,Herbs,5,4.5,8.6,0.0086,9018.5,0.09535953872595221,11
Sabah,Sabah,Sabah,2019,2019-01-01,herbs,Herbs,5,1.2,0.9,0.0009,9018.5,0.009979486610855464,12
W.P. Kuala Lumpur,Kuala Lumpur,Kuala Lumpur,2019,2019-01-01,herbs,Herbs,5,0.0,0.0,0.0,9018.5,0.0,13
W.P. Labuan,Labuan,Labuan,2019,2019-01-01,herbs,Herbs,5,0.0,0.0,0.0,9018.5,0.0,13
Pulau Pinang,Penang,Penang,2019,2019-01-01,herbs,Herbs,5,0.0,0.0,0.0,9018.5,0.0,13
Sarawak,Sarawak,Sarawak,2020,2020-01-01,herbs,Herbs,5,654.4,2809.4,2.8094,9077.1,30.95041367837745,1
Johor,Johor,Johor,2020,2020-01-01,herbs,Herbs,5,179.0,2586.1,2.5861,9077.1,28.49037688248449,2
Perak,Perak,Perak,2020,2020-01-01,herbs,Herbs,5,498.4,1016.4,1.0164,9077.1,11.197408864064514,3
Kelantan,Kelantan,Kelantan,2020,2020-01-01,herbs,Herbs,5,160.3,802.0,0.802,9077.1,8.835421004505845,4
Pahang,Pahang,Pahang,2020,2020-01-01,herbs,Herbs,5,162.4,634.9,0.6349,9077.1,6.994524682993466,5
Selangor,Selangor,Selangor,2020,2020-01-01,herbs,Herbs,5,88.3,496.7,0.4967,9077.1,5.472011986207049,6
Kedah,Kedah,Kedah,2020,2020-01-01,herbs,Herbs,5,196.4,367.2,0.36719999999999997,9077.1,4.0453448788710045,7
Terengganu,Terengganu,Terengganu,2020,2020-01-01,herbs,Herbs,5,120.1,267.9,0.26789999999999997,9077.1,2.9513831510063784,8
Melaka,Melaka,Melaka,2020,2020-01-01,herbs,Herbs,5,12.4,53.8,0.0538,9077.1,0.5927003117735841,9
Negeri Sembilan,Negeri Sembilan,Negeri Sembilan,2020,2020-01-01,herbs,Herbs,5,3.0,21.2,0.0212,9077.1,0.23355476969516695,10
Perlis,Perlis,Perlis,2020,2020-01-01,herbs,Herbs,5,3.5,20.3,0.020300000000000002,9077.1,0.22363970871754194,11
Pulau Pinang,Penang,Penang,2020,2020-01-01,herbs,Herbs,5,0.1,0.8,0.0008,9077.1,0.008813387535666678,12
Sabah,Sabah,Sabah,2020,2020-01-01,herbs,Herbs,5,1.2,0.4,0.0004,9077.1,0.004406693767833339,13
W.P. Kuala Lumpur,Kuala Lumpur,Kuala Lumpur,2020,2020-01-01,herbs,Herbs,5,0.0,0.0,0.0,9077.1,0.0,14
W.P. Labuan,Labuan,Labuan,2020,2020-01-01,herbs,Herbs,5,0.0,0.0,0.0,9077.1,0.0,14
Sarawak,Sarawak,Sarawak,2021,2021-01-01,herbs,Herbs,5,643.6,2947.6,2.9476,9340.0,31.558886509635975,1
Johor,Johor,Johor,2021,2021-01-01,herbs,Herbs,5,266.8,2642.8,2.6428000000000003,9340.0,28.295503211991434,2
Perak,Perak,Perak,2021,2021-01-01,herbs,Herbs,5,422.8,1305.6,1.3055999999999999,9340.0,13.978586723768736,3
Kelantan,Kelantan,Kelantan,2021,2021-01-01,herbs,Herbs,5,133.5,709.7,0.7097,9340.0,7.598501070663811,4
Selangor,Selangor,Selangor,2021,2021-01-01,herbs,Herbs,5,82.7,513.2,0.5132000000000001,9340.0,5.494646680942185,5
Pahang,Pahang,Pahang,2021,2021-01-01,herbs,Herbs,5,220.5,396.8,0.3968,9340.0,4.248394004282655,6
Terengganu,Terengganu,Terengganu,2021,2021-01-01,herbs,Herbs,5,113.4,333.9,0.3339,9340.0,3.5749464668094215,7
Kedah,Kedah,Kedah,2021,2021-01-01,herbs,Herbs,5,103.5,319.7,0.3197,9340.0,3.4229122055674512,8
Melaka,Melaka,Melaka,2021,2021-01-01,herbs,Herbs,5,5.3,61.7,0.061700000000000005,9340.0,0.6605995717344754,9
Negeri Sembilan,Negeri Sembilan,Negeri Sembilan,2021,2021-01-01,herbs,Herbs,5,15.6,53.7,0.053700000000000005,9340.0,0.5749464668094219,10
Perlis,Perlis,Perlis,2021,2021-01-01,herbs,Herbs,5,8.4,52.8,0.0528,9340.0,0.5653104925053533,11
Pulau Pinang,Penang,Penang,2021,2021-01-01,herbs,Herbs,5,0.5,2.1,0.0021000000000000003,9340.0,0.022483940042826552,12
Sabah,Sabah,Sabah,2021,2021-01-01,herbs,Herbs,5,1.2,0.4,0.0004,9340.0,0.004282655246252677,13
W.P. Kuala Lumpur,Kuala Lumpur,Kuala Lumpur,2021,2021-01-01,herbs,Herbs,5,0.0,0.0,0.0,9340.0,0.0,14
W.P. Labuan,Labuan,Labuan,2021,2021-01-01,herbs,Herbs,5,0.0,0.0,0.0,9340.0,0.0,14
Sarawak,Sarawak,Sarawak,2022,2022-01-01,herbs,Herbs,5,637.9,2981.2,2.9812,9951.3,29.9578949483987,1
Johor,Johor,Johor,2022,2022-01-01,herbs,Herbs,5,256.2,2722.4,2.7224,9951.3,27.35722970868128,2
Perak,Perak,Perak,2022,2022-01-01,herbs,Herbs,5,457.9,1096.7,1.0967,9951.3,11.020670666144124,3
Pahang,Pahang,Pahang,2022,2022-01-01,herbs,Herbs,5,164.3,923.1,0.9231,9951.3,9.276174972114196,4
Kelantan,Kelantan,Kelantan,2022,2022-01-01,herbs,Herbs,5,161.8,786.4,0.7864,9951.3,7.902485102448926,5
Selangor,Selangor,Selangor,2022,2022-01-01,herbs,Herbs,5,82.8,758.2,0.7582000000000001,9951.3,7.619105041552361,6
Kedah,Kedah,Kedah,2022,2022-01-01,herbs,Herbs,5,176.5,282.7,0.2827,9951.3,2.840834865796429,7
Terengganu,Terengganu,Terengganu,2022,2022-01-01,herbs,Herbs,5,124.4,226.6,0.2266,9951.3,2.277089425502196,8
Negeri Sembilan,Negeri Sembilan,Negeri Sembilan,2022,2022-01-01,herbs,Herbs,5,18.2,104.7,0.1047,9951.3,1.052123843115975,9
Melaka,Melaka,Melaka,2022,2022-01-01,herbs,Herbs,5,14.4,59.3,0.0593,9951.3,0.5959020429491624,10
Perlis,Perlis,Perlis,2022,2022-01-01,herbs,Herbs,5,6.8,5.7,0.0057,9951.3,0.057278948479093185,11
Pulau Pinang,Penang,Penang,2022,2022-01-01,herbs,Herbs,5,0.7,4.3,0.0043,9951.3,0.043210434817561524,12
W.P. Kuala Lumpur,Kuala Lumpur,Kuala Lumpur,2022,2022-01-01,herbs,Herbs,5,0.0,0.0,0.0,9951.3,0.0,13
W.P. Labuan,Labuan,Labuan,2022,2022-01-01,herbs,Herbs,5,0.0,0.0,0.0,9951.3,0.0,13
Sabah,Sabah,Sabah,2022,2022-01-01,herbs,Herbs,5,6.2,0.0,0.0,9951.3,0.0,13
Pahang,Pahang,Pahang,2017,2017-01-01,spices,Spices,6,2115.8,18341.5,18.3415,60457.8,30.337690091270275,1
Johor,Johor,Johor,2017,2017-01-01,spices,Spices,6,1507.6,14532.3,14.5323,60457.8,24.037096950269444,2
Selangor,Selangor,Selangor,2017,2017-01-01,spices,Spices,6,476.2,5875.8,5.8758,60457.8,9.718845211039765,3
Perak,Perak,Perak,2017,2017-01-01,spices,Spices,6,374.4,4426.4,4.426399999999999,60457.8,7.321470513316726,4
Kelantan,Kelantan,Kelantan,2017,2017-01-01,spices,Spices,6,607.5,4399.3,4.3993,60457.8,7.2766458587642955,5
Sarawak,Sarawak,Sarawak,2017,2017-01-01,spices,Spices,6,544.0,3556.3,3.5563000000000002,60457.8,5.882284833387917,6
Negeri Sembilan,Negeri Sembilan,Negeri Sembilan,2017,2017-01-01,spices,Spices,6,379.4,2597.1,2.5970999999999997,60457.8,4.29572362871292,7
Sabah,Sabah,Sabah,2017,2017-01-01,spices,Spices,6,461.6,2386.8,2.3868,60457.8,3.9478776932008777,8
Kedah,Kedah,Kedah,2017,2017-01-01,spices,Spices,6,651.5,1383.3,1.3833,60457.8,2.2880422377261493,9
Melaka,Melaka,Melaka,2017,2017-01-01,spices,Spices,6,85.4,1348.9,1.3489,60457.8,2.23114304523155,10
Terengganu,Terengganu,Terengganu,2017,2017-01-01,spices,Spices,6,219.3,1303.7,1.3037,60457.8,2.1563801527677158,11
Pulau Pinang,Penang,Penang,2017,2017-01-01,spices,Spices,6,39.7,297.3,0.2973,60457.8,0.4917479630419896,12
W.P. Labuan,Labuan,Labuan,2017,2017-01-01,spices,Spices,6,3.9,5.8,0.0058,60457.8,0.009593468501996433,13
Perlis,Perlis,Perlis,2017,2017-01-01,spices,Spices,6,0.8,3.3,0.0033,60457.8,0.005458352768377281,14
W.P. Kuala Lumpur,Kuala Lumpur,Kuala Lumpur,2017,2017-01-01,spices,Spices,6,0.0,0.0,0.0,60457.8,0.0,15
Pahang,Pahang,Pahang,2018,2018-01-01,spices,Spices,6,2105.6,18109.9,18.109900000000003,55195.200000000004,32.81064295445981,1
Johor,Johor,Johor,2018,2018-01-01,spices,Spices,6,999.0,11548.8,11.5488,55195.200000000004,20.92355857031046,2
Selangor,Selangor,Selangor,2018,2018-01-01,spices,Spices,6,394.9,4984.1,4.984100000000001,55195.200000000004,9.029951879873613,3
Perak,Perak,Perak,2018,2018-01-01,spices,Spices,6,427.1,4645.8,4.6458,55195.200000000004,8.417036264022958,4
Kelantan,Kelantan,Kelantan,2018,2018-01-01,spices,Spices,6,571.8,4462.1,4.4621,55195.200000000004,8.084217468185638,5
Sarawak,Sarawak,Sarawak,2018,2018-01-01,spices,Spices,6,473.7,2744.3,2.7443,55195.200000000004,4.971990317998666,6
Negeri Sembilan,Negeri Sembilan,Negeri Sembilan,2018,2018-01-01,spices,Spices,6,223.8,2692.6,2.6926,55195.200000000004,4.878322752703133,7
Sabah,Sabah,Sabah,2018,2018-01-01,spices,Spices,6,398.8,2193.2,2.1932,55195.200000000004,3.9735339304867083,8
Kedah,Kedah,Kedah,2018,2018-01-01,spices,Spices,6,562.5,1440.9,1.4409,55195.200000000004,2.61055309157318,9
Melaka,Melaka,Melaka,2018,2018-01-01,spices,Spices,6,128.7,1063.4,1.0634000000000001,55195.200000000004,1.926616807258602,10
Terengganu,Terengganu,Terengganu,2018,2018-01-01,spices,Spices,6,222.4,1043.6,1.0435999999999999,55195.200000000004,1.890744122677334,11
Pulau Pinang,Penang,Penang,2018,2018-01-01,spices,Spices,6,40.6,242.0,0.242,55195.200000000004,0.4384439226599414,12
Perlis,Perlis,Perlis,2018,2018-01-01,spices,Spices,6,2.3,16.3,0.016300000000000002,55195.200000000004,0.029531553468417546,13
W.P. Labuan,Labuan,Labuan,2018,2018-01-01,spices,Spices,6,1.4,8.2,0.008199999999999999,55195.200000000004,0.014856364321535203,14
W.P. Kuala Lumpur,Kuala Lumpur,Kuala Lumpur,2018,2018-01-01,spices,Spices,6,0.0,0.0,0.0,55195.200000000004,0.0,15
Johor,Johor,Johor,2019,2019-01-01,spices,Spices,6,962.0,13679.7,13.6797,51336.7,26.647018604623984,1
Pahang,Pahang,Pahang,2019,2019-01-01,spices,Spices,6,1569.8,13226.8,13.226799999999999,51336.7,25.764803736897772,2
Selangor,Selangor,Selangor,2019,2019-01-01,spices,Spices,6,401.4,4712.3,4.7123,51336.7,9.179203182128965,3
Kelantan,Kelantan,Kelantan,2019,2019-01-01,spices,Spices,6,569.3,4157.2,4.1572,51336.7,8.097910461716472,4
Perak,Perak,Perak,2019,2019-01-01,spices,Spices,6,372.9,3741.3,3.7413000000000003,51336.7,7.287768789189801,5
Negeri Sembilan,Negeri Sembilan,Negeri Sembilan,2019,2019-01-01,spices,Spices,6,252.2,3653.2,3.6532,51336.7,7.116156667647122,6
Sarawak,Sarawak,Sarawak,2019,2019-01-01,spices,Spices,6,465.7,2700.5,2.7005,51336.7,5.2603692874688095,7
Sabah,Sabah,Sabah,2019,2019-01-01,spices,Spices,6,387.0,2442.2,2.4421999999999997,51336.7,4.757220468008267,8
Kedah,Kedah,Kedah,2019,2019-01-01,spices,Spices,6,548.2,1302.6,1.3026,51336.7,2.53736605586257,9
Terengganu,Terengganu,Terengganu,2019,2019-01-01,spices,Spices,6,129.0,864.9,0.8649,51336.7,1.6847596358940096,10
Melaka,Melaka,Melaka,2019,2019-01-01,spices,Spices,6,122.9,659.2,0.6592,51336.7,1.2840716290684835,11
Pulau Pinang,Penang,Penang,2019,2019-01-01,spices,Spices,6,31.8,172.5,0.1725,51336.7,0.3360169235654025,12
Perlis,Perlis,Perlis,2019,2019-01-01,spices,Spices,6,2.1,13.0,0.013,51336.7,0.02532301452956657,13
W.P. Labuan,Labuan,Labuan,2019,2019-01-01,spices,Spices,6,1.4,11.3,0.011300000000000001,51336.7,0.022011543398777096,14
W.P. Kuala Lumpur,Kuala Lumpur,Kuala Lumpur,2019,2019-01-01,spices,Spices,6,0.0,0.0,0.0,51336.7,0.0,15
Johor,Johor,Johor,2020,2020-01-01,spices,Spices,6,1211.6,15368.5,15.3685,52541.3,29.250323079177715,1
Pahang,Pahang,Pahang,2020,2020-01-01,spices,Spices,6,1385.3,12147.3,12.1473,52541.3,23.119526924533652,2
Negeri Sembilan,Negeri Sembilan,Negeri Sembilan,2020,2020-01-01,spices,Spices,6,412.7,5420.0,5.42,52541.3,10.315694510794366,3
Kelantan,Kelantan,Kelantan,2020,2020-01-01,spices,Spices,6,514.4,4903.1,4.9031,52541.3,9.331897002929125,4
Perak,Perak,Perak,2020,2020-01-01,spices,Spices,6,358.5,3469.9,3.4699,52541.3,6.604138078045271,5
Sarawak,Sarawak,Sarawak,2020,2020-01-01,spices,Spices,6,498.9,2988.4,2.9884,52541.3,5.687716139494074,6
Selangor,Selangor,Selangor,2020,2020-01-01,spices,Spices,6,259.7,2742.3,2.7423,52541.3,5.219322704234573,7
Sabah,Sabah,Sabah,2020,2020-01-01,spices,Spices,6,463.1,2536.2,2.5362,52541.3,4.827059855770602,8
Terengganu,Terengganu,Terengganu,2020,2020-01-01,spices,Spices,6,110.9,990.2,0.9902000000000001,52541.3,1.8846126761233544,9
Kedah,Kedah,Kedah,2020,2020-01-01,spices,Spices,6,577.9,971.5,0.9715,52541.3,1.8490216267964439,10
Melaka,Melaka,Melaka,2020,2020-01-01,spices,Spices,6,135.3,705.9,0.7059,52541.3,1.343514530474122,11
Pulau Pinang,Penang,Penang,2020,2020-01-01,spices,Spices,6,30.1,289.6,0.2896,52541.3,0.5511854483996399,12
W.P. Labuan,Labuan,Labuan,2020,2020-01-01,spices,Spices,6,0.5,8.4,0.008400000000000001,52541.3,0.015987423227061377,13
W.P. Kuala Lumpur,Kuala Lumpur,Kuala Lumpur,2020,2020-01-01,spices,Spices,6,0.0,0.0,0.0,52541.3,0.0,14
Perlis,Perlis,Perlis,2020,2020-01-01,spices,Spices,6,0.0,0.0,0.0,52541.3,0.0,14
Johor,Johor,Johor,2021,2021-01-01,spices,Spices,6,1645.5,18401.5,18.4015,54037.9,34.0529517246229,1
Pahang,Pahang,Pahang,2021,2021-01-01,spices,Spices,6,1044.8,8619.4,8.619399999999999,54037.9,15.950656853800757,2
Negeri Sembilan,Negeri Sembilan,Negeri Sembilan,2021,2021-01-01,spices,Spices,6,528.3,7078.2,7.0782,54037.9,13.098584511981404,3
Kelantan,Kelantan,Kelantan,2021,2021-01-01,spices,Spices,6,532.7,4428.4,4.4284,54037.9,8.194989072484312,4
Selangor,Selangor,Selangor,2021,2021-01-01,spices,Spices,6,280.4,3672.6,3.6726,54037.9,6.796341086533711,5
Perak,Perak,Perak,2021,2021-01-01,spices,Spices,6,387.7,3668.7,3.6687,54037.9,6.789123929686386,6
Sarawak,Sarawak,Sarawak,2021,2021-01-01,spices,Spices,6,496.7,2919.6,2.9196,54037.9,5.40287464908888,7
Sabah,Sabah,Sabah,2021,2021-01-01,spices,Spices,6,430.5,2744.8,2.7448,54037.9,5.079397978085751,8
Kedah,Kedah,Kedah,2021,2021-01-01,spices,Spices,6,351.6,965.3,0.9652999999999999,54037.9,1.7863388473645345,9
Terengganu,Terengganu,Terengganu,2021,2021-01-01,spices,Spices,6,175.1,797.0,0.797,54037.9,1.4748907711069452,10
Melaka,Melaka,Melaka,2021,2021-01-01,spices,Spices,6,62.1,460.2,0.4602,54037.9,0.8516245079842111,11
Pulau Pinang,Penang,Penang,2021,2021-01-01,spices,Spices,6,42.8,282.2,0.2822,54037.9,0.5222260672602006,12
W.P. Kuala Lumpur,Kuala Lumpur,Kuala Lumpur,2021,2021-01-01,spices,Spices,6,0.0,0.0,0.0,54037.9,0.0,13
W.P. Labuan,Labuan,Labuan,2021,2021-01-01,spices,Spices,6,0.0,0.0,0.0,54037.9,0.0,13
Perlis,Perlis,Perlis,2021,2021-01-01,spices,Spices,6,0.0,0.0,0.0,54037.9,0.0,13
Johor,Johor,Johor,2022,2022-01-01,spices,Spices,6,1568.0,17925.1,17.925099999999997,53727.5,33.36298915825229,1
Pahang,Pahang,Pahang,2022,2022-01-01,spices,Spices,6,1081.2,10571.9,10.5719,53727.5,19.676887999627752,2
Kelantan,Kelantan,Kelantan,2022,2022-01-01,spices,Spices,6,583.0,4730.9,4.730899999999999,53727.5,8.805360383416314,3
Negeri Sembilan,Negeri Sembilan,Negeri Sembilan,2022,2022-01-01,spices,Spices,6,341.9,4674.0,4.674,53727.5,8.699455586059281,4
Perak,Perak,Perak,2022,2022-01-01,spices,Spices,6,430.5,2923.1,2.9231,53727.5,5.4406030431343355,5
Sabah,Sabah,Sabah,2022,2022-01-01,spices,Spices,6,452.1,2921.6,2.9215999999999998,53727.5,5.437811176771672,6
Selangor,Selangor,Selangor,2022,2022-01-01,spices,Spices,6,231.8,2871.7,2.8716999999999997,53727.5,5.344935089107068,7
Sarawak,Sarawak,Sarawak,2022,2022-01-01,spices,Spices,6,481.8,2863.1,2.8630999999999998,53727.5,5.328928388627798,8
Kedah,Kedah,Kedah,2022,2022-01-01,spices,Spices,6,419.9,2166.5,2.1665,53727.5,4.032385649806896,9
Terengganu,Terengganu,Terengganu,2022,2022-01-01,spices,Spices,6,167.9,955.0,0.955,53727.5,1.7774882508957237,10
Melaka,Melaka,Melaka,2022,2022-01-01,spices,Spices,6,102.2,798.9,0.7988999999999999,53727.5,1.4869480247545483,11
Pulau Pinang,Penang,Penang,2022,2022-01-01,spices,Spices,6,35.6,285.6,0.2856,53727.5,0.5315713554511191,12
Perlis,Perlis,Perlis,2022,2022-01-01,spices,Spices,6,18.0,40.1,0.040100000000000004,53727.5,0.07463589409520265,13
W.P. Kuala Lumpur,Kuala Lumpur,Kuala Lumpur,2022,2022-01-01,spices,Spices,6,0.0,0.0,0.0,53727.5,0.0,14
W.P. Labuan,Labuan,Labuan,2022,2022-01-01,spices,Spices,6,0.0,0.0,0.0,53727.5,0.0,14
