state,state_display,year,indicator,indicator_order,indicator_value,indicator_value_label,exposure_score,overall_exposure_score,indicator_meaning,unit,food_crop_planted_area_hectares,food_crop_production_tonnes,fish_landings_tonnes,population_thousand,pressure_band
Johor,Johor,2018,Food inflation,1,1.7,1.7%,100.0,82.81117012027858,Higher values mean more price pressure,%,78469.3,885289.3,69667,3749.4,Higher exposure
Johor,Johor,2018,"Crop production per 1,000 residents",2,236.1149250546754,236.1,78.75031755121324,82.81117012027858,Lower values mean weaker local crop capacity,"tonnes per 1,000 residents",78469.3,885289.3,69667,3749.4,Higher exposure
Johor,Johor,2018,"Fish landings per 1,000 residents",3,18.580839601002825,18.6,95.24216719589857,82.81117012027858,Lower values mean weaker seafood supply,"tonnes per 1,000 residents",78469.3,885289.3,69667,3749.4,Higher exposure
Johor,Johor,2018,Population,4,3749.4,"3,749.4 thousand",57.25219573400251,82.81117012027858,Higher values mean stronger demand pressure,thousand people,78469.3,885289.3,69667,3749.4,Moderate exposure
Johor,Johor,2019,Food inflation,1,1.9166666666666667,1.9%,64.59854014598541,73.26856355307069,Higher values mean more price pressure,%,71333.1,870078.9,65127,3761.2,Moderate exposure
Johor,Johor,2019,"Crop production per 1,000 residents",2,231.3301339997873,231.3,75.06510338724411,73.26856355307069,Lower values mean weaker local crop capacity,"tonnes per 1,000 residents",71333.1,870078.9,65127,3761.2,Higher exposure
Johor,Johor,2019,"Fish landings per 1,000 residents",3,17.315484419866,17.3,96.25415191648852,73.26856355307069,Lower values mean weaker seafood supply,"tonnes per 1,000 residents",71333.1,870078.9,65127,3761.2,Higher exposure
Johor,Johor,2019,Population,4,3761.2,"3,761.2 thousand",57.15645876256477,73.26856355307069,Higher values mean stronger demand pressure,thousand people,71333.1,870078.9,65127,3761.2,Moderate exposure
Johor,Johor,2020,Food inflation,1,1.5250000000000001,1.5%,72.01834862385323,73.38102763574032,Higher values mean more price pressure,%,75447.3,898282.7999999999,70177,4009.7,Higher exposure
Johor,Johor,2020,"Crop production per 1,000 residents",2,224.02743347382597,224.0,71.76578974120878,73.38102763574032,Lower values mean weaker local crop capacity,"tonnes per 1,000 residents",75447.3,898282.7999999999,70177,4009.7,Higher exposure
Johor,Johor,2020,"Fish landings per 1,000 residents",3,17.501808115320348,17.5,93.00088270505424,73.38102763574032,Lower values mean weaker seafood supply,"tonnes per 1,000 residents",75447.3,898282.7999999999,70177,4009.7,Higher exposure
Johor,Johor,2020,Population,4,4009.7,"4,009.7 thousand",56.73908947284507,73.38102763574032,Higher values mean stronger demand pressure,thousand people,75447.3,898282.7999999999,70177,4009.7,Moderate exposure
Johor,Johor,2021,Food inflation,1,1.8,1.8%,64.97695852534562,72.17376712866975,Higher values mean more price pressure,%,84216.3,1022278.2999999999,51418,4020.0,Moderate exposure
Johor,Johor,2021,"Crop production per 1,000 residents",2,254.29808457711442,254.3,73.6921349900388,72.17376712866975,Lower values mean weaker local crop capacity,"tonnes per 1,000 residents",84216.3,1022278.2999999999,51418,4020.0,Higher exposure
Johor,Johor,2021,"Fish landings per 1,000 residents",3,12.790547263681592,12.8,93.31011797413092,72.17376712866975,Lower values mean weaker seafood supply,"tonnes per 1,000 residents",84216.3,1022278.2999999999,51418,4020.0,Higher exposure
Johor,Johor,2021,Population,4,4020.0,"4,020.0 thousand",56.715857025163686,72.17376712866975,Higher values mean stronger demand pressure,thousand people,84216.3,1022278.2999999999,51418,4020.0,Moderate exposure
Johor,Johor,2022,Food inflation,1,6.1499999999999995,6.1%,69.89247311827957,71.5398593859799,Higher values mean more price pressure,%,85275.3,1173189.5,57727,4028.3,Higher exposure
Johor,Johor,2022,"Crop production per 1,000 residents",2,291.2368741156319,291.2,67.02806653380773,71.5398593859799,Lower values mean weaker local crop capacity,"tonnes per 1,000 residents",85275.3,1173189.5,57727,4028.3,Higher exposure
Johor,Johor,2022,"Fish landings per 1,000 residents",3,14.330362684010623,14.3,92.69965090474682,71.5398593859799,Lower values mean weaker seafood supply,"tonnes per 1,000 residents",85275.3,1173189.5,57727,4028.3,Higher exposure
Johor,Johor,2022,Population,4,4028.3,"4,028.3 thousand",56.539246987085455,71.5398593859799,Higher values mean stronger demand pressure,thousand people,85275.3,1173189.5,57727,4028.3,Moderate exposure
Kedah,Kedah,2018,Food inflation,1,-1.15,-1.1%,0.0,42.34634597973647,Higher values mean more price pressure,%,229544.8,1048183.4,149272,2163.0,Lower exposure
Kedah,Kedah,2018,"Crop production per 1,000 residents",2,484.59704114655574,484.6,55.11096648899472,42.34634597973647,Lower values mean weaker local crop capacity,"tonnes per 1,000 residents",229544.8,1048183.4,149272,2163.0,Moderate exposure
Kedah,Kedah,2018,"Fish landings per 1,000 residents",3,69.01155802126677,69.0,81.90302470724099,42.34634597973647,Lower values mean weaker seafood supply,"tonnes per 1,000 residents",229544.8,1048183.4,149272,2163.0,Higher exposure
Kedah,Kedah,2018,Population,4,2163.0,"2,163.0 thousand",32.37139272271016,42.34634597973647,Higher values mean stronger demand pressure,thousand people,229544.8,1048183.4,149272,2163.0,Lower exposure
Kedah,Kedah,2019,Food inflation,1,2.725,2.7%,100.0,67.13755320087628,Higher values mean more price pressure,%,228844.1,954158.2,149251,2173.7,Higher exposure
Kedah,Kedah,2019,"Crop production per 1,000 residents",2,438.9557896673874,439.0,51.42220320948327,67.13755320087628,Lower values mean weaker local crop capacity,"tonnes per 1,000 residents",228844.1,954158.2,149251,2173.7,Moderate exposure
Kedah,Kedah,2019,"Fish landings per 1,000 residents",3,68.66218889451167,68.7,84.7499113234344,67.13755320087628,Lower values mean weaker seafood supply,"tonnes per 1,000 residents",228844.1,954158.2,149251,2173.7,Higher exposure
Kedah,Kedah,2019,Population,4,2173.7,"2,173.7 thousand",32.37809827058749,67.13755320087628,Higher values mean stronger demand pressure,thousand people,228844.1,954158.2,149251,2173.7,Lower exposure
Kedah,Kedah,2020,Food inflation,1,0.6583333333333333,0.7%,24.31192660550459,41.79204149334289,Higher values mean more price pressure,%,229987.8,1000215.0,134420,2131.4,Lower exposure
Kedah,Kedah,2020,"Crop production per 1,000 residents",2,469.27606268180534,469.3,39.09559342201964,41.79204149334289,Lower values mean weaker local crop capacity,"tonnes per 1,000 residents",229987.8,1000215.0,134420,2131.4,Moderate exposure
Kedah,Kedah,2020,"Fish landings per 1,000 residents",3,63.06652904194426,63.1,74.24605750933927,41.79204149334289,Lower values mean weaker seafood supply,"tonnes per 1,000 residents",229987.8,1000215.0,134420,2131.4,Higher exposure
Kedah,Kedah,2020,Population,4,2131.4,"2,131.4 thousand",29.514588436508056,41.79204149334289,Higher values mean stronger demand pressure,thousand people,229987.8,1000215.0,134420,2131.4,Lower exposure
Kedah,Kedah,2021,Food inflation,1,1.25,1.2%,34.562211981566826,46.020324045083434,Higher values mean more price pressure,%,228241.1,1004164.8,122828,2151.7,Moderate exposure
Kedah,Kedah,2021,"Crop production per 1,000 residents",2,466.68438908769815,466.7,50.54920571684266,46.020324045083434,Lower values mean weaker local crop capacity,"tonnes per 1,000 residents",228241.1,1004164.8,122828,2151.7,Moderate exposure
Kedah,Kedah,2021,"Fish landings per 1,000 residents",3,57.08416600827253,57.1,69.25764930592297,46.020324045083434,Lower values mean weaker seafood supply,"tonnes per 1,000 residents",228241.1,1004164.8,122828,2151.7,Higher exposure
Kedah,Kedah,2021,Population,4,2151.7,"2,151.7 thousand",29.71222917600127,46.020324045083434,Higher values mean stronger demand pressure,thousand people,228241.1,1004164.8,122828,2151.7,Lower exposure
Kedah,Kedah,2022,Food inflation,1,3.6916666666666664,3.7%,6.451612903225806,37.476883286764846,Higher values mean more price pressure,%,226901.5,980959.4,140866,2163.1,Lower exposure
Kedah,Kedah,2022,"Crop production per 1,000 residents",2,453.4970181683695,453.5,47.843851784701194,37.476883286764846,Lower values mean weaker local crop capacity,"tonnes per 1,000 residents",226901.5,980959.4,140866,2163.1,Moderate exposure
Kedah,Kedah,2022,"Fish landings per 1,000 residents",3,65.12227821182563,65.1,65.89710887101722,37.476883286764846,Lower values mean weaker seafood supply,"tonnes per 1,000 residents",226901.5,980959.4,140866,2163.1,Moderate exposure
Kedah,Kedah,2022,Population,4,2163.1,"2,163.1 thousand",29.714959588115164,37.476883286764846,Higher values mean stronger demand pressure,thousand people,226901.5,980959.4,140866,2163.1,Lower exposure
Kelantan,Kelantan,2018,Food inflation,1,1.0250000000000001,1.0%,76.31578947368422,64.39608993566556,Higher values mean more price pressure,%,107584.79999999999,657010.4,99409,1860.5,Higher exposure
Kelantan,Kelantan,2018,"Crop production per 1,000 residents",2,353.13646869121203,353.1,67.61747066719877,64.39608993566556,Lower values mean weaker local crop capacity,"tonnes per 1,000 residents",107584.79999999999,657010.4,99409,1860.5,Higher exposure
Kelantan,Kelantan,2018,"Fish landings per 1,000 residents",3,53.43133566245633,53.4,86.02406070591978,64.39608993566556,Lower values mean weaker seafood supply,"tonnes per 1,000 residents",107584.79999999999,657010.4,99409,1860.5,Higher exposure
Kelantan,Kelantan,2018,Population,4,1860.5,"1,860.5 thousand",27.627038895859474,64.39608993566556,Higher values mean stronger demand pressure,thousand people,107584.79999999999,657010.4,99409,1860.5,Lower exposure
Kelantan,Kelantan,2019,Food inflation,1,1.025,1.0%,25.54744525547445,51.63595982391401,Higher values mean more price pressure,%,106136.5,623173.5,90200,1883.8,Lower exposure
Kelantan,Kelantan,2019,"Crop production per 1,000 residents",2,330.80661429026435,330.8,63.73744503028241,51.63595982391401,Lower values mean weaker local crop capacity,"tonnes per 1,000 residents",106136.5,623173.5,90200,1883.8,Moderate exposure
Kelantan,Kelantan,2019,"Fish landings per 1,000 residents",3,47.881940758042255,47.9,89.40573055450801,51.63595982391401,Lower values mean weaker seafood supply,"tonnes per 1,000 residents",106136.5,623173.5,90200,1883.8,Higher exposure
Kelantan,Kelantan,2019,Population,4,1883.8,"1,883.8 thousand",27.85321845539115,51.63595982391401,Higher values mean stronger demand pressure,thousand people,106136.5,623173.5,90200,1883.8,Lower exposure
Kelantan,Kelantan,2020,Food inflation,1,0.8833333333333333,0.9%,36.69724770642202,49.2712815321339,Higher values mean more price pressure,%,110014.5,661122.7,73580,1792.5,Moderate exposure
Kelantan,Kelantan,2020,"Crop production per 1,000 residents",2,368.8271687587168,368.8,52.47664715149727,49.2712815321339,Lower values mean weaker local crop capacity,"tonnes per 1,000 residents",110014.5,661122.7,73580,1792.5,Moderate exposure
Kelantan,Kelantan,2020,"Fish landings per 1,000 residents",3,41.04881450488145,41.0,83.3087353652346,49.2712815321339,Lower values mean weaker seafood supply,"tonnes per 1,000 residents",110014.5,661122.7,73580,1792.5,Higher exposure
Kelantan,Kelantan,2020,Population,4,1792.5,"1,792.5 thousand",24.602495905381712,49.2712815321339,Higher values mean stronger demand pressure,thousand people,110014.5,661122.7,73580,1792.5,Lower exposure
Kelantan,Kelantan,2021,Food inflation,1,2.1166666666666667,2.1%,82.48847926267283,62.4578094327674,Higher values mean more price pressure,%,110378.9,692893.8,58274,1812.3,Higher exposure
Kelantan,Kelantan,2021,"Crop production per 1,000 residents",2,382.3284224466148,382.3,59.74115514242061,62.4578094327674,Lower values mean weaker local crop capacity,"tonnes per 1,000 residents",110378.9,692893.8,58274,1812.3,Moderate exposure
Kelantan,Kelantan,2021,"Fish landings per 1,000 residents",3,32.154720520885064,32.2,82.7949199895112,62.4578094327674,Lower values mean weaker seafood supply,"tonnes per 1,000 residents",110378.9,692893.8,58274,1812.3,Higher exposure
Kelantan,Kelantan,2021,Population,4,1812.3,"1,812.3 thousand",24.806683336464943,62.4578094327674,Higher values mean stronger demand pressure,thousand people,110378.9,692893.8,58274,1812.3,Lower exposure
Kelantan,Kelantan,2022,Food inflation,1,4.491666666666666,4.5%,27.096774193548384,49.331674783471,Higher values mean more price pressure,%,112416.0,627807.4,55084,1830.6,Lower exposure
Kelantan,Kelantan,2022,"Crop production per 1,000 residents",2,342.9517098219163,343.0,60.91375842878307,49.331674783471,Lower values mean weaker local crop capacity,"tonnes per 1,000 residents",112416.0,627807.4,55084,1830.6,Moderate exposure
Kelantan,Kelantan,2022,"Fish landings per 1,000 residents",3,30.090680651152628,30.1,84.38304027115217,49.331674783471,Lower values mean weaker seafood supply,"tonnes per 1,000 residents",112416.0,627807.4,55084,1830.6,Higher exposure
Kelantan,Kelantan,2022,Population,4,1830.6,"1,830.6 thousand",24.933126240400373,49.331674783471,Higher values mean stronger demand pressure,thousand people,112416.0,627807.4,55084,1830.6,Lower exposure
Melaka,Melaka,2018,Food inflation,1,1.325,1.3%,86.8421052631579,73.52858577467047,Higher values mean more price pressure,%,9628.2,62685.100000000006,1906,922.4,Higher exposure
Melaka,Melaka,2018,"Crop production per 1,000 residents",2,67.95869470945361,68.0,94.74786387346093,73.52858577467047,Lower values mean weaker local crop capacity,"tonnes per 1,000 residents",9628.2,62685.100000000006,1906,922.4,Higher exposure
Melaka,Melaka,2018,"Fish landings per 1,000 residents",3,2.066348655680833,2.1,99.61032126444701,73.52858577467047,Lower values mean weaker seafood supply,"tonnes per 1,000 residents",9628.2,62685.100000000006,1906,922.4,Higher exposure
Melaka,Melaka,2018,Population,4,922.4,922.4 thousand,12.91405269761606,73.52858577467047,Higher values mean stronger demand pressure,thousand people,9628.2,62685.100000000006,1906,922.4,Lower exposure
Melaka,Melaka,2019,Food inflation,1,1.2916666666666667,1.3%,37.22627737226278,61.28907367070693,Higher values mean more price pressure,%,9101.300000000001,49734.2,1872,928.4,Moderate exposure
Melaka,Melaka,2019,"Crop production per 1,000 residents",2,53.56979750107712,53.6,95.30715814627946,61.28907367070693,Lower values mean weaker local crop capacity,"tonnes per 1,000 residents",9101.300000000001,49734.2,1872,928.4,Higher exposure
Melaka,Melaka,2019,"Fish landings per 1,000 residents",3,2.016372253339078,2.0,99.68192141064868,61.28907367070693,Lower values mean weaker seafood supply,"tonnes per 1,000 residents",9101.300000000001,49734.2,1872,928.4,Higher exposure
Melaka,Melaka,2019,Population,4,928.4,928.4 thousand,12.94093775363676,61.28907367070693,Higher values mean stronger demand pressure,thousand people,9101.300000000001,49734.2,1872,928.4,Lower exposure
Melaka,Melaka,2020,Food inflation,1,0.75,0.8%,29.357798165137616,58.658766931338306,Higher values mean more price pressure,%,11911.5,66616.3,1797,998.4,Lower exposure
Melaka,Melaka,2020,"Crop production per 1,000 residents",2,66.72305689102565,66.7,92.72070753799515,58.658766931338306,Lower values mean weaker local crop capacity,"tonnes per 1,000 residents",11911.5,66616.3,1797,998.4,Higher exposure
Melaka,Melaka,2020,"Fish landings per 1,000 residents",3,1.7998798076923077,1.8,99.46392943630593,58.658766931338306,Lower values mean weaker seafood supply,"tonnes per 1,000 residents",11911.5,66616.3,1797,998.4,Higher exposure
Melaka,Melaka,2020,Population,4,998.4,998.4 thousand,13.092632585914513,58.658766931338306,Higher values mean stronger demand pressure,thousand people,11911.5,66616.3,1797,998.4,Lower exposure
Melaka,Melaka,2021,Food inflation,1,1.4083333333333332,1.4%,43.31797235023041,62.754869777342016,Higher values mean more price pressure,%,9349.800000000001,54923.5,2089,1004.5,Moderate exposure
Melaka,Melaka,2021,"Crop production per 1,000 residents",2,54.677451468392235,54.7,95.44403751572908,62.754869777342016,Lower values mean weaker local crop capacity,"tonnes per 1,000 residents",9349.800000000001,54923.5,2089,1004.5,Higher exposure
Melaka,Melaka,2021,"Fish landings per 1,000 residents",3,2.079641612742658,2.1,99.12638970534503,62.754869777342016,Lower values mean weaker seafood supply,"tonnes per 1,000 residents",9349.800000000001,54923.5,2089,1004.5,Higher exposure
Melaka,Melaka,2021,Population,4,1004.5,"1,004.5 thousand",13.131079538063508,62.754869777342016,Higher values mean stronger demand pressure,thousand people,9349.800000000001,54923.5,2089,1004.5,Lower exposure
Melaka,Melaka,2022,Food inflation,1,4.633333333333334,4.6%,30.75268817204303,59.00948527588777,Higher values mean more price pressure,%,12828.4,72532.2,2001,1008.6,Lower exposure
Melaka,Melaka,2022,"Crop production per 1,000 residents",2,71.91374182034502,71.9,92.9589079857416,59.00948527588777,Lower values mean weaker local crop capacity,"tonnes per 1,000 residents",12828.4,72532.2,2001,1008.6,Higher exposure
Melaka,Melaka,2022,"Fish landings per 1,000 residents",3,1.9839381320642475,2.0,99.21477362813764,59.00948527588777,Lower values mean weaker seafood supply,"tonnes per 1,000 residents",12828.4,72532.2,2001,1008.6,Higher exposure
Melaka,Melaka,2022,Population,4,1008.6,"1,008.6 thousand",13.111571317628787,59.00948527588777,Higher values mean stronger demand pressure,thousand people,12828.4,72532.2,2001,1008.6,Lower exposure
Negeri Sembilan,Negeri Sembilan,2018,Food inflation,1,1.5583333333333333,1.6%,95.02923976608187,75.94857165486503,Higher values mean more price pressure,%,10696.6,100406.8,666,1122.9,Higher exposure
Negeri Sembilan,Negeri Sembilan,2018,"Crop production per 1,000 residents",2,89.41740137144892,89.4,92.70638938788264,75.94857165486503,Lower values mean weaker local crop capacity,"tonnes per 1,000 residents",10696.6,100406.8,666,1122.9,Higher exposure
Negeri Sembilan,Negeri Sembilan,2018,"Fish landings per 1,000 residents",3,0.5931071333155222,0.6,100.0,75.94857165486503,Lower values mean weaker seafood supply,"tonnes per 1,000 residents",10696.6,100406.8,666,1122.9,Higher exposure
Negeri Sembilan,Negeri Sembilan,2018,Population,4,1122.9,"1,122.9 thousand",16.05865746549561,75.94857165486503,Higher values mean stronger demand pressure,thousand people,10696.6,100406.8,666,1122.9,Lower exposure
Negeri Sembilan,Negeri Sembilan,2019,Food inflation,1,1.5,1.5%,46.35036496350365,63.08927356484022,Higher values mean more price pressure,%,10787.0,113031.2,672,1126.2,Moderate exposure
Negeri Sembilan,Negeri Sembilan,2019,"Crop production per 1,000 residents",2,100.36512164801988,100.4,89.97844684596024,63.08927356484022,Lower values mean weaker local crop capacity,"tonnes per 1,000 residents",10787.0,113031.2,672,1126.2,Higher exposure
Negeri Sembilan,Negeri Sembilan,2019,"Fish landings per 1,000 residents",3,0.5966968566862013,0.6,100.0,63.08927356484022,Lower values mean weaker seafood supply,"tonnes per 1,000 residents",10787.0,113031.2,672,1126.2,Higher exposure
Negeri Sembilan,Negeri Sembilan,2019,Population,4,1126.2,"1,126.2 thousand",16.028282449896984,63.08927356484022,Higher values mean stronger demand pressure,thousand people,10787.0,113031.2,672,1126.2,Lower exposure
Negeri Sembilan,Negeri Sembilan,2020,Food inflation,1,1.2166666666666666,1.2%,55.04587155963303,64.91639381514594,Higher values mean more price pressure,%,10893.7,117142.29999999999,597,1200.0,Moderate exposure
Negeri Sembilan,Negeri Sembilan,2020,"Crop production per 1,000 residents",2,97.61858333333332,97.6,88.60503554621037,64.91639381514594,Lower values mean weaker local crop capacity,"tonnes per 1,000 residents",10893.7,117142.29999999999,597,1200.0,Higher exposure
Negeri Sembilan,Negeri Sembilan,2020,"Fish landings per 1,000 residents",3,0.4975,0.5,100.0,64.91639381514594,Lower values mean weaker seafood supply,"tonnes per 1,000 residents",10893.7,117142.29999999999,597,1200.0,Higher exposure
Negeri Sembilan,Negeri Sembilan,2020,Population,4,1200.0,"1,200.0 thousand",16.01466815474034,64.91639381514594,Higher values mean stronger demand pressure,thousand people,10893.7,117142.29999999999,597,1200.0,Lower exposure
Negeri Sembilan,Negeri Sembilan,2021,Food inflation,1,1.5833333333333333,1.6%,52.995391705069125,64.9893373264749,Higher values mean more price pressure,%,10816.1,115567.6,567,1204.2,Moderate exposure
Negeri Sembilan,Negeri Sembilan,2021,"Crop production per 1,000 residents",2,95.97043680451752,96.0,90.94449767338745,64.9893373264749,Lower values mean weaker local crop capacity,"tonnes per 1,000 residents",10816.1,115567.6,567,1204.2,Higher exposure
Negeri Sembilan,Negeri Sembilan,2021,"Fish landings per 1,000 residents",3,0.4708520179372197,0.5,100.0,64.9893373264749,Lower values mean weaker seafood supply,"tonnes per 1,000 residents",10816.1,115567.6,567,1204.2,Higher exposure
Negeri Sembilan,Negeri Sembilan,2021,Population,4,1204.2,"1,204.2 thousand",16.017459927443017,64.9893373264749,Higher values mean stronger demand pressure,thousand people,10816.1,115567.6,567,1204.2,Lower exposure
Negeri Sembilan,Negeri Sembilan,2022,Food inflation,1,4.783333333333333,4.8%,34.623655913978496,60.23923339640867,Higher values mean more price pressure,%,11063.5,113462.29999999999,599,1207.9,Moderate exposure
Negeri Sembilan,Negeri Sembilan,2022,"Crop production per 1,000 residents",2,93.93352098683664,93.9,90.355482636134,60.23923339640867,Lower values mean weaker local crop capacity,"tonnes per 1,000 residents",11063.5,113462.29999999999,599,1207.9,Higher exposure
Negeri Sembilan,Negeri Sembilan,2022,"Fish landings per 1,000 residents",3,0.4959019786406159,0.5,100.0,60.23923339640867,Lower values mean weaker seafood supply,"tonnes per 1,000 residents",11063.5,113462.29999999999,599,1207.9,Higher exposure
Negeri Sembilan,Negeri Sembilan,2022,Population,4,1207.9,"1,207.9 thousand",15.977795035522188,60.23923339640867,Higher values mean stronger demand pressure,thousand people,11063.5,113462.29999999999,599,1207.9,Lower exposure
Pahang,Pahang,2018,Food inflation,1,1.125,1.1%,79.82456140350878,62.20706427437665,Higher values mean more price pressure,%,61295.3,659058.6,121205,1664.7,Higher exposure
Pahang,Pahang,2018,"Crop production per 1,000 residents",2,395.90232474319697,395.9,63.5489401001323,62.20706427437665,Lower values mean weaker local crop capacity,"tonnes per 1,000 residents",61295.3,659058.6,121205,1664.7,Moderate exposure
Pahang,Pahang,2018,"Fish landings per 1,000 residents",3,72.80891451913257,72.8,80.8986075386585,62.20706427437665,Lower values mean weaker seafood supply,"tonnes per 1,000 residents",61295.3,659058.6,121205,1664.7,Higher exposure
Pahang,Pahang,2018,Population,4,1664.7,"1,664.7 thousand",24.55614805520703,62.20706427437665,Higher values mean stronger demand pressure,thousand people,61295.3,659058.6,121205,1664.7,Lower exposure
Pahang,Pahang,2019,Food inflation,1,0.9500000000000001,1.0%,22.262773722627742,48.430408535544316,Higher values mean more price pressure,%,56370.0,605461.2,99739,1671.4,Lower exposure
Pahang,Pahang,2019,"Crop production per 1,000 residents",2,362.24793586215145,362.2,60.15713591582933,48.430408535544316,Lower values mean weaker local crop capacity,"tonnes per 1,000 residents",56370.0,605461.2,99739,1671.4,Moderate exposure
Pahang,Pahang,2019,"Fish landings per 1,000 residents",3,59.67392605001795,59.7,86.76373361903516,48.430408535544316,Lower values mean weaker seafood supply,"tonnes per 1,000 residents",56370.0,605461.2,99739,1671.4,Higher exposure
Pahang,Pahang,2019,Population,4,1671.4,"1,671.4 thousand",24.537990884685023,48.430408535544316,Higher values mean stronger demand pressure,thousand people,56370.0,605461.2,99739,1671.4,Lower exposure
Pahang,Pahang,2020,Food inflation,1,1.3416666666666668,1.3%,61.926605504587165,51.43833937393584,Higher values mean more price pressure,%,56921.0,638687.8999999999,101317,1591.3,Moderate exposure
Pahang,Pahang,2020,"Crop production per 1,000 residents",2,401.3623452523094,401.4,48.14255318833087,51.43833937393584,Lower values mean weaker local crop capacity,"tonnes per 1,000 residents",56921.0,638687.8999999999,101317,1591.3,Moderate exposure
Pahang,Pahang,2020,"Fish landings per 1,000 residents",3,63.669326965374225,63.7,73.99794077664875,51.43833937393584,Lower values mean weaker seafood supply,"tonnes per 1,000 residents",56921.0,638687.8999999999,101317,1591.3,Higher exposure
Pahang,Pahang,2020,Population,4,1591.3,"1,591.3 thousand",21.68625802617657,51.43833937393584,Higher values mean stronger demand pressure,thousand people,56921.0,638687.8999999999,101317,1591.3,Lower exposure
Pahang,Pahang,2021,Food inflation,1,2.216666666666667,2.2%,88.01843317972352,57.6799486465128,Higher values mean more price pressure,%,62175.5,713801.8,94815,1601.5,Higher exposure
Pahang,Pahang,2021,"Crop production per 1,000 residents",2,445.7082734935998,445.7,52.83489339684282,57.6799486465128,Lower values mean weaker local crop capacity,"tonnes per 1,000 residents",62175.5,713801.8,94815,1601.5,Moderate exposure
Pahang,Pahang,2021,"Fish landings per 1,000 residents",3,59.20387137059007,59.2,68.10659982615562,57.6799486465128,Lower values mean weaker seafood supply,"tonnes per 1,000 residents",62175.5,713801.8,94815,1601.5,Higher exposure
Pahang,Pahang,2021,Population,4,1601.5,"1,601.5 thousand",21.75986818332924,57.6799486465128,Higher values mean stronger demand pressure,thousand people,62175.5,713801.8,94815,1601.5,Lower exposure
Pahang,Pahang,2022,Food inflation,1,4.941666666666666,4.9%,38.70967741935484,41.77293248814981,Higher values mean more price pressure,%,66624.5,817389.3,107982,1614.3,Moderate exposure
Pahang,Pahang,2022,"Crop production per 1,000 residents",2,506.34287307191977,506.3,41.59582190041656,41.77293248814981,Lower values mean weaker local crop capacity,"tonnes per 1,000 residents",66624.5,817389.3,107982,1614.3,Moderate exposure
Pahang,Pahang,2022,"Fish landings per 1,000 residents",3,66.89091246980115,66.9,64.96381282283562,41.77293248814981,Lower values mean weaker seafood supply,"tonnes per 1,000 residents",66624.5,817389.3,107982,1614.3,Moderate exposure
Pahang,Pahang,2022,Population,4,1614.3,"1,614.3 thousand",21.82241780999223,41.77293248814981,Higher values mean stronger demand pressure,thousand people,66624.5,817389.3,107982,1614.3,Lower exposure
Perak,Perak,2018,Food inflation,1,1.1,1.1%,78.94736842105264,65.74870172031514,Higher values mean more price pressure,%,108474.0,575635.9,313852,2503.5,Higher exposure
Perak,Perak,2018,"Crop production per 1,000 residents",2,229.93245456361095,229.9,79.33848700448705,65.74870172031514,Lower values mean weaker local crop capacity,"tonnes per 1,000 residents",108474.0,575635.9,313852,2503.5,Higher exposure
Perak,Perak,2018,"Fish landings per 1,000 residents",3,125.36528859596565,125.4,66.99721996262171,65.74870172031514,Lower values mean weaker seafood supply,"tonnes per 1,000 residents",108474.0,575635.9,313852,2503.5,Higher exposure
Perak,Perak,2018,Population,4,2503.5,"2,503.5 thousand",37.71173149309912,65.74870172031514,Higher values mean stronger demand pressure,thousand people,108474.0,575635.9,313852,2503.5,Moderate exposure
Perak,Perak,2019,Food inflation,1,1.5333333333333332,1.5%,47.810218978102185,58.19053214871724,Higher values mean more price pressure,%,107977.20000000001,574376.0,314952,2508.8,Moderate exposure
Perak,Perak,2019,"Crop production per 1,000 residents",2,228.94451530612244,228.9,75.33676030004305,58.19053214871724,Lower values mean weaker local crop capacity,"tonnes per 1,000 residents",107977.20000000001,574376.0,314952,2508.8,Higher exposure
Perak,Perak,2019,"Fish landings per 1,000 residents",3,125.53890306122447,125.5,72.00667082512102,58.19053214871724,Lower values mean weaker seafood supply,"tonnes per 1,000 residents",107977.20000000001,574376.0,314952,2508.8,Higher exposure
Perak,Perak,2019,Population,4,2508.8,"2,508.8 thousand",37.60847849160267,58.19053214871724,Higher values mean stronger demand pressure,thousand people,107977.20000000001,574376.0,314952,2508.8,Moderate exposure
Perak,Perak,2020,Food inflation,1,1.5333333333333332,1.5%,72.47706422018348,56.707426017196845,Higher values mean more price pressure,%,102083.4,526920.9,328296,2496.0,Higher exposure
Perak,Perak,2020,"Crop production per 1,000 residents",2,211.10612980769233,211.1,73.48706960660797,56.707426017196845,Lower values mean weaker local crop capacity,"tonnes per 1,000 residents",102083.4,526920.9,328296,2496.0,Higher exposure
Perak,Perak,2020,"Fish landings per 1,000 residents",3,131.52884615384616,131.5,46.06638771623244,56.707426017196845,Lower values mean weaker seafood supply,"tonnes per 1,000 residents",102083.4,526920.9,328296,2496.0,Moderate exposure
Perak,Perak,2020,Population,4,2496.0,"2,496.0 thousand",34.79918252576349,56.707426017196845,Higher values mean stronger demand pressure,thousand people,102083.4,526920.9,328296,2496.0,Moderate exposure
Perak,Perak,2021,Food inflation,1,1.8166666666666667,1.8%,65.89861751152074,50.040681303368366,Higher values mean more price pressure,%,101957.0,577425.9,358398,2515.8,Moderate exposure
Perak,Perak,2021,"Crop production per 1,000 residents",2,229.51979489625566,229.5,76.39213114523487,50.040681303368366,Lower values mean weaker local crop capacity,"tonnes per 1,000 residents",101957.0,577425.9,358398,2515.8,Higher exposure
Perak,Perak,2021,"Fish landings per 1,000 residents",3,142.45886000476983,142.5,22.897198057866873,50.040681303368366,Lower values mean weaker seafood supply,"tonnes per 1,000 residents",101957.0,577425.9,358398,2515.8,Lower exposure
Perak,Perak,2021,Population,4,2515.8,"2,515.8 thousand",34.974778498850945,50.040681303368366,Higher values mean stronger demand pressure,thousand people,101957.0,577425.9,358398,2515.8,Moderate exposure
Perak,Perak,2022,Food inflation,1,5.391666666666667,5.4%,50.322580645161295,49.06856017256019,Higher values mean more price pressure,%,101501.2,580355.1,301376,2514.4,Moderate exposure
Perak,Perak,2022,"Crop production per 1,000 residents",2,230.81255965637925,230.8,74.17210693523305,49.06856017256019,Lower values mean weaker local crop capacity,"tonnes per 1,000 residents",101501.2,580355.1,301376,2514.4,Higher exposure
Perak,Perak,2022,"Fish landings per 1,000 residents",3,119.86000636334711,119.9,37.01238884488254,49.06856017256019,Lower values mean weaker seafood supply,"tonnes per 1,000 residents",101501.2,580355.1,301376,2514.4,Moderate exposure
Perak,Perak,2022,Population,4,2514.4,"2,514.4 thousand",34.7671642649639,49.06856017256019,Higher values mean stronger demand pressure,thousand people,101501.2,580355.1,301376,2514.4,Moderate exposure
Perlis,Perlis,2018,Food inflation,1,-0.3833333333333333,-0.4%,26.900584795321635,7.330933526308451,Higher values mean more price pressure,%,55834.5,269695.89999999997,95990,253.5,Lower exposure
Perlis,Perlis,2018,"Crop production per 1,000 residents",2,1063.889151873767,"1,063.9",0.0,7.330933526308451,Lower values mean weaker local crop capacity,"tonnes per 1,000 residents",55834.5,269695.89999999997,95990,253.5,Lower exposure
Perlis,Perlis,2018,"Fish landings per 1,000 residents",3,378.65877712031556,378.7,0.0,7.330933526308451,Lower values mean weaker seafood supply,"tonnes per 1,000 residents",55834.5,269695.89999999997,95990,253.5,Lower exposure
Perlis,Perlis,2018,Population,4,253.5,253.5 thousand,2.4231493099121706,7.330933526308451,Higher values mean stronger demand pressure,thousand people,55834.5,269695.89999999997,95990,253.5,Lower exposure
Perlis,Perlis,2019,Food inflation,1,1.5833333333333333,1.6%,50.0,13.103655491040769,Higher values mean more price pressure,%,55261.6,226195.1,113519,254.0,Moderate exposure
Perlis,Perlis,2019,"Crop production per 1,000 residents",2,890.5318897637795,890.5,0.0,13.103655491040769,Lower values mean weaker local crop capacity,"tonnes per 1,000 residents",55261.6,226195.1,113519,254.0,Lower exposure
Perlis,Perlis,2019,"Fish landings per 1,000 residents",3,446.9251968503937,446.9,0.0,13.103655491040769,Lower values mean weaker seafood supply,"tonnes per 1,000 residents",55261.6,226195.1,113519,254.0,Lower exposure
Perlis,Perlis,2019,Population,4,254.0,254.0 thousand,2.4146219641630764,13.103655491040769,Higher values mean stronger demand pressure,thousand people,55261.6,226195.1,113519,254.0,Lower exposure
Perlis,Perlis,2020,Food inflation,1,0.5416666666666666,0.5%,17.889908256880734,5.160227995474079,Higher values mean more price pressure,%,54224.2,217310.0,69358,284.9,Lower exposure
Perlis,Perlis,2020,"Crop production per 1,000 residents",2,762.7588627588628,762.8,0.0,5.160227995474079,Lower values mean weaker local crop capacity,"tonnes per 1,000 residents",54224.2,217310.0,69358,284.9,Lower exposure
Perlis,Perlis,2020,"Fish landings per 1,000 residents",3,243.44682344682346,243.4,0.0,5.160227995474079,Lower values mean weaker seafood supply,"tonnes per 1,000 residents",54224.2,217310.0,69358,284.9,Lower exposure
Perlis,Perlis,2020,Population,4,284.9,284.9 thousand,2.751003725015581,5.160227995474079,Higher values mean stronger demand pressure,thousand people,54224.2,217310.0,69358,284.9,Lower exposure
Perlis,Perlis,2021,Food inflation,1,1.4083333333333332,1.4%,43.31797235023041,20.98184415455016,Higher values mean more price pressure,%,62766.7,267635.5,33057,287.6,Moderate exposure
Perlis,Perlis,2021,"Crop production per 1,000 residents",2,930.5824061196105,930.6,0.0,20.98184415455016,Lower values mean weaker local crop capacity,"tonnes per 1,000 residents",62766.7,267635.5,33057,287.6,Lower exposure
Perlis,Perlis,2021,"Fish landings per 1,000 residents",3,114.94089012517384,114.9,37.84009789538578,20.98184415455016,Lower values mean weaker seafood supply,"tonnes per 1,000 residents",62766.7,267635.5,33057,287.6,Moderate exposure
Perlis,Perlis,2021,Population,4,287.6,287.6 thousand,2.7693063725844453,20.98184415455016,Higher values mean stronger demand pressure,thousand people,62766.7,267635.5,33057,287.6,Lower exposure
Perlis,Perlis,2022,Food inflation,1,4.8999999999999995,4.9%,37.63440860215053,17.86686545717578,Higher values mean more price pressure,%,63879.700000000004,248694.9,38005,289.8,Moderate exposure
Perlis,Perlis,2022,"Crop production per 1,000 residents",2,858.1604554865424,858.2,0.0,17.86686545717578,Lower values mean weaker local crop capacity,"tonnes per 1,000 residents",63879.700000000004,248694.9,38005,289.8,Lower exposure
Perlis,Perlis,2022,"Fish landings per 1,000 residents",3,131.14216701173223,131.1,31.058870812194144,17.86686545717578,Lower values mean weaker seafood supply,"tonnes per 1,000 residents",63879.700000000004,248694.9,38005,289.8,Lower exposure
Perlis,Perlis,2022,Population,4,289.8,289.8 thousand,2.7741824143584433,17.86686545717578,Higher values mean stronger demand pressure,thousand people,63879.700000000004,248694.9,38005,289.8,Lower exposure
Pulau Pinang,Penang,2018,Food inflation,1,1.675,1.7%,99.12280701754388,77.38982766309492,Higher values mean more price pressure,%,29017.5,163032.30000000002,54847,1762.8,Higher exposure
Pulau Pinang,Penang,2018,"Crop production per 1,000 residents",2,92.4848536419333,92.5,92.41456725505049,77.38982766309492,Lower values mean weaker local crop capacity,"tonnes per 1,000 residents",29017.5,163032.30000000002,54847,1762.8,Higher exposure
Pulau Pinang,Penang,2018,"Fish landings per 1,000 residents",3,31.113569321533923,31.1,91.9272061413913,77.38982766309492,Lower values mean weaker seafood supply,"tonnes per 1,000 residents",29017.5,163032.30000000002,54847,1762.8,Higher exposure
Pulau Pinang,Penang,2018,Population,4,1762.8,"1,762.8 thousand",26.094730238393975,77.38982766309492,Higher values mean stronger demand pressure,thousand people,29017.5,163032.30000000002,54847,1762.8,Lower exposure
Pulau Pinang,Penang,2019,Food inflation,1,1.8416666666666668,1.8%,61.3138686131387,67.95806061876569,Higher values mean more price pressure,%,29114.399999999998,163620.6,51688,1768.8,Moderate exposure
Pulau Pinang,Penang,2019,"Crop production per 1,000 residents",2,92.50373134328359,92.5,90.87364481961943,67.95806061876569,Lower values mean weaker local crop capacity,"tonnes per 1,000 residents",29114.399999999998,163620.6,51688,1768.8,Higher exposure
Pulau Pinang,Penang,2019,"Fish landings per 1,000 residents",3,29.22207146087743,29.2,93.58647843357643,67.95806061876569,Lower values mean weaker seafood supply,"tonnes per 1,000 residents",29114.399999999998,163620.6,51688,1768.8,Higher exposure
Pulau Pinang,Penang,2019,Population,4,1768.8,"1,768.8 thousand",26.058250608728223,67.95806061876569,Higher values mean stronger demand pressure,thousand people,29114.399999999998,163620.6,51688,1768.8,Lower exposure
Pulau Pinang,Penang,2020,Food inflation,1,1.2916666666666667,1.3%,59.174311926605526,64.8587656050888,Higher values mean more price pressure,%,27718.0,156196.80000000002,56849,1740.4,Moderate exposure
Pulau Pinang,Penang,2020,"Crop production per 1,000 residents",2,89.7476442197196,89.7,89.65354344975538,64.8587656050888,Lower values mean weaker local crop capacity,"tonnes per 1,000 residents",27718.0,156196.80000000002,56849,1740.4,Higher exposure
Pulau Pinang,Penang,2020,"Fish landings per 1,000 residents",3,32.66433003907147,32.7,86.75986021170702,64.8587656050888,Lower values mean weaker seafood supply,"tonnes per 1,000 residents",27718.0,156196.80000000002,56849,1740.4,Higher exposure
Pulau Pinang,Penang,2020,Population,4,1740.4,"1,740.4 thousand",23.84734683228734,64.8587656050888,Higher values mean stronger demand pressure,thousand people,27718.0,156196.80000000002,56849,1740.4,Lower exposure
Pulau Pinang,Penang,2021,Food inflation,1,1.1416666666666666,1.1%,28.57142857142857,58.04077714271602,Higher values mean more price pressure,%,27811.0,172292.40000000002,35369,1740.0,Lower exposure
Pulau Pinang,Penang,2021,"Crop production per 1,000 residents",2,99.01862068965518,99.0,90.61234864792182,58.04077714271602,Lower values mean weaker local crop capacity,"tonnes per 1,000 residents",27811.0,172292.40000000002,35369,1740.0,Higher exposure
Pulau Pinang,Penang,2021,"Fish landings per 1,000 residents",3,20.327011494252872,20.3,89.21764201681208,58.04077714271602,Lower values mean weaker seafood supply,"tonnes per 1,000 residents",27811.0,172292.40000000002,35369,1740.0,Higher exposure
Pulau Pinang,Penang,2021,Population,4,1740.0,"1,740.0 thousand",23.761689334701604,58.04077714271602,Higher values mean stronger demand pressure,thousand people,27811.0,172292.40000000002,35369,1740.0,Lower exposure
Pulau Pinang,Penang,2022,Food inflation,1,6.016666666666667,6.0%,66.45161290322581,66.71102340272462,Higher values mean more price pressure,%,27482.4,155253.7,47605,1740.9,Moderate exposure
Pulau Pinang,Penang,2022,"Crop production per 1,000 residents",2,89.18013671089666,89.2,90.91748105704642,66.71102340272462,Lower values mean weaker local crop capacity,"tonnes per 1,000 residents",27482.4,155253.7,47605,1740.9,Higher exposure
Pulau Pinang,Penang,2022,"Fish landings per 1,000 residents",3,27.34505141019013,27.3,85.83188980508311,66.71102340272462,Lower values mean weaker seafood supply,"tonnes per 1,000 residents",27482.4,155253.7,47605,1740.9,Higher exposure
Pulau Pinang,Penang,2022,Population,4,1740.9,"1,740.9 thousand",23.643109845543187,66.71102340272462,Higher values mean stronger demand pressure,thousand people,27482.4,155253.7,47605,1740.9,Lower exposure
Sabah,Sabah,2018,Food inflation,1,1.0666666666666667,1.1%,77.77777777777779,79.92982886116644,Higher values mean more price pressure,%,82250.8,325966.4,163049,3898.4,Higher exposure
Sabah,Sabah,2018,"Crop production per 1,000 residents",2,83.61543197209112,83.6,93.25835986222033,79.92982886116644,Lower values mean weaker local crop capacity,"tonnes per 1,000 residents",82250.8,325966.4,163049,3898.4,Higher exposure
Sabah,Sabah,2018,"Fish landings per 1,000 residents",3,41.82459470552021,41.8,89.09409373942299,79.92982886116644,Lower values mean weaker seafood supply,"tonnes per 1,000 residents",82250.8,325966.4,163049,3898.4,Higher exposure
Sabah,Sabah,2018,Population,4,3898.4,"3,898.4 thousand",59.58908406524467,79.92982886116644,Higher values mean stronger demand pressure,thousand people,82250.8,325966.4,163049,3898.4,Moderate exposure
Sabah,Sabah,2019,Food inflation,1,0.44166666666666665,0.4%,0.0,60.14421986120055,Higher values mean more price pressure,%,84001.09999999999,344347.6,179714,3904.4,Lower exposure
Sabah,Sabah,2019,"Crop production per 1,000 residents",2,88.1947546357955,88.2,91.36431975974598,60.14421986120055,Lower values mean weaker local crop capacity,"tonnes per 1,000 residents",84001.09999999999,344347.6,179714,3904.4,Higher exposure
Sabah,Sabah,2019,"Fish landings per 1,000 residents",3,46.02858313697367,46.0,89.82097574299468,60.14421986120055,Lower values mean weaker seafood supply,"tonnes per 1,000 residents",84001.09999999999,344347.6,179714,3904.4,Higher exposure
Sabah,Sabah,2019,Population,4,3904.4,"3,904.4 thousand",59.39158394206155,60.14421986120055,Higher values mean stronger demand pressure,thousand people,84001.09999999999,344347.6,179714,3904.4,Moderate exposure
Sabah,Sabah,2020,Food inflation,1,0.21666666666666667,0.2%,0.0,52.920287762095825,Higher values mean more price pressure,%,81661.3,344443.0,206702,3418.8,Lower exposure
Sabah,Sabah,2020,"Crop production per 1,000 residents",2,100.74967824967824,100.7,88.18793439485489,52.920287762095825,Lower values mean weaker local crop capacity,"tonnes per 1,000 residents",81661.3,344443.0,206702,3418.8,Higher exposure
Sabah,Sabah,2020,"Fish landings per 1,000 residents",3,60.46039546039546,60.5,75.31876417284195,52.920287762095825,Lower values mean weaker seafood supply,"tonnes per 1,000 residents",81661.3,344443.0,206702,3418.8,Higher exposure
Sabah,Sabah,2020,Population,4,3418.8,"3,418.8 thousand",48.174452480686455,52.920287762095825,Higher values mean stronger demand pressure,thousand people,81661.3,344443.0,206702,3418.8,Moderate exposure
Sabah,Sabah,2021,Food inflation,1,0.625,0.6%,0.0,51.08876315540289,Higher values mean more price pressure,%,81883.59999999999,338825.0,216314,3412.6,Lower exposure
Sabah,Sabah,2021,"Crop production per 1,000 residents",2,99.28646779581551,99.3,90.58316236565102,51.08876315540289,Lower values mean weaker local crop capacity,"tonnes per 1,000 residents",81883.59999999999,338825.0,216314,3412.6,Higher exposure
Sabah,Sabah,2021,"Fish landings per 1,000 residents",3,63.38686045830159,63.4,65.83513913219451,51.08876315540289,Lower values mean weaker seafood supply,"tonnes per 1,000 residents",81883.59999999999,338825.0,216314,3412.6,Moderate exposure
Sabah,Sabah,2021,Population,4,3412.6,"3,412.6 thousand",47.93675112376602,51.08876315540289,Higher values mean stronger demand pressure,thousand people,81883.59999999999,338825.0,216314,3412.6,Moderate exposure
Sabah,Sabah,2022,Food inflation,1,5.075,5.1%,42.150537634408614,61.18948815587164,Higher values mean more price pressure,%,81688.4,325386.4,230172,3414.9,Moderate exposure
Sabah,Sabah,2022,"Crop production per 1,000 residents",2,95.28431286421272,95.3,90.19577686483561,61.18948815587164,Lower values mean weaker local crop capacity,"tonnes per 1,000 residents",81688.4,325386.4,230172,3414.9,Higher exposure
Sabah,Sabah,2022,"Fish landings per 1,000 residents",3,67.40226653781956,67.4,64.69397482283587,61.18948815587164,Lower values mean weaker seafood supply,"tonnes per 1,000 residents",81688.4,325386.4,230172,3414.9,Moderate exposure
Sabah,Sabah,2022,Population,4,3414.9,"3,414.9 thousand",47.7176633014065,61.18948815587164,Higher values mean stronger demand pressure,thousand people,81688.4,325386.4,230172,3414.9,Moderate exposure
Sarawak,Sarawak,2018,Food inflation,1,1.6333333333333335,1.6%,97.6608187134503,76.8991460185381,Higher values mean more price pressure,%,191436.9,485796.49999999994,180599,2791.7,Higher exposure
Sarawak,Sarawak,2018,"Crop production per 1,000 residents",2,174.01457893040083,174.0,84.65823521629859,76.8991460185381,Lower values mean weaker local crop capacity,"tonnes per 1,000 residents",191436.9,485796.49999999994,180599,2791.7,Higher exposure
Sarawak,Sarawak,2018,"Fish landings per 1,000 residents",3,64.69140666977111,64.7,83.04572336899575,76.8991460185381,Lower values mean weaker seafood supply,"tonnes per 1,000 residents",191436.9,485796.49999999994,180599,2791.7,Higher exposure
Sarawak,Sarawak,2018,Population,4,2791.7,"2,791.7 thousand",42.231806775407776,76.8991460185381,Higher values mean stronger demand pressure,thousand people,191436.9,485796.49999999994,180599,2791.7,Moderate exposure
Sarawak,Sarawak,2019,Food inflation,1,1.0416666666666667,1.0%,26.277372262773728,59.04970435888126,Higher values mean more price pressure,%,164660.8,497132.0,171482,2806.0,Lower exposure
Sarawak,Sarawak,2019,"Crop production per 1,000 residents",2,177.16749821810407,177.2,81.23275057435704,59.04970435888126,Lower values mean weaker local crop capacity,"tonnes per 1,000 residents",164660.8,497132.0,171482,2806.0,Higher exposure
Sarawak,Sarawak,2019,"Fish landings per 1,000 residents",3,61.11261582323592,61.1,86.4413948543723,59.04970435888126,Lower values mean weaker seafood supply,"tonnes per 1,000 residents",164660.8,497132.0,171482,2806.0,Higher exposure
Sarawak,Sarawak,2019,Population,4,2806.0,"2,806.0 thousand",42.24729974402197,59.04970435888126,Higher values mean stronger demand pressure,thousand people,164660.8,497132.0,171482,2806.0,Moderate exposure
Sarawak,Sarawak,2020,Food inflation,1,0.6333333333333333,0.6%,22.93577981651376,53.25284054253687,Higher values mean more price pressure,%,146948.09999999998,461354.39999999997,124454,2453.7,Lower exposure
Sarawak,Sarawak,2020,"Crop production per 1,000 residents",2,188.02396380975668,188.0,76.56190389644682,53.25284054253687,Lower values mean weaker local crop capacity,"tonnes per 1,000 residents",146948.09999999998,461354.39999999997,124454,2453.7,Higher exposure
Sarawak,Sarawak,2020,"Fish landings per 1,000 residents",3,50.720952031625714,50.7,79.327601608811,53.25284054253687,Lower values mean weaker seafood supply,"tonnes per 1,000 residents",146948.09999999998,461354.39999999997,124454,2453.7,Higher exposure
Sarawak,Sarawak,2020,Population,4,2453.7,"2,453.7 thousand",34.186076848375926,53.25284054253687,Higher values mean stronger demand pressure,thousand people,146948.09999999998,461354.39999999997,124454,2453.7,Moderate exposure
Sarawak,Sarawak,2021,Food inflation,1,1.0833333333333333,1.1%,25.34562211981567,53.45549155657452,Higher values mean more price pressure,%,138640.5,381130.10000000003,138879,2465.6,Lower exposure
Sarawak,Sarawak,2021,"Crop production per 1,000 residents",2,154.57904769630113,154.6,84.55813985340274,53.45549155657452,Lower values mean weaker local crop capacity,"tonnes per 1,000 residents",138640.5,381130.10000000003,138879,2465.6,Higher exposure
Sarawak,Sarawak,2021,"Fish landings per 1,000 residents",3,56.32665476963011,56.3,69.66899558671172,53.45549155657452,Lower values mean weaker seafood supply,"tonnes per 1,000 residents",138640.5,381130.10000000003,138879,2465.6,Higher exposure
Sarawak,Sarawak,2021,Population,4,2465.6,"2,465.6 thousand",34.249208666367956,53.45549155657452,Higher values mean stronger demand pressure,thousand people,138640.5,381130.10000000003,138879,2465.6,Moderate exposure
Sarawak,Sarawak,2022,Food inflation,1,5.491666666666667,5.5%,52.90322580645162,62.1370823398253,Higher values mean more price pressure,%,132815.80000000002,378752.1,103839,2473.5,Moderate exposure
Sarawak,Sarawak,2022,"Crop production per 1,000 residents",2,153.12395391146148,153.1,83.35732555358192,62.1370823398253,Lower values mean weaker local crop capacity,"tonnes per 1,000 residents",132815.80000000002,378752.1,103839,2473.5,Higher exposure
Sarawak,Sarawak,2022,"Fish landings per 1,000 residents",3,41.9805942995755,42.0,78.10881518970685,62.1370823398253,Lower values mean weaker seafood supply,"tonnes per 1,000 residents",132815.80000000002,378752.1,103839,2473.5,Higher exposure
Sarawak,Sarawak,2022,Population,4,2473.5,"2,473.5 thousand",34.17896280956079,62.1370823398253,Higher values mean stronger demand pressure,thousand people,132815.80000000002,378752.1,103839,2473.5,Moderate exposure
Selangor,Selangor,2018,Food inflation,1,1.6500000000000001,1.7%,98.24561403508773,97.20807444195094,Higher values mean more price pressure,%,51557.200000000004,341165.0,141265,6475.0,Higher exposure
Selangor,Selangor,2018,"Crop production per 1,000 residents",2,52.68957528957529,52.7,96.2004918535123,97.20807444195094,Lower values mean weaker local crop capacity,"tonnes per 1,000 residents",51557.200000000004,341165.0,141265,6475.0,Higher exposure
Selangor,Selangor,2018,"Fish landings per 1,000 residents",3,21.816988416988416,21.8,94.38619187920376,97.20807444195094,Lower values mean weaker seafood supply,"tonnes per 1,000 residents",51557.200000000004,341165.0,141265,6475.0,Higher exposure
Selangor,Selangor,2018,Population,4,6475.0,"6,475.0 thousand",100.0,97.20807444195094,Higher values mean stronger demand pressure,thousand people,51557.200000000004,341165.0,141265,6475.0,Higher exposure
Selangor,Selangor,2019,Food inflation,1,1.8583333333333334,1.9%,62.04379562043796,88.02912797322614,Higher values mean more price pressure,%,56892.600000000006,347481.6,156416,6506.1,Moderate exposure
Selangor,Selangor,2019,"Crop production per 1,000 residents",2,53.408585788721346,53.4,95.32551576403367,88.02912797322614,Lower values mean weaker local crop capacity,"tonnes per 1,000 residents",56892.600000000006,347481.6,156416,6506.1,Higher exposure
Selangor,Selangor,2019,"Fish landings per 1,000 residents",3,24.041438035074776,24.0,94.7472005084329,88.02912797322614,Lower values mean weaker seafood supply,"tonnes per 1,000 residents",56892.600000000006,347481.6,156416,6506.1,Higher exposure
Selangor,Selangor,2019,Population,4,6506.1,"6,506.1 thousand",100.0,88.02912797322614,Higher values mean stronger demand pressure,thousand people,56892.600000000006,347481.6,156416,6506.1,Higher exposure
Selangor,Selangor,2020,Food inflation,1,2.033333333333333,2.0%,100.0,96.49952179965338,Higher values mean more price pressure,%,51024.9,332850.9,161031,6994.4,Higher exposure
Selangor,Selangor,2020,"Crop production per 1,000 residents",2,47.588199130733166,47.6,95.26971081514854,96.49952179965338,Lower values mean weaker local crop capacity,"tonnes per 1,000 residents",51024.9,332850.9,161031,6994.4,Higher exposure
Selangor,Selangor,2020,"Fish landings per 1,000 residents",3,23.022846848907697,23.0,90.72837638346499,96.49952179965338,Lower values mean weaker seafood supply,"tonnes per 1,000 residents",51024.9,332850.9,161031,6994.4,Higher exposure
Selangor,Selangor,2020,Population,4,6994.4,"6,994.4 thousand",100.0,96.49952179965338,Higher values mean stronger demand pressure,thousand people,51024.9,332850.9,161031,6994.4,Higher exposure
Selangor,Selangor,2021,Food inflation,1,2.433333333333333,2.4%,100.0,95.86240066138419,Higher values mean more price pressure,%,53176.5,337032.4,167579,7014.7,Higher exposure
Selangor,Selangor,2021,"Crop production per 1,000 residents",2,48.04658787973827,48.0,96.16657754676382,95.86240066138419,Lower values mean weaker local crop capacity,"tonnes per 1,000 residents",53176.5,337032.4,167579,7014.7,Higher exposure
Selangor,Selangor,2021,"Fish landings per 1,000 residents",3,23.889688796384736,23.9,87.28302509877291,95.86240066138419,Lower values mean weaker seafood supply,"tonnes per 1,000 residents",53176.5,337032.4,167579,7014.7,Higher exposure
Selangor,Selangor,2021,Population,4,7014.7,"7,014.7 thousand",100.0,95.86240066138419,Higher values mean stronger demand pressure,thousand people,53176.5,337032.4,167579,7014.7,Higher exposure
Selangor,Selangor,2022,Food inflation,1,7.316666666666666,7.3%,100.0,95.79543365102003,Higher values mean more price pressure,%,49717.0,342178.5,171057,7050.3,Higher exposure
Selangor,Selangor,2022,"Crop production per 1,000 residents",2,48.53389217480107,48.5,95.72313612704141,95.79543365102003,Lower values mean weaker local crop capacity,"tonnes per 1,000 residents",49717.0,342178.5,171057,7050.3,Higher exposure
Selangor,Selangor,2022,"Fish landings per 1,000 residents",3,24.262371813965363,24.3,87.45859847703875,95.79543365102003,Lower values mean weaker seafood supply,"tonnes per 1,000 residents",49717.0,342178.5,171057,7050.3,Higher exposure
Selangor,Selangor,2022,Population,4,7050.3,"7,050.3 thousand",100.0,95.79543365102003,Higher values mean stronger demand pressure,thousand people,49717.0,342178.5,171057,7050.3,Higher exposure
Terengganu,Terengganu,2018,Food inflation,1,1.1083333333333334,1.1%,79.23976608187135,69.16055825395075,Higher values mean more price pressure,%,31086.5,163895.4,41725,1228.3,Higher exposure
Terengganu,Terengganu,2018,"Crop production per 1,000 residents",2,133.43271187820565,133.4,88.51899194638212,69.16055825395075,Lower values mean weaker local crop capacity,"tonnes per 1,000 residents",31086.5,163895.4,41725,1228.3,Higher exposure
Terengganu,Terengganu,2018,"Fish landings per 1,000 residents",3,33.96971423919238,34.0,91.17174349445044,69.16055825395075,Lower values mean weaker seafood supply,"tonnes per 1,000 residents",31086.5,163895.4,41725,1228.3,Higher exposure
Terengganu,Terengganu,2018,Population,4,1228.3,"1,228.3 thousand",17.71173149309912,69.16055825395075,Higher values mean stronger demand pressure,thousand people,31086.5,163895.4,41725,1228.3,Lower exposure
Terengganu,Terengganu,2019,Food inflation,1,1.1583333333333334,1.2%,31.386861313868618,57.18734861724957,Higher values mean more price pressure,%,32450.199999999997,161433.2,40448,1244.5,Lower exposure
Terengganu,Terengganu,2019,"Crop production per 1,000 residents",2,129.71731619124148,129.7,86.63603232906343,57.18734861724957,Lower values mean weaker local crop capacity,"tonnes per 1,000 residents",32450.199999999997,161433.2,40448,1244.5,Higher exposure
Terengganu,Terengganu,2019,"Fish landings per 1,000 residents",3,32.501406187223786,32.5,92.85174275651512,57.18734861724957,Lower values mean weaker seafood supply,"tonnes per 1,000 residents",32450.199999999997,161433.2,40448,1244.5,Higher exposure
Terengganu,Terengganu,2019,Population,4,1244.5,"1,244.5 thousand",17.874758069551103,57.18734861724957,Higher values mean stronger demand pressure,thousand people,32450.199999999997,161433.2,40448,1244.5,Lower exposure
Terengganu,Terengganu,2020,Food inflation,1,1.425,1.4%,66.51376146788992,63.59271017804396,Higher values mean more price pressure,%,32340.899999999998,137248.5,37227,1149.4,Moderate exposure
Terengganu,Terengganu,2020,"Crop production per 1,000 residents",2,119.40882199408387,119.4,85.70230219684271,63.59271017804396,Lower values mean weaker local crop capacity,"tonnes per 1,000 residents",32340.899999999998,137248.5,37227,1149.4,Higher exposure
Terengganu,Terengganu,2020,"Fish landings per 1,000 residents",3,32.388202540455886,32.4,86.87351662971966,63.59271017804396,Lower values mean weaker seafood supply,"tonnes per 1,000 residents",32340.899999999998,137248.5,37227,1149.4,Higher exposure
Terengganu,Terengganu,2020,Population,4,1149.4,"1,149.4 thousand",15.28126041772354,63.59271017804396,Higher values mean stronger demand pressure,thousand people,32340.899999999998,137248.5,37227,1149.4,Lower exposure
Terengganu,Terengganu,2021,Food inflation,1,2.2416666666666667,2.2%,89.40092165898619,69.41738831663825,Higher values mean more price pressure,%,31087.5,158036.3,30641,1170.7,Higher exposure
Terengganu,Terengganu,2021,"Crop production per 1,000 residents",2,134.992995643632,135.0,86.69235758670047,69.41738831663825,Lower values mean weaker local crop capacity,"tonnes per 1,000 residents",31087.5,158036.3,30641,1170.7,Higher exposure
Terengganu,Terengganu,2021,"Fish landings per 1,000 residents",3,26.17322969163748,26.2,86.04300910115597,69.41738831663825,Lower values mean weaker seafood supply,"tonnes per 1,000 residents",31087.5,158036.3,30641,1170.7,Higher exposure
Terengganu,Terengganu,2021,Population,4,1170.7,"1,170.7 thousand",15.533264919710351,69.41738831663825,Higher values mean stronger demand pressure,thousand people,31087.5,158036.3,30641,1170.7,Lower exposure
Terengganu,Terengganu,2022,Food inflation,1,4.908333333333333,4.9%,37.8494623655914,56.96460948215083,Higher values mean more price pressure,%,29909.5,124473.40000000001,33692,1186.6,Moderate exposure
Terengganu,Terengganu,2022,"Crop production per 1,000 residents",2,104.8992078206641,104.9,89.0589961063105,56.96460948215083,Lower values mean weaker local crop capacity,"tonnes per 1,000 residents",29909.5,124473.40000000001,33692,1186.6,Higher exposure
Terengganu,Terengganu,2022,"Fish landings per 1,000 residents",3,28.39372998483061,28.4,85.27850938450652,56.96460948215083,Lower values mean weaker seafood supply,"tonnes per 1,000 residents",29909.5,124473.40000000001,33692,1186.6,Higher exposure
Terengganu,Terengganu,2022,Population,4,1186.6,"1,186.6 thousand",15.671470072194893,56.96460948215083,Higher values mean stronger demand pressure,thousand people,29909.5,124473.40000000001,33692,1186.6,Lower exposure
W.P. Labuan,Labuan,2018,Food inflation,1,1.325,1.3%,86.8421052631579,58.844473902528115,Higher values mean more price pressure,%,401.20000000000005,1262.3999999999999,19321,99.0,Higher exposure
W.P. Labuan,Labuan,2018,"Crop production per 1,000 residents",2,12.75151515151515,12.8,100.0,58.844473902528115,Lower values mean weaker local crop capacity,"tonnes per 1,000 residents",401.20000000000005,1262.3999999999999,19321,99.0,Higher exposure
W.P. Labuan,Labuan,2018,"Fish landings per 1,000 residents",3,195.16161616161617,195.2,48.53579034695454,58.844473902528115,Lower values mean weaker seafood supply,"tonnes per 1,000 residents",401.20000000000005,1262.3999999999999,19321,99.0,Moderate exposure
W.P. Labuan,Labuan,2018,Population,4,99.0,99.0 thousand,0.0,58.844473902528115,Higher values mean stronger demand pressure,thousand people,401.20000000000005,1262.3999999999999,19321,99.0,Lower exposure
W.P. Labuan,Labuan,2019,Food inflation,1,1.175,1.2%,32.11678832116789,46.627709921769416,Higher values mean more price pressure,%,326.9,1227.2,20272,99.3,Lower exposure
W.P. Labuan,Labuan,2019,"Crop production per 1,000 residents",2,12.358509566968783,12.4,100.0,46.627709921769416,Lower values mean weaker local crop capacity,"tonnes per 1,000 residents",326.9,1227.2,20272,99.3,Higher exposure
W.P. Labuan,Labuan,2019,"Fish landings per 1,000 residents",3,204.14904330312186,204.1,54.394051365909775,46.627709921769416,Lower values mean weaker seafood supply,"tonnes per 1,000 residents",326.9,1227.2,20272,99.3,Moderate exposure
W.P. Labuan,Labuan,2019,Population,4,99.3,99.3 thousand,0.0,46.627709921769416,Higher values mean stronger demand pressure,thousand people,326.9,1227.2,20272,99.3,Lower exposure
W.P. Labuan,Labuan,2020,Food inflation,1,0.7083333333333334,0.7%,27.064220183486242,37.88477395699769,Higher values mean more price pressure,%,191.9,1148.6999999999998,17497,95.1,Lower exposure
W.P. Labuan,Labuan,2020,"Crop production per 1,000 residents",2,12.078864353312301,12.1,100.0,37.88477395699769,Lower values mean weaker local crop capacity,"tonnes per 1,000 residents",191.9,1148.6999999999998,17497,95.1,Higher exposure
W.P. Labuan,Labuan,2020,"Fish landings per 1,000 residents",3,183.9852786540484,184.0,24.474875644504507,37.88477395699769,Lower values mean weaker seafood supply,"tonnes per 1,000 residents",191.9,1148.6999999999998,17497,95.1,Lower exposure
W.P. Labuan,Labuan,2020,Population,4,95.1,95.1 thousand,0.0,37.88477395699769,Higher values mean stronger demand pressure,thousand people,191.9,1148.6999999999998,17497,95.1,Lower exposure
W.P. Labuan,Labuan,2021,Food inflation,1,1.3666666666666665,1.4%,41.01382488479262,35.25345622119816,Higher values mean more price pressure,%,231.4,1235.2,17724,96.0,Moderate exposure
W.P. Labuan,Labuan,2021,"Crop production per 1,000 residents",2,12.866666666666667,12.9,100.0,35.25345622119816,Lower values mean weaker local crop capacity,"tonnes per 1,000 residents",231.4,1235.2,17724,96.0,Higher exposure
W.P. Labuan,Labuan,2021,"Fish landings per 1,000 residents",3,184.625,184.6,0.0,35.25345622119816,Lower values mean weaker seafood supply,"tonnes per 1,000 residents",231.4,1235.2,17724,96.0,Lower exposure
W.P. Labuan,Labuan,2021,Population,4,96.0,96.0 thousand,0.0,35.25345622119816,Higher values mean stronger demand pressure,thousand people,231.4,1235.2,17724,96.0,Lower exposure
W.P. Labuan,Labuan,2022,Food inflation,1,3.4416666666666664,3.4%,0.0,25.0,Higher values mean more price pressure,%,332.5,1197.7,18411,96.9,Lower exposure
W.P. Labuan,Labuan,2022,"Crop production per 1,000 residents",2,12.36016511867905,12.4,100.0,25.0,Lower values mean weaker local crop capacity,"tonnes per 1,000 residents",332.5,1197.7,18411,96.9,Higher exposure
W.P. Labuan,Labuan,2022,"Fish landings per 1,000 residents",3,190.0,190.0,0.0,25.0,Lower values mean weaker seafood supply,"tonnes per 1,000 residents",332.5,1197.7,18411,96.9,Lower exposure
W.P. Labuan,Labuan,2022,Population,4,96.9,96.9 thousand,0.0,25.0,Higher values mean stronger demand pressure,thousand people,332.5,1197.7,18411,96.9,Lower exposure
