area,date,year,month,day,basket_price,basket_index,base_date,base_basket_price,available_items,chicken_standard_price,chicken_standard_records,eggs_grade_a_price,eggs_grade_a_records,kembung_fish_price,kembung_fish_records,tomato_price,tomato_records,yellow_onion_price,yellow_onion_records,potato_price,potato_records,water_spinach_price,water_spinach_records,red_chili_kulai_price,red_chili_kulai_records,date_number,max_index,min_index,highlight_point,basket_price_label,basket_index_label
Johor,2026-05-02,2026,May,2,59.6,100.0,2026-05-02,59.6,8,7.99,107,11.69,95,17.0,34,2.49,112,2.99,110,2.5,85,6.99,87,7.95,46,739738,115.88,100.0,Lowest basket index,RM 59.60,100.0
Johor,2026-05-03,2026,May,3,60.45,101.43,2026-05-02,59.6,8,7.99,105,11.7,93,18.24,32,2.49,109,2.99,112,2.3,86,6.99,87,7.75,46,739739,115.88,100.0,Normal day,RM 60.45,101.4
Johor,2026-05-04,2026,May,4,66.2,111.09,2026-05-02,59.6,8,7.99,163,11.7,118,18.74,52,2.99,179,3.9,182,2.99,144,6.99,111,10.9,77,739740,115.88,100.0,Normal day,RM 66.20,111.1
Johor,2026-05-05,2026,May,5,61.69,103.52,2026-05-02,59.6,8,7.99,107,11.6,85,18.0,35,2.49,116,2.99,114,2.79,82,6.99,88,8.84,46,739741,115.88,100.0,Normal day,RM 61.69,103.5
Johor,2026-05-06,2026,May,6,61.74,103.6,2026-05-02,59.6,8,7.99,108,11.7,85,17.99,33,2.49,116,2.99,114,2.74,82,7.0,94,8.84,48,739742,115.88,100.0,Normal day,RM 61.74,103.6
Johor,2026-05-07,2026,May,7,61.5,103.2,2026-05-02,59.6,8,7.99,106,11.7,78,18.0,27,2.49,114,2.99,114,2.84,82,7.0,92,8.49,48,739743,115.88,100.0,Normal day,RM 61.50,103.2
Johor,2026-05-08,2026,May,8,62.34,104.61,2026-05-02,59.6,8,7.99,105,11.7,85,18.49,34,2.49,115,2.99,113,2.69,83,7.0,94,8.99,48,739744,115.88,100.0,Normal day,RM 62.34,104.6
Johor,2026-05-09,2026,May,9,62.65,105.13,2026-05-02,59.6,8,7.99,108,11.7,97,18.99,31,2.49,115,2.99,112,2.5,87,7.0,96,8.99,50,739745,115.88,100.0,Normal day,RM 62.65,105.1
Johor,2026-05-10,2026,May,10,61.65,103.44,2026-05-02,59.6,8,7.99,106,11.7,96,17.99,26,2.49,112,2.99,110,2.49,82,7.0,86,8.99,47,739746,115.88,100.0,Normal day,RM 61.65,103.4
Johor,2026-05-11,2026,May,11,67.1,112.59,2026-05-02,59.6,8,8.0,161,11.9,122,18.99,47,3.29,172,3.69,181,2.99,144,7.25,132,10.99,78,739747,115.88,100.0,Normal day,RM 67.10,112.6
Johor,2026-05-12,2026,May,12,62.24,104.44,2026-05-02,59.6,8,7.99,109,11.7,84,17.99,34,2.99,114,2.99,113,2.69,83,6.99,94,8.9,51,739748,115.88,100.0,Normal day,RM 62.24,104.4
Johor,2026-05-13,2026,May,13,62.73,105.27,2026-05-02,59.6,8,7.99,109,11.7,87,17.99,31,3.59,113,2.99,113,2.5,84,6.99,98,8.99,53,739749,115.88,100.0,Normal day,RM 62.73,105.3
Johor,2026-05-14,2026,May,14,64.44,108.13,2026-05-02,59.6,8,7.99,108,11.7,91,18.99,34,4.49,112,2.99,114,2.3,81,6.99,93,8.99,51,739750,115.88,100.0,Normal day,RM 64.44,108.1
Johor,2026-05-15,2026,May,15,66.33,111.29,2026-05-02,59.6,8,7.99,106,11.89,95,19.99,30,4.99,110,2.99,112,2.49,83,6.99,92,8.99,55,739751,115.88,100.0,Normal day,RM 66.33,111.3
Johor,2026-05-16,2026,May,16,64.74,108.63,2026-05-02,59.6,8,7.99,107,11.89,94,18.99,30,5.7,110,2.99,113,2.3,86,6.89,97,7.99,54,739752,115.88,100.0,Normal day,RM 64.74,108.6
Johor,2026-05-17,2026,May,17,64.89,108.88,2026-05-02,59.6,8,7.99,105,11.95,98,18.74,22,5.99,108,2.99,112,2.3,84,6.94,96,7.99,52,739753,115.88,100.0,Normal day,RM 64.89,108.9
Johor,2026-05-18,2026,May,18,69.06,115.88,2026-05-02,59.6,8,8.3,161,11.99,126,18.9,53,5.99,175,3.9,184,2.99,144,7.0,134,9.99,84,739754,115.88,100.0,Highest basket index,RM 69.06,115.9
Johor,2026-05-19,2026,May,19,66.97,112.38,2026-05-02,59.6,8,8.29,107,11.99,96,18.99,33,5.99,111,2.99,114,2.74,82,6.99,95,8.99,53,739755,115.88,100.0,Normal day,RM 66.97,112.4
Johor,2026-05-20,2026,May,20,66.37,111.37,2026-05-02,59.6,8,8.29,109,11.99,97,18.99,35,5.74,112,2.99,113,2.79,83,6.99,98,8.59,52,739756,115.88,100.0,Normal day,RM 66.37,111.4
Kedah,2026-05-02,2026,May,2,63.27,100.0,2026-05-02,63.27,8,8.45,58,11.99,25,16.0,19,3.0,62,3.9,58,3.0,40,4.95,48,12.0,28,739738,106.17,97.36,Normal day,RM 63.27,100.0
Kedah,2026-05-04,2026,May,4,62.82,99.27,2026-05-02,63.27,8,8.44,74,11.5,37,16.0,28,2.99,83,3.9,99,3.0,68,4.99,56,12.0,38,739740,106.17,97.36,Normal day,RM 62.82,99.3
Kedah,2026-05-05,2026,May,5,62.76,99.19,2026-05-02,63.27,8,8.39,59,11.95,24,16.0,21,2.59,61,3.9,57,2.95,38,4.99,45,12.0,25,739741,106.17,97.36,Normal day,RM 62.76,99.2
Kedah,2026-05-06,2026,May,6,63.01,99.59,2026-05-02,63.27,8,8.39,61,11.9,23,16.0,15,2.59,61,3.9,57,2.9,41,4.88,50,12.45,28,739742,106.17,97.36,Normal day,RM 63.01,99.6
Kedah,2026-05-07,2026,May,7,61.61,97.36,2026-05-02,63.27,8,8.45,62,11.99,26,15.0,20,2.5,63,3.9,61,2.99,41,4.78,51,12.0,30,739743,106.17,97.36,Lowest basket index,RM 61.61,97.4
Kedah,2026-05-08,2026,May,8,61.67,97.46,2026-05-02,63.27,8,8.69,61,11.95,26,15.0,23,2.5,62,3.7,62,3.0,42,4.84,48,12.0,27,739744,106.17,97.36,Normal day,RM 61.67,97.5
Kedah,2026-05-09,2026,May,9,61.96,97.92,2026-05-02,63.27,8,8.69,61,11.7,27,15.49,23,2.59,61,3.9,61,3.0,41,4.59,47,12.0,28,739745,106.17,97.36,Normal day,RM 61.96,97.9
Kedah,2026-05-10,2026,May,10,62.83,99.29,2026-05-02,63.27,8,8.69,61,11.8,26,16.0,24,2.54,62,3.9,61,3.0,40,4.89,47,12.0,29,739746,106.17,97.36,Normal day,RM 62.83,99.3
Kedah,2026-05-11,2026,May,11,63.97,101.1,2026-05-02,63.27,8,8.69,74,11.8,41,16.0,27,2.99,84,3.6,99,3.0,68,4.89,59,13.0,38,739747,106.17,97.36,Normal day,RM 63.97,101.1
Kedah,2026-05-12,2026,May,12,62.88,99.38,2026-05-02,63.27,8,8.69,59,11.95,24,15.0,25,3.4,61,3.5,59,3.0,41,4.9,45,12.45,26,739748,106.17,97.36,Normal day,RM 62.88,99.4
Kedah,2026-05-13,2026,May,13,63.98,101.11,2026-05-02,63.27,8,8.69,61,11.9,24,15.0,23,3.99,61,3.5,59,3.0,41,4.9,45,13.0,28,739749,106.17,97.36,Normal day,RM 63.98,101.1
Kedah,2026-05-14,2026,May,14,64.12,101.34,2026-05-02,63.27,8,8.88,61,11.9,25,15.0,22,4.54,62,3.9,61,3.0,41,4.0,49,12.9,29,739750,106.17,97.36,Normal day,RM 64.12,101.3
Kedah,2026-05-15,2026,May,15,64.02,101.18,2026-05-02,63.27,8,8.69,60,11.99,25,15.0,22,4.99,62,3.9,61,3.0,41,4.0,46,12.45,28,739751,106.17,97.36,Normal day,RM 64.02,101.2
Kedah,2026-05-16,2026,May,16,66.13,104.51,2026-05-02,63.27,8,8.69,61,11.99,26,15.0,27,5.5,61,3.5,60,3.0,39,5.0,47,13.45,28,739752,106.17,97.36,Normal day,RM 66.13,104.5
Kedah,2026-05-17,2026,May,17,65.78,103.96,2026-05-02,63.27,8,8.69,61,11.9,25,15.0,20,5.9,61,3.5,60,3.0,40,4.89,47,12.9,29,739753,106.17,97.36,Normal day,RM 65.78,104.0
Kedah,2026-05-18,2026,May,18,66.53,105.14,2026-05-02,63.27,8,8.69,74,11.95,42,15.0,26,6.0,85,3.9,99,3.0,65,4.99,58,13.0,37,739754,106.17,97.36,Normal day,RM 66.53,105.1
Kedah,2026-05-19,2026,May,19,67.18,106.17,2026-05-02,63.27,8,8.9,59,11.99,26,15.9,21,5.95,58,3.5,57,3.0,37,5.0,43,12.95,26,739755,106.17,97.36,Highest basket index,RM 67.18,106.2
Kedah,2026-05-20,2026,May,20,67.12,106.08,2026-05-02,63.27,8,8.85,60,11.99,27,16.0,21,5.99,60,3.7,58,3.0,39,5.0,44,12.59,25,739756,106.17,97.36,Normal day,RM 67.12,106.1
Kelantan,2026-05-02,2026,May,2,60.77,100.0,2026-05-02,60.77,8,8.5,72,11.9,43,16.0,47,2.29,79,3.29,77,2.9,31,6.9,51,8.99,59,739738,113.16,100.0,Lowest basket index,RM 60.77,100.0
Kelantan,2026-05-03,2026,May,3,62.69,103.17,2026-05-02,60.77,8,8.5,72,11.9,40,16.9,43,2.5,75,3.5,77,2.95,32,7.0,49,9.45,60,739739,113.16,100.0,Normal day,RM 62.69,103.2
Kelantan,2026-05-04,2026,May,4,64.68,106.43,2026-05-02,60.77,8,8.5,91,12.0,96,16.9,41,2.9,108,3.99,157,3.4,56,7.0,55,9.99,82,739740,113.16,100.0,Normal day,RM 64.68,106.4
Kelantan,2026-05-05,2026,May,5,63.28,104.13,2026-05-02,60.77,8,8.5,74,11.99,44,16.9,41,2.5,79,3.5,79,2.9,33,7.0,48,9.99,60,739741,113.16,100.0,Normal day,RM 63.28,104.1
Kelantan,2026-05-06,2026,May,6,63.27,104.11,2026-05-02,60.77,8,8.5,72,11.99,47,16.9,37,2.5,80,3.5,79,2.9,34,6.99,45,9.99,60,739742,113.16,100.0,Normal day,RM 63.27,104.1
Kelantan,2026-05-07,2026,May,7,62.68,103.13,2026-05-02,60.77,8,8.5,73,12.0,40,17.0,40,2.49,80,2.99,78,2.9,36,7.0,53,9.8,62,739743,113.16,100.0,Normal day,RM 62.68,103.1
Kelantan,2026-05-08,2026,May,8,63.48,104.47,2026-05-02,60.77,8,8.5,75,12.0,42,17.9,42,2.29,80,2.99,79,2.9,37,7.0,51,9.9,60,739744,113.16,100.0,Normal day,RM 63.48,104.5
Kelantan,2026-05-09,2026,May,9,63.69,104.81,2026-05-02,60.77,8,8.5,73,12.0,40,17.9,39,2.5,78,2.99,77,2.9,37,7.0,55,9.9,62,739745,113.16,100.0,Normal day,RM 63.69,104.8
Kelantan,2026-05-10,2026,May,10,64.78,106.61,2026-05-02,60.77,8,8.6,71,11.99,47,17.99,48,2.9,80,3.5,79,2.9,36,7.0,57,9.9,62,739746,113.16,100.0,Normal day,RM 64.78,106.6
Kelantan,2026-05-11,2026,May,11,66.48,109.4,2026-05-02,60.77,8,8.8,91,12.0,108,17.8,56,3.5,110,3.99,158,3.4,66,7.0,66,9.99,79,739747,113.16,100.0,Normal day,RM 66.48,109.4
Kelantan,2026-05-12,2026,May,12,65.39,107.6,2026-05-02,60.77,8,8.6,73,12.0,47,17.9,47,3.5,79,3.5,80,2.9,37,7.0,52,9.99,61,739748,113.16,100.0,Normal day,RM 65.39,107.6
Kelantan,2026-05-13,2026,May,13,65.88,108.42,2026-05-02,60.77,8,8.7,74,12.0,52,17.9,52,3.9,80,3.5,80,2.9,37,7.0,54,9.99,58,739749,113.16,100.0,Normal day,RM 65.88,108.4
Kelantan,2026-05-14,2026,May,14,65.88,108.4,2026-05-02,60.77,8,8.59,72,12.0,53,17.9,46,3.99,80,3.5,80,2.9,34,7.0,57,9.99,61,739750,113.16,100.0,Normal day,RM 65.88,108.4
Kelantan,2026-05-15,2026,May,15,66.08,108.73,2026-05-02,60.77,8,8.79,73,12.0,50,17.0,51,4.99,80,3.5,79,2.9,35,7.0,56,9.9,61,739751,113.16,100.0,Normal day,RM 66.08,108.7
Kelantan,2026-05-16,2026,May,16,65.98,108.57,2026-05-02,60.77,8,8.8,73,11.99,48,17.0,51,5.0,79,3.4,78,2.9,36,6.99,53,9.9,61,739752,113.16,100.0,Normal day,RM 65.98,108.6
Kelantan,2026-05-17,2026,May,17,66.67,109.71,2026-05-02,60.77,8,8.8,72,12.0,47,16.99,48,5.99,78,3.5,78,2.9,37,6.99,52,9.5,62,739753,113.16,100.0,Normal day,RM 66.67,109.7
Kelantan,2026-05-18,2026,May,18,68.77,113.16,2026-05-02,60.77,8,8.9,89,12.49,103,16.9,53,6.0,109,3.99,159,3.5,66,7.0,54,9.99,78,739754,113.16,100.0,Highest basket index,RM 68.77,113.2
Kelantan,2026-05-19,2026,May,19,67.12,110.46,2026-05-02,60.77,8,8.79,74,12.3,47,16.99,48,6.0,80,3.5,79,2.9,37,6.95,54,9.7,60,739755,113.16,100.0,Normal day,RM 67.12,110.5
Kelantan,2026-05-20,2026,May,20,66.47,109.39,2026-05-02,60.77,8,8.8,74,12.3,44,17.0,50,6.0,80,3.5,79,2.9,36,6.99,55,8.99,62,739756,113.16,100.0,Normal day,RM 66.47,109.4
Malaysia overall,2026-05-02,2026,May,2,63.38,100.0,2026-05-02,63.38,8,8.2,816,11.7,620,16.0,364,3.0,1048,3.5,1072,2.99,824,5.99,766,12.0,389,739738,109.1,100.0,Lowest basket index,RM 63.38,100.0
Malaysia overall,2026-05-03,2026,May,3,63.43,100.08,2026-05-02,63.38,8,8.19,749,11.75,594,16.0,340,3.0,985,3.5,1013,2.99,778,6.0,695,12.0,367,739739,109.1,100.0,Normal day,RM 63.43,100.1
Malaysia overall,2026-05-04,2026,May,4,66.47,104.88,2026-05-02,63.38,8,8.39,1073,11.99,852,16.0,477,3.9,1482,3.9,1761,3.29,1391,6.0,952,13.0,552,739740,109.1,100.0,Normal day,RM 66.47,104.9
Malaysia overall,2026-05-05,2026,May,5,64.47,101.72,2026-05-02,63.38,8,8.19,817,11.9,586,16.9,339,3.0,1053,3.5,1075,2.99,811,5.99,750,12.0,392,739741,109.1,100.0,Normal day,RM 64.47,101.7
Malaysia overall,2026-05-06,2026,May,6,64.56,101.86,2026-05-02,63.38,8,8.19,817,11.99,592,16.9,334,3.0,1054,3.5,1078,2.99,823,5.99,772,12.0,405,739742,109.1,100.0,Normal day,RM 64.56,101.9
Malaysia overall,2026-05-07,2026,May,7,65.37,103.14,2026-05-02,63.38,8,8.1,819,11.99,601,16.9,345,3.0,1061,3.5,1082,2.99,819,5.99,779,12.9,412,739743,109.1,100.0,Normal day,RM 65.37,103.1
Malaysia overall,2026-05-08,2026,May,8,65.73,103.71,2026-05-02,63.38,8,8.29,819,11.99,632,16.99,359,2.99,1047,3.5,1089,2.99,825,5.99,795,12.99,411,739744,109.1,100.0,Normal day,RM 65.73,103.7
Malaysia overall,2026-05-09,2026,May,9,65.6,103.51,2026-05-02,63.38,8,8.29,823,11.99,646,16.99,350,3.0,1051,3.5,1075,2.99,828,5.9,789,12.95,418,739745,109.1,100.0,Normal day,RM 65.60,103.5
Malaysia overall,2026-05-10,2026,May,10,65.96,104.07,2026-05-02,63.38,8,8.3,818,11.99,637,16.9,387,3.49,1055,3.5,1079,2.99,820,5.8,783,12.99,407,739746,109.1,100.0,Normal day,RM 65.96,104.1
Malaysia overall,2026-05-11,2026,May,11,67.56,106.6,2026-05-02,63.38,8,8.49,1084,11.99,888,16.9,500,3.99,1477,3.9,1771,3.3,1396,5.99,999,13.0,556,739747,109.1,100.0,Normal day,RM 67.56,106.6
Malaysia overall,2026-05-12,2026,May,12,65.26,102.97,2026-05-02,63.38,8,8.3,823,11.99,598,16.0,394,3.99,1050,3.5,1081,2.99,816,5.59,753,12.9,401,739748,109.1,100.0,Normal day,RM 65.26,103.0
Malaysia overall,2026-05-13,2026,May,13,66.29,104.59,2026-05-02,63.38,8,8.3,823,11.99,607,16.94,400,4.0,1048,3.5,1079,2.99,817,5.58,775,12.99,398,739749,109.1,100.0,Normal day,RM 66.29,104.6
Malaysia overall,2026-05-14,2026,May,14,67.57,106.61,2026-05-02,63.38,8,8.39,826,11.99,630,16.9,380,4.9,1056,3.5,1096,2.99,826,5.9,785,13.0,417,739750,109.1,100.0,Normal day,RM 67.57,106.6
Malaysia overall,2026-05-15,2026,May,15,67.34,106.25,2026-05-02,63.38,8,8.39,818,11.99,653,16.9,399,5.0,1046,3.5,1084,2.99,825,5.58,795,12.99,409,739751,109.1,100.0,Normal day,RM 67.34,106.2
Malaysia overall,2026-05-16,2026,May,16,68.45,108.01,2026-05-02,63.38,8,8.4,823,11.99,655,16.8,399,5.88,1044,3.5,1082,2.99,813,5.89,792,13.0,412,739752,109.1,100.0,Normal day,RM 68.45,108.0
Malaysia overall,2026-05-17,2026,May,17,67.85,107.05,2026-05-02,63.38,8,8.39,801,12.0,645,16.5,370,5.99,1019,3.5,1063,2.99,803,5.58,774,12.9,411,739753,109.1,100.0,Normal day,RM 67.85,107.0
Malaysia overall,2026-05-18,2026,May,18,68.99,108.85,2026-05-02,63.38,8,8.5,1063,12.3,902,16.0,507,6.0,1463,3.9,1748,3.3,1370,5.99,979,13.0,564,739754,109.1,100.0,Normal day,RM 68.99,108.8
Malaysia overall,2026-05-19,2026,May,19,69.07,108.98,2026-05-02,63.38,8,8.5,831,12.1,606,16.99,383,6.0,1040,3.5,1080,2.99,813,5.99,769,13.0,407,739755,109.1,100.0,Normal day,RM 69.07,109.0
Malaysia overall,2026-05-20,2026,May,20,69.15,109.1,2026-05-02,63.38,8,8.59,832,12.2,622,16.9,390,5.99,1056,3.5,1084,2.99,826,5.99,798,12.99,418,739756,109.1,100.0,Highest basket index,RM 69.15,109.1
Melaka,2026-05-02,2026,May,2,61.59,100.0,2026-05-02,61.59,8,7.79,21,11.7,13,16.99,5,2.74,22,3.9,21,2.99,17,5.99,21,9.49,12,739738,118.95,100.0,Lowest basket index,RM 61.59,100.0
Melaka,2026-05-03,2026,May,3,62.45,101.4,2026-05-02,61.59,8,7.79,21,11.7,14,18.0,5,2.49,22,3.95,22,3.1,18,5.99,19,9.45,12,739739,118.95,100.0,Normal day,RM 62.45,101.4
Melaka,2026-05-04,2026,May,4,70.47,114.42,2026-05-02,61.59,8,7.99,35,11.99,34,20.0,9,3.5,43,3.99,50,3.5,45,6.0,30,13.5,25,739740,118.95,100.0,Normal day,RM 70.47,114.4
Melaka,2026-05-05,2026,May,5,63.75,103.52,2026-05-02,61.59,8,7.99,21,11.7,15,17.49,4,2.5,22,3.99,21,3.1,16,6.0,19,10.99,11,739741,118.95,100.0,Normal day,RM 63.75,103.5
Melaka,2026-05-06,2026,May,6,64.05,103.99,2026-05-02,61.59,8,7.85,20,11.59,14,18.95,4,2.49,19,3.99,22,3.2,17,5.99,16,9.99,11,739742,118.95,100.0,Normal day,RM 64.05,104.0
Melaka,2026-05-07,2026,May,7,66.16,107.43,2026-05-02,61.59,8,7.9,21,11.69,13,19.9,5,2.5,22,3.99,22,3.2,17,6.0,17,10.99,11,739743,118.95,100.0,Normal day,RM 66.16,107.4
Melaka,2026-05-08,2026,May,8,63.05,102.37,2026-05-02,61.59,8,7.99,21,11.7,15,16.95,6,2.5,22,3.99,22,3.2,17,5.74,20,10.99,11,739744,118.95,100.0,Normal day,RM 63.05,102.4
Melaka,2026-05-09,2026,May,9,63.58,103.24,2026-05-02,61.59,8,7.99,21,11.7,15,18.99,5,2.5,22,3.99,21,2.99,17,5.74,20,9.69,12,739745,118.95,100.0,Normal day,RM 63.58,103.2
Melaka,2026-05-10,2026,May,10,63.25,102.69,2026-05-02,61.59,8,7.99,21,11.7,16,17.95,4,3.1,22,3.99,22,3.1,18,5.74,20,9.69,12,739746,118.95,100.0,Normal day,RM 63.25,102.7
Melaka,2026-05-11,2026,May,11,69.41,112.69,2026-05-02,61.59,8,7.99,34,11.99,37,19.0,7,3.95,42,3.99,50,3.5,44,5.99,35,13.0,26,739747,118.95,100.0,Normal day,RM 69.41,112.7
Melaka,2026-05-12,2026,May,12,67.31,109.3,2026-05-02,61.59,8,7.9,21,11.7,15,20.0,3,3.99,20,3.99,22,3.3,17,6.45,18,9.99,13,739748,118.95,100.0,Normal day,RM 67.31,109.3
Melaka,2026-05-13,2026,May,13,65.61,106.53,2026-05-02,61.59,8,7.95,20,11.75,15,19.49,4,4.49,21,3.99,22,3.15,18,5.9,17,8.9,11,739749,118.95,100.0,Normal day,RM 65.61,106.5
Melaka,2026-05-14,2026,May,14,67.68,109.89,2026-05-02,61.59,8,7.99,20,11.99,15,19.89,6,4.5,22,3.99,22,3.15,18,5.18,19,10.99,11,739750,118.95,100.0,Normal day,RM 67.68,109.9
Melaka,2026-05-15,2026,May,15,68.84,111.77,2026-05-02,61.59,8,7.99,21,11.99,16,19.9,4,5.5,21,3.99,21,3.15,18,5.33,20,10.99,9,739751,118.95,100.0,Normal day,RM 68.84,111.8
Melaka,2026-05-16,2026,May,16,70.08,113.79,2026-05-02,61.59,8,8.09,21,11.99,14,18.99,3,5.89,22,3.99,20,3.15,16,6.0,17,11.99,10,739752,118.95,100.0,Normal day,RM 70.08,113.8
Melaka,2026-05-17,2026,May,17,68.75,111.63,2026-05-02,61.59,8,8.39,21,12.09,16,18.0,3,5.99,22,3.99,22,3.3,17,6.0,18,10.99,11,739753,118.95,100.0,Normal day,RM 68.75,111.6
Melaka,2026-05-18,2026,May,18,73.26,118.95,2026-05-02,61.59,8,8.39,35,12.49,37,19.4,6,5.99,44,3.99,50,3.5,44,6.0,33,13.5,25,739754,118.95,100.0,Highest basket index,RM 73.26,119.0
Melaka,2026-05-19,2026,May,19,70.11,113.83,2026-05-02,61.59,8,8.39,21,12.05,15,18.39,2,5.99,22,3.99,22,3.3,17,6.0,20,11.99,10,739755,118.95,100.0,Normal day,RM 70.11,113.8
Melaka,2026-05-20,2026,May,20,67.72,109.96,2026-05-02,61.59,8,8.39,20,12.12,16,19.39,4,5.79,21,3.99,22,3.3,17,5.75,18,8.99,10,739756,118.95,100.0,Normal day,RM 67.72,110.0
Negeri Sembilan,2026-05-02,2026,May,2,75.38,100.0,2026-05-02,75.38,8,7.99,34,11.7,28,18.9,5,2.9,33,3.99,34,2.9,21,5.0,29,22.0,1,739738,103.2,86.36,Normal day,RM 75.38,100.0
Negeri Sembilan,2026-05-03,2026,May,3,72.94,96.76,2026-05-02,75.38,8,7.99,34,11.7,25,18.9,3,2.5,35,3.95,32,2.9,19,5.0,32,20.0,1,739739,103.2,86.36,Normal day,RM 72.94,96.8
Negeri Sembilan,2026-05-04,2026,May,4,77.79,103.2,2026-05-02,75.38,8,8.5,47,12.0,29,18.95,8,3.5,53,3.9,55,3.2,36,5.75,44,22.0,1,739740,103.2,86.36,Highest basket index,RM 77.79,103.2
Negeri Sembilan,2026-05-06,2026,May,6,69.01,91.55,2026-05-02,75.38,8,7.9,33,11.99,24,17.99,3,2.9,33,3.99,35,2.7,20,5.54,32,16.0,2,739742,103.2,86.36,Normal day,RM 69.01,91.5
Negeri Sembilan,2026-05-07,2026,May,7,69.62,92.35,2026-05-02,75.38,8,7.79,33,11.99,26,17.95,6,2.9,35,3.99,34,2.5,21,5.0,33,17.5,2,739743,103.2,86.36,Normal day,RM 69.62,92.3
Negeri Sembilan,2026-05-08,2026,May,8,68.76,91.22,2026-05-02,75.38,8,7.89,33,11.99,28,16.99,4,2.5,35,3.99,35,2.9,23,5.0,31,17.5,2,739744,103.2,86.36,Normal day,RM 68.76,91.2
Negeri Sembilan,2026-05-09,2026,May,9,65.1,86.36,2026-05-02,75.38,8,7.99,34,11.99,28,17.94,4,2.99,35,3.99,35,2.7,22,5.0,32,12.5,2,739745,103.2,86.36,Lowest basket index,RM 65.10,86.4
Negeri Sembilan,2026-05-10,2026,May,10,71.66,95.07,2026-05-02,75.38,8,7.99,33,11.99,24,18.49,2,2.9,35,3.99,35,2.9,23,4.9,35,18.5,2,739746,103.2,86.36,Normal day,RM 71.66,95.1
Negeri Sembilan,2026-05-11,2026,May,11,72.84,96.64,2026-05-02,75.38,8,8.3,47,12.0,30,20.9,11,3.95,52,3.9,56,3.3,37,5.0,43,15.5,2,739747,103.2,86.36,Normal day,RM 72.84,96.6
Negeri Sembilan,2026-05-12,2026,May,12,68.03,90.26,2026-05-02,75.38,8,7.8,31,11.99,24,20.9,5,3.5,32,3.95,32,2.9,21,5.0,27,12.0,1,739748,103.2,86.36,Normal day,RM 68.03,90.3
Negeri Sembilan,2026-05-13,2026,May,13,73.62,97.67,2026-05-02,75.38,8,7.95,34,11.99,27,20.95,6,3.9,33,3.95,34,2.9,19,5.0,29,17.0,2,739749,103.2,86.36,Normal day,RM 73.62,97.7
Negeri Sembilan,2026-05-14,2026,May,14,74.37,98.66,2026-05-02,75.38,8,7.99,33,12.0,24,20.9,5,4.65,34,3.99,34,2.9,19,5.0,28,16.95,4,739750,103.2,86.36,Normal day,RM 74.37,98.7
Negeri Sembilan,2026-05-15,2026,May,15,72.28,95.88,2026-05-02,75.38,8,8.04,34,11.99,28,17.95,2,5.0,35,3.99,35,2.9,19,4.9,34,17.5,2,739751,103.2,86.36,Normal day,RM 72.28,95.9
Negeri Sembilan,2026-05-16,2026,May,16,74.37,98.66,2026-05-02,75.38,8,8.1,35,11.99,25,19.49,6,5.5,34,3.99,34,2.9,17,4.9,34,17.5,2,739752,103.2,86.36,Normal day,RM 74.37,98.7
Negeri Sembilan,2026-05-17,2026,May,17,75.99,100.81,2026-05-02,75.38,8,8.15,34,12.0,24,19.95,4,5.9,33,3.9,33,2.7,18,4.9,28,18.5,2,739753,103.2,86.36,Normal day,RM 75.99,100.8
Negeri Sembilan,2026-05-18,2026,May,18,72.89,96.7,2026-05-02,75.38,8,8.5,48,12.2,29,19.0,7,5.9,53,3.9,55,3.3,35,5.09,42,15.0,2,739754,103.2,86.36,Normal day,RM 72.89,96.7
Negeri Sembilan,2026-05-20,2026,May,20,77.13,102.32,2026-05-02,75.38,8,8.29,33,12.0,25,20.0,6,5.35,34,3.99,34,2.5,19,5.0,31,20.0,1,739756,103.2,86.36,Normal day,RM 77.13,102.3
Pahang,2026-05-02,2026,May,2,66.15,100.0,2026-05-02,66.15,8,8.19,77,11.5,59,19.99,39,2.5,77,2.99,73,2.99,55,5.99,70,12.0,18,739738,109.64,98.55,Normal day,RM 66.15,100.0
Pahang,2026-05-03,2026,May,3,66.05,99.85,2026-05-02,66.15,8,8.1,73,11.5,62,19.99,39,2.5,75,2.99,69,2.99,52,5.99,67,11.99,17,739739,109.64,98.55,Normal day,RM 66.05,99.8
Pahang,2026-05-04,2026,May,4,69.86,105.61,2026-05-02,66.15,8,8.19,106,11.7,77,19.99,48,2.99,117,3.5,124,3.5,109,6.0,89,13.99,17,739740,109.64,98.55,Normal day,RM 69.86,105.6
Pahang,2026-05-05,2026,May,5,66.14,99.98,2026-05-02,66.15,8,8.09,77,11.6,54,20.0,33,2.49,78,2.99,71,2.99,55,5.99,68,11.99,18,739741,109.64,98.55,Normal day,RM 66.14,100.0
Pahang,2026-05-06,2026,May,6,66.14,99.99,2026-05-02,66.15,8,8.09,76,11.6,56,20.0,32,2.49,79,2.99,73,3.0,56,5.99,70,11.99,17,739742,109.64,98.55,Normal day,RM 66.14,100.0
Pahang,2026-05-07,2026,May,7,66.09,99.92,2026-05-02,66.15,8,8.09,76,11.6,56,20.0,31,2.44,78,2.99,72,2.99,55,5.99,72,12.0,16,739743,109.64,98.55,Normal day,RM 66.09,99.9
Pahang,2026-05-08,2026,May,8,65.99,99.76,2026-05-02,66.15,8,8.1,76,11.64,56,19.99,34,2.29,78,2.99,73,2.99,56,5.99,73,12.0,14,739744,109.64,98.55,Normal day,RM 65.99,99.8
Pahang,2026-05-09,2026,May,9,66.0,99.78,2026-05-02,66.15,8,8.1,76,11.6,59,19.99,34,2.4,78,2.99,73,2.99,56,5.95,74,11.99,17,739745,109.64,98.55,Normal day,RM 66.00,99.8
Pahang,2026-05-10,2026,May,10,65.19,98.55,2026-05-02,66.15,8,8.1,73,11.6,57,20.99,35,2.29,76,2.99,70,2.99,53,5.23,70,10.99,15,739746,109.64,98.55,Lowest basket index,RM 65.19,98.5
Pahang,2026-05-11,2026,May,11,68.45,103.48,2026-05-02,66.15,8,8.29,107,11.7,73,19.99,44,3.49,120,3.49,133,3.5,109,5.99,94,12.0,17,739747,109.64,98.55,Normal day,RM 68.45,103.5
Pahang,2026-05-12,2026,May,12,67.25,101.66,2026-05-02,66.15,8,8.19,77,11.7,50,20.99,34,3.39,78,2.99,72,2.99,56,5.0,66,12.0,16,739748,109.64,98.55,Normal day,RM 67.25,101.7
Pahang,2026-05-13,2026,May,13,67.35,101.81,2026-05-02,66.15,8,8.24,76,11.7,57,19.99,41,3.99,79,2.99,71,2.99,57,5.0,71,12.45,18,739749,109.64,98.55,Normal day,RM 67.35,101.8
Pahang,2026-05-14,2026,May,14,68.54,103.61,2026-05-02,66.15,8,8.29,77,11.79,59,20.0,37,4.59,79,2.99,73,2.99,58,4.99,70,12.9,17,739750,109.64,98.55,Normal day,RM 68.54,103.6
Pahang,2026-05-15,2026,May,15,68.48,103.52,2026-05-02,66.15,8,8.29,76,11.79,58,19.99,40,4.99,79,2.99,72,2.99,59,4.99,70,12.45,18,739751,109.64,98.55,Normal day,RM 68.48,103.5
Pahang,2026-05-16,2026,May,16,68.53,103.6,2026-05-02,66.15,8,8.29,77,11.79,57,19.49,38,5.99,78,2.99,72,2.99,58,5.0,70,12.0,18,739752,109.64,98.55,Normal day,RM 68.53,103.6
Pahang,2026-05-17,2026,May,17,67.14,101.5,2026-05-02,66.15,8,8.29,74,11.89,55,19.99,40,6.0,75,2.99,67,2.99,55,4.99,69,10.0,16,739753,109.64,98.55,Normal day,RM 67.14,101.5
Pahang,2026-05-18,2026,May,18,72.52,109.64,2026-05-02,66.15,8,8.49,107,11.95,76,19.99,51,6.0,118,3.8,125,3.5,110,5.9,98,12.9,19,739754,109.64,98.55,Highest basket index,RM 72.52,109.6
Pahang,2026-05-19,2026,May,19,70.34,106.33,2026-05-02,66.15,8,8.39,76,11.99,52,20.99,43,6.0,78,2.99,70,2.99,58,5.0,70,11.99,17,739755,109.64,98.55,Normal day,RM 70.34,106.3
Pahang,2026-05-20,2026,May,20,70.39,106.41,2026-05-02,66.15,8,8.39,76,12.05,58,20.99,43,5.99,79,2.99,71,2.99,59,5.0,72,11.99,19,739756,109.64,98.55,Normal day,RM 70.39,106.4
Perak,2026-05-02,2026,May,2,59.98,100.0,2026-05-02,59.98,8,8.0,96,11.5,60,14.0,27,2.99,95,2.99,94,3.0,64,5.0,85,12.5,36,739738,110.45,98.74,Normal day,RM 59.98,100.0
Perak,2026-05-03,2026,May,3,59.23,98.74,2026-05-02,59.98,8,8.0,97,11.5,63,13.75,38,2.99,95,2.99,96,3.0,68,5.0,74,12.0,42,739739,110.45,98.74,Lowest basket index,RM 59.23,98.7
Perak,2026-05-04,2026,May,4,60.79,101.35,2026-05-02,59.98,8,8.0,118,11.9,93,14.9,42,2.99,126,3.0,148,3.0,119,5.0,95,12.0,51,739740,110.45,98.74,Normal day,RM 60.79,101.3
Perak,2026-05-05,2026,May,5,60.08,100.16,2026-05-02,59.98,8,8.0,98,11.6,62,14.0,34,2.99,96,3.5,96,3.0,64,4.99,79,12.0,44,739741,110.45,98.74,Normal day,RM 60.08,100.2
Perak,2026-05-06,2026,May,6,61.52,102.57,2026-05-02,59.98,8,7.99,97,11.6,57,14.95,36,2.99,95,3.5,96,3.0,64,5.49,83,12.0,46,739742,110.45,98.74,Normal day,RM 61.52,102.6
Perak,2026-05-07,2026,May,7,61.08,101.83,2026-05-02,59.98,8,8.0,98,11.7,58,14.45,38,2.95,96,3.5,96,3.0,65,5.49,83,12.0,44,739743,110.45,98.74,Normal day,RM 61.08,101.8
Perak,2026-05-08,2026,May,8,61.31,102.22,2026-05-02,59.98,8,7.99,96,11.7,64,14.95,32,2.99,95,3.5,97,3.0,65,5.18,87,12.0,45,739744,110.45,98.74,Normal day,RM 61.31,102.2
Perak,2026-05-09,2026,May,9,61.36,102.3,2026-05-02,59.98,8,8.0,97,11.7,65,14.99,31,2.99,95,3.5,94,3.0,63,5.18,83,12.0,42,739745,110.45,98.74,Normal day,RM 61.36,102.3
Perak,2026-05-10,2026,May,10,61.18,102.0,2026-05-02,59.98,8,7.99,97,11.7,64,15.0,39,2.99,97,3.5,96,3.0,64,5.0,84,12.0,41,739746,110.45,98.74,Normal day,RM 61.18,102.0
Perak,2026-05-11,2026,May,11,62.72,104.57,2026-05-02,59.98,8,8.0,122,11.78,98,14.95,42,3.5,127,3.5,146,3.0,121,5.0,99,13.0,54,739747,110.45,98.74,Normal day,RM 62.72,104.6
Perak,2026-05-12,2026,May,12,61.89,103.18,2026-05-02,59.98,8,7.99,97,11.9,63,15.0,39,3.5,95,3.5,96,3.0,64,5.0,84,12.0,41,739748,110.45,98.74,Normal day,RM 61.89,103.2
Perak,2026-05-13,2026,May,13,62.38,103.99,2026-05-02,59.98,8,7.99,98,11.9,63,15.0,40,3.99,95,3.5,96,3.0,64,5.0,87,12.0,41,739749,110.45,98.74,Normal day,RM 62.38,104.0
Perak,2026-05-14,2026,May,14,63.03,105.09,2026-05-02,59.98,8,8.14,98,11.9,65,15.0,39,4.0,95,3.5,96,3.0,64,5.49,83,12.0,43,739750,110.45,98.74,Normal day,RM 63.03,105.1
Perak,2026-05-15,2026,May,15,64.88,108.16,2026-05-02,59.98,8,8.0,96,11.9,67,16.0,42,4.99,95,3.5,96,3.0,66,5.49,81,12.0,43,739751,110.45,98.74,Normal day,RM 64.88,108.2
Perak,2026-05-16,2026,May,16,64.19,107.01,2026-05-02,59.98,8,8.3,97,11.9,65,15.0,37,5.0,94,3.5,95,3.0,63,5.49,80,12.0,43,739752,110.45,98.74,Normal day,RM 64.19,107.0
Perak,2026-05-17,2026,May,17,65.59,109.35,2026-05-02,59.98,8,8.2,97,11.9,68,16.0,37,5.5,97,3.5,96,3.0,64,5.49,84,12.0,44,739753,110.45,98.74,Normal day,RM 65.59,109.3
Perak,2026-05-18,2026,May,18,66.25,110.45,2026-05-02,59.98,8,8.29,119,11.99,97,14.99,43,6.0,127,3.5,147,3.0,117,5.49,100,12.99,57,739754,110.45,98.74,Highest basket index,RM 66.25,110.5
Perak,2026-05-19,2026,May,19,66.25,110.45,2026-05-02,59.98,8,8.29,97,11.99,64,15.0,38,5.99,93,3.5,96,3.0,63,5.49,80,12.99,43,739755,110.45,98.74,Highest basket index,RM 66.25,110.5
Perak,2026-05-20,2026,May,20,65.85,109.79,2026-05-02,59.98,8,8.29,96,12.0,64,14.99,40,5.99,96,3.5,96,3.0,64,5.49,85,12.59,43,739756,110.45,98.74,Normal day,RM 65.85,109.8
Perlis,2026-05-04,2026,May,4,68.55,100.0,2026-05-04,68.55,8,8.5,19,11.6,6,13.0,1,3.9,25,4.0,27,3.54,18,6.0,12,18.0,9,739740,103.85,95.62,Normal day,RM 68.55,100.0
Perlis,2026-05-05,2026,May,5,71.19,103.85,2026-05-04,68.55,8,8.45,14,11.55,2,18.5,1,3.9,18,4.0,16,3.79,10,6.0,11,15.0,8,739741,103.85,95.62,Highest basket index,RM 71.19,103.8
Perlis,2026-05-11,2026,May,11,65.54,95.62,2026-05-04,68.55,8,8.7,19,11.45,6,14.0,1,3.9,26,4.0,26,3.5,16,5.0,13,15.0,13,739747,103.85,95.62,Lowest basket index,RM 65.54,95.6
Pulau Pinang,2026-05-02,2026,May,2,66.14,100.0,2026-05-02,66.14,8,9.14,62,12.0,50,15.5,24,3.0,75,4.0,71,3.5,53,5.0,70,14.0,49,739738,105.9,97.73,Normal day,RM 66.14,100.0
Pulau Pinang,2026-05-03,2026,May,3,65.64,99.24,2026-05-02,66.14,8,9.14,62,12.0,52,16.0,25,3.0,75,4.0,72,3.5,53,5.0,68,13.0,49,739739,105.9,97.73,Normal day,RM 65.64,99.2
Pulau Pinang,2026-05-04,2026,May,4,65.07,98.37,2026-05-02,66.14,8,8.79,87,11.99,67,15.0,32,3.0,116,3.99,118,3.3,104,5.0,103,14.0,72,739740,105.9,97.73,Normal day,RM 65.07,98.4
Pulau Pinang,2026-05-05,2026,May,5,64.64,97.73,2026-05-02,66.14,8,9.14,62,12.0,47,15.0,23,3.0,74,4.0,73,3.5,53,5.0,71,13.0,49,739741,105.9,97.73,Lowest basket index,RM 64.64,97.7
Pulau Pinang,2026-05-06,2026,May,6,65.64,99.24,2026-05-02,66.14,8,9.14,62,12.0,45,16.0,19,3.0,75,4.0,73,3.5,53,5.0,69,13.0,51,739742,105.9,97.73,Normal day,RM 65.64,99.2
Pulau Pinang,2026-05-07,2026,May,7,65.64,99.24,2026-05-02,66.14,8,9.14,62,12.0,43,15.0,23,3.0,75,4.0,73,3.5,52,5.0,66,14.0,51,739743,105.9,97.73,Normal day,RM 65.64,99.2
Pulau Pinang,2026-05-08,2026,May,8,66.39,100.38,2026-05-02,66.14,8,9.14,62,12.0,52,15.0,25,3.0,75,4.0,74,3.5,52,5.0,68,14.75,50,739744,105.9,97.73,Normal day,RM 66.39,100.4
Pulau Pinang,2026-05-09,2026,May,9,65.7,99.33,2026-05-02,66.14,8,9.2,62,12.0,51,15.0,18,3.0,75,4.0,73,3.5,53,5.0,67,14.0,51,739745,105.9,97.73,Normal day,RM 65.70,99.3
Pulau Pinang,2026-05-10,2026,May,10,66.75,100.91,2026-05-02,66.14,8,9.25,62,12.0,52,16.0,37,3.0,74,4.0,73,3.5,53,5.0,68,14.0,48,739746,105.9,97.73,Normal day,RM 66.75,100.9
Pulau Pinang,2026-05-11,2026,May,11,66.95,101.22,2026-05-02,66.14,8,8.69,87,11.99,63,16.49,40,3.49,118,3.99,121,3.3,104,5.0,104,14.0,74,739747,105.9,97.73,Normal day,RM 66.95,101.2
Pulau Pinang,2026-05-12,2026,May,12,67.9,102.65,2026-05-02,66.14,8,9.25,62,12.5,43,15.4,28,4.0,75,4.0,73,3.5,52,5.0,64,14.25,50,739748,105.9,97.73,Normal day,RM 67.90,102.7
Pulau Pinang,2026-05-13,2026,May,13,68.4,103.41,2026-05-02,66.14,8,9.4,61,12.0,46,16.0,30,4.0,74,4.0,73,3.5,54,5.0,66,14.5,51,739749,105.9,97.73,Normal day,RM 68.40,103.4
Pulau Pinang,2026-05-14,2026,May,14,69.49,105.06,2026-05-02,66.14,8,9.25,62,12.5,45,16.0,26,4.99,75,4.0,72,3.5,54,5.0,66,14.25,50,739750,105.9,97.73,Normal day,RM 69.49,105.1
Pulau Pinang,2026-05-15,2026,May,15,68.95,104.24,2026-05-02,66.14,8,9.25,62,12.0,47,15.95,28,5.0,75,4.0,72,3.5,52,5.0,68,14.25,48,739751,105.9,97.73,Normal day,RM 68.95,104.2
Pulau Pinang,2026-05-16,2026,May,16,69.0,104.32,2026-05-02,66.14,8,9.25,62,12.0,49,16.0,26,5.0,74,4.0,72,3.5,51,5.0,70,14.25,50,739752,105.9,97.73,Normal day,RM 69.00,104.3
Pulau Pinang,2026-05-17,2026,May,17,68.64,103.77,2026-05-02,66.14,8,9.25,62,12.0,50,16.0,31,5.99,72,4.0,72,3.4,52,5.0,66,13.0,51,739753,105.9,97.73,Normal day,RM 68.64,103.8
Pulau Pinang,2026-05-18,2026,May,18,68.13,103.0,2026-05-02,66.14,8,8.69,87,12.15,64,15.0,40,6.0,116,3.99,121,3.3,102,5.0,100,14.0,75,739754,105.9,97.73,Normal day,RM 68.13,103.0
Pulau Pinang,2026-05-19,2026,May,19,69.39,104.91,2026-05-02,66.14,8,9.29,62,12.6,45,15.0,29,6.0,72,4.0,73,3.5,51,5.0,66,14.0,50,739755,105.9,97.73,Normal day,RM 69.39,104.9
Pulau Pinang,2026-05-20,2026,May,20,70.05,105.9,2026-05-02,66.14,8,9.29,62,12.9,45,15.35,22,6.0,74,4.0,73,3.5,53,5.0,70,14.0,49,739756,105.9,97.73,Highest basket index,RM 70.05,105.9
Sabah,2026-05-02,2026,May,2,77.42,100.0,2026-05-02,77.42,8,12.9,11,15.65,8,10.0,6,6.9,81,3.5,97,2.99,91,5.5,33,19.99,53,739738,103.39,96.73,Normal day,RM 77.42,100.0
Sabah,2026-05-03,2026,May,3,77.68,100.33,2026-05-02,77.42,8,12.9,11,15.7,7,10.0,5,6.9,84,3.5,98,2.99,90,5.7,32,19.99,52,739739,103.39,96.73,Normal day,RM 77.68,100.3
Sabah,2026-05-04,2026,May,4,80.05,103.39,2026-05-02,77.42,8,12.95,12,15.8,13,10.45,4,6.9,107,4.0,159,3.5,149,6.0,39,20.45,68,739740,103.39,96.73,Highest basket index,RM 80.05,103.4
Sabah,2026-05-05,2026,May,5,78.48,101.37,2026-05-02,77.42,8,12.9,11,15.75,10,10.0,5,6.9,84,3.5,98,2.99,91,5.5,31,20.95,54,739741,103.39,96.73,Normal day,RM 78.48,101.4
Sabah,2026-05-06,2026,May,6,78.36,101.21,2026-05-02,77.42,8,13.0,11,15.89,6,10.5,8,6.9,84,3.5,95,2.99,90,5.6,34,19.99,55,739742,103.39,96.73,Normal day,RM 78.36,101.2
Sabah,2026-05-07,2026,May,7,77.47,100.06,2026-05-02,77.42,8,12.9,11,15.6,12,10.0,6,6.9,85,3.5,96,2.99,85,5.6,34,19.99,58,739743,103.39,96.73,Normal day,RM 77.47,100.1
Sabah,2026-05-08,2026,May,8,77.63,100.26,2026-05-02,77.42,8,12.95,12,15.89,9,10.0,8,6.9,83,3.5,97,2.99,86,5.5,37,19.9,62,739744,103.39,96.73,Normal day,RM 77.63,100.3
Sabah,2026-05-09,2026,May,9,77.59,100.21,2026-05-02,77.42,8,12.95,12,15.8,11,10.0,10,6.9,84,3.45,94,2.99,86,5.6,34,19.9,60,739745,103.39,96.73,Normal day,RM 77.59,100.2
Sabah,2026-05-10,2026,May,10,79.24,102.34,2026-05-02,77.42,8,12.95,12,15.7,9,11.9,13,6.9,87,3.4,94,2.99,84,5.5,34,19.9,58,739746,103.39,96.73,Normal day,RM 79.24,102.3
Sabah,2026-05-11,2026,May,11,79.05,102.1,2026-05-02,77.42,8,12.9,11,15.95,12,10.0,13,6.9,106,4.0,161,3.5,137,5.9,37,19.9,73,739747,103.39,96.73,Normal day,RM 79.05,102.1
Sabah,2026-05-12,2026,May,12,77.74,100.41,2026-05-02,77.42,8,12.95,10,15.7,9,10.0,18,6.9,89,3.4,96,2.99,79,5.9,36,19.9,55,739748,103.39,96.73,Normal day,RM 77.74,100.4
Sabah,2026-05-13,2026,May,13,77.75,100.42,2026-05-02,77.42,8,12.95,12,15.8,5,10.0,14,6.9,88,3.5,94,3.2,79,5.5,41,19.9,47,739749,103.39,96.73,Normal day,RM 77.75,100.4
Sabah,2026-05-14,2026,May,14,75.92,98.06,2026-05-02,77.42,8,12.95,10,15.8,11,10.0,9,6.49,87,3.4,96,2.99,86,5.29,41,19.0,57,739750,103.39,96.73,Normal day,RM 75.92,98.1
Sabah,2026-05-15,2026,May,15,76.72,99.1,2026-05-02,77.42,8,12.9,9,15.8,14,10.0,12,6.49,87,3.5,96,2.99,85,5.14,46,19.9,59,739751,103.39,96.73,Normal day,RM 76.72,99.1
Sabah,2026-05-16,2026,May,16,76.29,98.53,2026-05-02,77.42,8,12.95,8,15.8,14,10.0,9,6.2,85,3.4,97,2.99,82,5.5,43,19.45,60,739752,103.39,96.73,Normal day,RM 76.29,98.5
Sabah,2026-05-17,2026,May,17,75.78,97.88,2026-05-02,77.42,8,13.0,9,15.79,10,10.0,9,6.0,81,3.4,99,2.99,84,5.6,44,19.0,60,739753,103.39,96.73,Normal day,RM 75.78,97.9
Sabah,2026-05-18,2026,May,18,78.03,100.78,2026-05-02,77.42,8,13.0,9,15.9,19,10.9,13,6.2,105,3.98,161,3.5,143,5.55,38,19.0,77,739754,103.39,96.73,Normal day,RM 78.03,100.8
Sabah,2026-05-19,2026,May,19,75.97,98.13,2026-05-02,77.42,8,12.9,11,15.79,12,10.0,10,6.0,81,3.5,96,2.99,84,5.79,38,19.0,62,739755,103.39,96.73,Normal day,RM 75.97,98.1
Sabah,2026-05-20,2026,May,20,74.89,96.73,2026-05-02,77.42,8,12.9,12,15.7,11,8.0,11,6.0,82,3.5,98,2.99,89,5.9,41,19.9,67,739756,103.39,96.73,Lowest basket index,RM 74.89,96.7
Selangor,2026-05-02,2026,May,2,69.62,100.0,2026-05-02,69.62,8,8.29,79,11.7,49,20.0,20,2.99,79,3.0,79,2.64,62,6.0,70,15.0,12,739738,107.43,98.2,Normal day,RM 69.62,100.0
Selangor,2026-05-03,2026,May,3,69.27,99.49,2026-05-02,69.62,8,8.0,79,11.7,46,20.0,20,2.59,80,2.99,79,2.99,57,5.99,70,15.0,13,739739,107.43,98.2,Normal day,RM 69.27,99.5
Selangor,2026-05-04,2026,May,4,69.92,100.43,2026-05-02,69.62,8,8.0,93,11.99,58,19.45,18,2.99,106,3.5,107,2.99,82,6.0,89,15.0,11,739740,107.43,98.2,Normal day,RM 69.92,100.4
Selangor,2026-05-05,2026,May,5,70.36,101.06,2026-05-02,69.62,8,8.0,78,11.99,51,19.9,19,2.99,79,3.5,76,2.99,55,5.99,71,15.0,14,739741,107.43,98.2,Normal day,RM 70.36,101.1
Selangor,2026-05-06,2026,May,6,68.88,98.94,2026-05-02,69.62,8,8.0,79,11.99,51,19.9,19,2.5,81,3.5,78,2.99,60,5.0,75,15.0,12,739742,107.43,98.2,Normal day,RM 68.88,98.9
Selangor,2026-05-07,2026,May,7,68.67,98.63,2026-05-02,69.62,8,8.0,78,11.99,52,19.45,18,2.5,81,3.5,80,2.99,61,5.24,76,15.0,13,739743,107.43,98.2,Normal day,RM 68.67,98.6
Selangor,2026-05-08,2026,May,8,68.63,98.58,2026-05-02,69.62,8,8.0,79,11.99,52,20.0,20,2.5,80,3.5,79,2.64,60,5.0,77,15.0,12,739744,107.43,98.2,Normal day,RM 68.63,98.6
Selangor,2026-05-09,2026,May,9,68.36,98.2,2026-05-02,69.62,8,8.09,80,11.99,50,19.45,22,2.5,81,3.5,78,2.75,60,5.09,76,15.0,15,739745,107.43,98.2,Lowest basket index,RM 68.36,98.2
Selangor,2026-05-10,2026,May,10,68.4,98.24,2026-05-02,69.62,8,8.04,78,11.99,47,18.9,25,2.99,81,3.5,79,2.79,62,5.18,75,15.0,14,739746,107.43,98.2,Normal day,RM 68.40,98.2
Selangor,2026-05-11,2026,May,11,69.92,100.43,2026-05-02,69.62,8,8.2,93,11.99,58,19.45,20,3.5,106,3.5,104,2.99,87,5.3,89,15.0,9,739747,107.43,98.2,Normal day,RM 69.92,100.4
Selangor,2026-05-12,2026,May,12,71.58,102.82,2026-05-02,69.62,8,8.0,79,11.99,43,22.0,19,3.5,79,3.5,78,2.5,61,5.09,68,15.0,13,739748,107.43,98.2,Normal day,RM 71.58,102.8
Selangor,2026-05-13,2026,May,13,70.07,100.65,2026-05-02,69.62,8,8.09,79,11.99,44,20.0,23,3.9,80,3.5,78,2.59,59,5.0,71,15.0,13,739749,107.43,98.2,Normal day,RM 70.07,100.7
Selangor,2026-05-14,2026,May,14,70.91,101.85,2026-05-02,69.62,8,8.2,78,11.99,51,20.0,22,3.99,79,3.5,77,2.54,58,5.69,74,15.0,13,739750,107.43,98.2,Normal day,RM 70.91,101.8
Selangor,2026-05-15,2026,May,15,70.86,101.79,2026-05-02,69.62,8,8.2,79,11.99,51,20.0,25,4.5,78,3.5,79,2.5,60,5.18,75,15.0,10,739751,107.43,98.2,Normal day,RM 70.86,101.8
Selangor,2026-05-16,2026,May,16,71.37,102.51,2026-05-02,69.62,8,8.2,80,12.0,56,20.0,25,4.99,80,3.5,79,2.5,57,5.18,72,15.0,8,739752,107.43,98.2,Normal day,RM 71.37,102.5
Selangor,2026-05-17,2026,May,17,71.84,103.18,2026-05-02,69.62,8,8.2,79,12.0,54,20.0,24,5.64,78,3.5,79,2.49,55,5.0,76,15.0,11,739753,107.43,98.2,Normal day,RM 71.84,103.2
Selangor,2026-05-18,2026,May,18,74.61,107.17,2026-05-02,69.62,8,8.39,93,12.05,54,20.9,21,6.0,106,3.5,105,2.99,83,5.78,93,15.0,10,739754,107.43,98.2,Normal day,RM 74.61,107.2
Selangor,2026-05-19,2026,May,19,74.79,107.43,2026-05-02,69.62,8,8.39,79,12.1,45,21.9,17,5.9,79,3.5,78,2.5,59,5.5,73,15.0,11,739755,107.43,98.2,Highest basket index,RM 74.79,107.4
Selangor,2026-05-20,2026,May,20,74.67,107.25,2026-05-02,69.62,8,8.49,79,12.2,46,21.5,19,5.9,80,3.5,79,2.59,59,5.49,75,15.0,13,739756,107.43,98.2,Normal day,RM 74.67,107.2
Terengganu,2026-05-02,2026,May,2,63.61,100.0,2026-05-02,63.61,8,8.49,56,11.95,42,18.0,24,2.5,57,3.0,54,2.69,44,6.99,49,10.0,33,739738,112.69,100.0,Lowest basket index,RM 63.61,100.0
Terengganu,2026-05-03,2026,May,3,64.31,101.09,2026-05-02,63.61,8,8.5,55,11.99,37,18.0,25,2.64,58,2.99,54,2.69,45,7.0,50,10.5,32,739739,112.69,100.0,Normal day,RM 64.31,101.1
Terengganu,2026-05-04,2026,May,4,69.34,109.02,2026-05-02,63.61,8,8.6,87,12.05,68,18.49,30,4.0,104,3.9,132,3.3,103,7.0,70,12.0,59,739740,112.69,100.0,Normal day,RM 69.34,109.0
Terengganu,2026-05-05,2026,May,5,65.99,103.74,2026-05-02,63.61,8,8.5,56,12.0,37,18.0,16,2.81,58,3.0,54,2.69,44,6.99,49,12.0,32,739741,112.69,100.0,Normal day,RM 65.99,103.7
Terengganu,2026-05-06,2026,May,6,65.81,103.45,2026-05-02,63.61,8,8.5,55,12.0,40,18.0,18,2.69,58,2.99,54,2.69,45,6.94,52,12.0,32,739742,112.69,100.0,Normal day,RM 65.81,103.5
Terengganu,2026-05-07,2026,May,7,65.05,102.26,2026-05-02,63.61,8,8.39,56,12.0,44,18.49,20,2.49,58,2.99,55,2.69,45,6.0,50,12.0,32,739743,112.69,100.0,Normal day,RM 65.05,102.3
Terengganu,2026-05-08,2026,May,8,64.63,101.6,2026-05-02,63.61,8,8.49,54,12.0,43,18.0,19,2.49,57,2.97,54,2.69,44,5.99,52,12.0,33,739744,112.69,100.0,Normal day,RM 64.63,101.6
Terengganu,2026-05-09,2026,May,9,64.66,101.64,2026-05-02,63.61,8,8.5,54,12.0,37,18.0,19,2.49,57,2.99,55,2.69,45,5.99,51,12.0,32,739745,112.69,100.0,Normal day,RM 64.66,101.6
Terengganu,2026-05-10,2026,May,10,65.24,102.55,2026-05-02,63.61,8,8.59,58,11.99,41,17.99,19,2.99,60,2.99,57,2.69,48,5.99,54,12.0,33,739746,112.69,100.0,Normal day,RM 65.24,102.5
Terengganu,2026-05-11,2026,May,11,68.87,108.27,2026-05-02,63.61,8,8.57,90,12.0,78,18.0,29,4.0,104,3.7,132,3.3,101,6.8,70,12.5,61,739747,112.69,100.0,Normal day,RM 68.87,108.3
Terengganu,2026-05-12,2026,May,12,65.61,103.14,2026-05-02,63.61,8,8.39,57,12.0,41,18.0,22,3.55,60,2.99,58,2.69,46,5.99,51,12.0,33,739748,112.69,100.0,Normal day,RM 65.61,103.1
Terengganu,2026-05-13,2026,May,13,66.06,103.86,2026-05-02,63.61,8,8.39,56,12.0,36,18.0,17,4.0,59,2.99,57,2.69,46,6.0,49,12.0,33,739749,112.69,100.0,Normal day,RM 66.06,103.9
Terengganu,2026-05-14,2026,May,14,67.39,105.94,2026-05-02,63.61,8,8.45,58,11.99,39,18.99,15,4.29,60,2.99,58,2.69,47,5.99,49,12.0,33,739750,112.69,100.0,Normal day,RM 67.39,105.9
Terengganu,2026-05-15,2026,May,15,67.72,106.46,2026-05-02,63.61,8,8.3,57,12.0,42,18.95,18,4.8,59,2.99,58,2.69,46,6.0,52,12.0,33,739751,112.69,100.0,Normal day,RM 67.72,106.5
Terengganu,2026-05-16,2026,May,16,67.67,106.38,2026-05-02,63.61,8,8.5,57,12.0,43,18.0,21,5.5,59,2.99,58,2.69,47,5.99,54,12.0,32,739752,112.69,100.0,Normal day,RM 67.67,106.4
Terengganu,2026-05-17,2026,May,17,68.28,107.33,2026-05-02,63.61,8,8.59,58,12.0,41,18.0,19,6.0,60,2.99,58,2.69,46,6.0,51,12.0,33,739753,112.69,100.0,Normal day,RM 68.28,107.3
Terengganu,2026-05-18,2026,May,18,71.68,112.69,2026-05-02,63.61,8,8.79,89,12.5,87,18.0,30,6.5,102,3.7,136,3.2,105,6.99,73,12.0,59,739754,112.69,100.0,Highest basket index,RM 71.68,112.7
Terengganu,2026-05-19,2026,May,19,68.78,108.14,2026-05-02,63.61,8,8.72,58,12.1,41,18.0,23,6.29,59,2.99,58,2.69,46,6.0,50,12.0,33,739755,112.69,100.0,Normal day,RM 68.78,108.1
Terengganu,2026-05-20,2026,May,20,69.57,109.37,2026-05-02,63.61,8,8.75,57,12.5,44,18.0,22,6.19,59,2.99,57,2.69,48,6.45,50,12.0,33,739756,112.69,100.0,Normal day,RM 69.57,109.4
W.P. Kuala Lumpur,2026-05-02,2026,May,2,69.75,100.0,2026-05-02,69.75,8,8.49,99,11.7,104,18.77,32,3.0,129,3.99,127,3.1,99,7.2,85,13.5,14,739738,108.85,97.81,Normal day,RM 69.75,100.0
W.P. Kuala Lumpur,2026-05-03,2026,May,3,69.43,99.53,2026-05-02,69.75,8,8.49,96,11.7,107,18.65,28,3.0,127,3.99,126,3.1,98,7.0,81,13.5,14,739739,108.85,97.81,Normal day,RM 69.43,99.5
W.P. Kuala Lumpur,2026-05-04,2026,May,4,68.23,97.81,2026-05-02,69.75,8,8.5,102,11.75,98,20.0,35,3.39,146,3.99,147,3.1,115,7.0,88,10.5,8,739740,108.85,97.81,Lowest basket index,RM 68.23,97.8
W.P. Kuala Lumpur,2026-05-05,2026,May,5,72.25,103.58,2026-05-02,69.75,8,8.5,98,11.78,90,20.0,31,3.0,126,3.99,129,3.0,97,6.99,84,15.0,14,739741,108.85,97.81,Normal day,RM 72.25,103.6
W.P. Kuala Lumpur,2026-05-06,2026,May,6,73.23,104.99,2026-05-02,69.75,8,8.5,98,11.9,97,20.4,34,3.0,129,3.99,129,3.05,96,6.9,85,15.5,14,739742,108.85,97.81,Normal day,RM 73.23,105.0
W.P. Kuala Lumpur,2026-05-07,2026,May,7,72.37,103.74,2026-05-02,69.75,8,8.5,98,11.99,101,20.9,33,2.99,129,3.99,129,3.0,96,6.0,89,15.0,16,739743,108.85,97.81,Normal day,RM 72.37,103.7
W.P. Kuala Lumpur,2026-05-08,2026,May,8,73.66,105.6,2026-05-02,69.75,8,8.6,99,11.99,105,21.99,35,2.99,128,3.99,129,3.1,99,6.0,88,15.0,14,739744,108.85,97.81,Normal day,RM 73.66,105.6
W.P. Kuala Lumpur,2026-05-09,2026,May,9,71.81,102.94,2026-05-02,69.75,8,8.54,98,11.99,108,20.0,35,3.29,127,3.99,128,3.0,100,5.99,88,15.0,15,739745,108.85,97.81,Normal day,RM 71.81,102.9
W.P. Kuala Lumpur,2026-05-10,2026,May,10,72.2,103.51,2026-05-02,69.75,8,8.69,99,11.99,103,19.95,32,3.49,128,3.99,130,3.1,97,5.99,86,15.0,16,739746,108.85,97.81,Normal day,RM 72.20,103.5
W.P. Kuala Lumpur,2026-05-11,2026,May,11,71.22,102.1,2026-05-02,69.75,8,8.64,104,11.99,97,21.0,34,3.9,148,3.99,148,3.2,118,6.5,94,12.0,6,739747,108.85,97.81,Normal day,RM 71.22,102.1
W.P. Kuala Lumpur,2026-05-12,2026,May,12,71.96,103.16,2026-05-02,69.75,8,8.69,101,11.99,97,19.45,36,3.9,129,3.99,129,3.2,101,5.75,84,15.0,15,739748,108.85,97.81,Normal day,RM 71.96,103.2
W.P. Kuala Lumpur,2026-05-13,2026,May,13,72.56,104.03,2026-05-02,69.75,8,8.5,97,11.99,97,19.99,36,3.9,129,3.99,129,3.2,100,5.99,84,15.0,15,739749,108.85,97.81,Normal day,RM 72.56,104.0
W.P. Kuala Lumpur,2026-05-14,2026,May,14,72.68,104.19,2026-05-02,69.75,8,8.5,98,12.0,96,20.0,35,4.0,128,4.0,129,3.2,101,5.99,87,15.0,14,739750,108.85,97.81,Normal day,RM 72.68,104.2
W.P. Kuala Lumpur,2026-05-15,2026,May,15,73.28,105.06,2026-05-02,69.75,8,8.59,99,12.1,100,19.9,39,4.5,129,4.0,127,3.2,100,6.0,84,15.0,14,739751,108.85,97.81,Normal day,RM 73.28,105.1
W.P. Kuala Lumpur,2026-05-16,2026,May,16,74.36,106.6,2026-05-02,69.75,8,8.49,99,12.2,105,19.99,39,5.49,129,4.0,128,3.2,100,6.0,90,15.0,18,739752,108.85,97.81,Normal day,RM 74.36,106.6
W.P. Kuala Lumpur,2026-05-17,2026,May,17,74.38,106.64,2026-05-02,69.75,8,8.49,98,12.2,104,20.0,35,5.5,128,4.0,128,3.2,99,6.0,87,15.0,19,739753,108.85,97.81,Normal day,RM 74.38,106.6
W.P. Kuala Lumpur,2026-05-18,2026,May,18,74.79,107.23,2026-05-02,69.75,8,8.5,104,12.2,98,20.0,38,5.9,147,4.0,148,3.3,116,6.9,94,14.0,9,739754,108.85,97.81,Normal day,RM 74.79,107.2
W.P. Kuala Lumpur,2026-05-19,2026,May,19,75.93,108.85,2026-05-02,69.75,8,8.5,97,12.3,96,19.95,32,5.89,128,4.0,129,3.29,100,6.99,89,15.0,15,739755,108.85,97.81,Highest basket index,RM 75.93,108.8
W.P. Kuala Lumpur,2026-05-20,2026,May,20,75.7,108.53,2026-05-02,69.75,8,8.59,96,12.38,94,19.9,30,5.64,130,4.0,129,3.29,100,6.9,91,15.0,15,739756,108.85,97.81,Normal day,RM 75.70,108.5
W.P. Labuan,2026-05-15,2026,May,15,79.25,100.0,2026-05-15,79.25,8,12.5,1,19.0,1,11.9,9,7.0,7,3.9,11,3.0,12,5.0,1,16.95,8,739751,102.59,97.97,Normal day,RM 79.25,100.0
W.P. Labuan,2026-05-16,2026,May,16,79.25,100.0,2026-05-15,79.25,8,12.5,1,19.0,1,11.9,10,7.0,5,3.9,11,3.0,12,5.0,1,16.95,8,739752,102.59,97.97,Normal day,RM 79.25,100.0
W.P. Labuan,2026-05-18,2026,May,18,77.64,97.97,2026-05-15,79.25,8,12.5,1,17.9,3,11.9,7,6.39,9,3.95,14,3.0,14,5.0,1,17.0,9,739754,102.59,97.97,Lowest basket index,RM 77.64,98.0
W.P. Labuan,2026-05-19,2026,May,19,79.05,99.75,2026-05-15,79.25,8,12.5,1,18.95,2,12.0,6,6.2,6,3.9,12,3.0,12,5.0,1,17.5,8,739755,102.59,97.97,Normal day,RM 79.05,99.8
W.P. Labuan,2026-05-20,2026,May,20,81.3,102.59,2026-05-15,79.25,8,12.5,1,19.45,2,12.0,7,5.45,6,3.9,11,3.0,12,8.0,1,17.0,9,739756,102.59,97.97,Highest basket index,RM 81.30,102.6
W.P. Putrajaya,2026-05-02,2026,May,2,63.89,100.0,2026-05-02,63.89,8,7.99,14,11.7,9,17.75,4,2.95,14,3.9,15,2.2,13,6.99,11,10.42,14,739738,120.39,100.0,Lowest basket index,RM 63.89,100.0
W.P. Putrajaya,2026-05-03,2026,May,3,68.89,107.83,2026-05-02,63.89,8,7.99,14,11.7,12,22.75,2,2.9,15,3.9,15,2.29,13,6.95,12,10.42,14,739739,120.39,100.0,Normal day,RM 68.89,107.8
W.P. Putrajaya,2026-05-04,2026,May,4,74.59,116.75,2026-05-02,63.89,8,8.09,18,11.87,14,24.9,7,3.9,26,3.99,26,3.1,25,6.99,17,11.75,22,739740,120.39,100.0,Normal day,RM 74.59,116.8
W.P. Putrajaya,2026-05-05,2026,May,5,65.66,102.76,2026-05-02,63.89,8,8.19,15,11.72,10,19.5,5,2.9,15,3.65,14,2.4,14,6.45,10,10.85,11,739741,120.39,100.0,Normal day,RM 65.66,102.8
W.P. Putrajaya,2026-05-06,2026,May,6,69.87,109.36,2026-05-02,63.89,8,8.19,15,11.87,8,24.0,4,2.9,15,3.65,14,2.4,14,5.99,10,10.88,14,739742,120.39,100.0,Normal day,RM 69.87,109.4
W.P. Putrajaya,2026-05-07,2026,May,7,69.66,109.02,2026-05-02,63.89,8,8.19,15,11.7,9,23.5,5,2.9,15,3.5,13,2.5,13,5.99,11,11.38,14,739743,120.39,100.0,Normal day,RM 69.66,109.0
W.P. Putrajaya,2026-05-08,2026,May,8,68.38,107.02,2026-05-02,63.89,8,8.39,15,11.99,11,21.2,6,2.9,15,3.65,14,2.5,14,6.37,10,11.38,14,739744,120.39,100.0,Normal day,RM 68.38,107.0
W.P. Putrajaya,2026-05-09,2026,May,9,70.09,109.7,2026-05-02,63.89,8,8.39,15,11.99,11,23.7,4,2.9,15,3.65,14,2.4,14,5.99,11,11.07,14,739745,120.39,100.0,Normal day,RM 70.09,109.7
W.P. Putrajaya,2026-05-10,2026,May,10,69.31,108.48,2026-05-02,63.89,8,8.39,15,11.99,12,22.7,6,2.99,15,3.65,14,2.4,14,5.99,11,11.2,14,739746,120.39,100.0,Normal day,RM 69.31,108.5
W.P. Putrajaya,2026-05-11,2026,May,11,71.7,112.22,2026-05-02,63.89,8,8.35,20,11.87,12,21.9,11,3.9,25,3.99,25,3.05,26,7.0,14,11.65,21,739747,120.39,100.0,Normal day,RM 71.70,112.2
W.P. Putrajaya,2026-05-12,2026,May,12,70.81,110.83,2026-05-02,63.89,8,8.39,15,11.99,11,21.9,7,3.59,15,3.65,14,2.4,14,6.45,8,12.45,13,739748,120.39,100.0,Normal day,RM 70.81,110.8
W.P. Putrajaya,2026-05-13,2026,May,13,67.69,105.95,2026-05-02,63.89,8,8.25,14,11.99,9,19.95,6,3.9,15,3.65,14,2.4,14,5.99,9,11.57,12,739749,120.39,100.0,Normal day,RM 67.69,106.0
W.P. Putrajaya,2026-05-14,2026,May,14,70.77,110.77,2026-05-02,63.89,8,8.3,15,11.99,11,21.9,5,3.99,15,3.65,14,2.5,13,5.99,11,12.45,13,739750,120.39,100.0,Normal day,RM 70.77,110.8
W.P. Putrajaya,2026-05-15,2026,May,15,68.39,107.05,2026-05-02,63.89,8,8.35,14,11.99,11,18.7,6,4.75,14,3.65,14,2.4,14,7.0,10,11.57,14,739751,120.39,100.0,Normal day,RM 68.39,107.0
W.P. Putrajaya,2026-05-16,2026,May,16,71.01,111.15,2026-05-02,63.89,8,8.35,14,11.99,11,21.9,5,4.75,14,3.8,15,2.29,13,6.45,12,11.5,13,739752,120.39,100.0,Normal day,RM 71.01,111.2
W.P. Putrajaya,2026-05-17,2026,May,17,72.11,112.87,2026-05-02,63.89,8,8.35,14,11.99,11,22.5,3,5.14,14,3.8,15,2.29,13,5.99,11,12.05,12,739753,120.39,100.0,Normal day,RM 72.11,112.9
W.P. Putrajaya,2026-05-18,2026,May,18,76.92,120.39,2026-05-02,63.89,8,8.39,20,11.99,15,23.7,8,5.99,26,3.99,27,3.2,25,8.0,13,11.65,23,739754,120.39,100.0,Highest basket index,RM 76.92,120.4
W.P. Putrajaya,2026-05-19,2026,May,19,72.95,114.18,2026-05-02,63.89,8,8.5,14,12.1,9,21.9,5,6.2,14,3.65,14,2.4,14,6.64,8,11.57,14,739755,120.39,100.0,Normal day,RM 72.95,114.2
W.P. Putrajaya,2026-05-20,2026,May,20,73.54,115.1,2026-05-02,63.89,8,8.49,14,12.1,8,22.2,4,5.99,15,3.65,14,2.4,14,6.89,10,11.82,14,739756,120.39,100.0,Normal day,RM 73.54,115.1
