date,item_code,item_display,display_unit,median_price,price_record_count,year,month_number,month,day_of_month,date_label,item_period_median_price,price_change_from_item_median,price_position,item_order,median_price_label,item,unit,item_group,item_category,price_highlight
2026-05-02,1,"Chicken, standard",1 kilogram,8.2,816,2026,5,May,2,02 May,8.3,-1.2048192771084416,Middle range,1,RM8.20,AYAM BERSIH - STANDARD,1kg,BARANGAN SEGAR,AYAM,Normal daily median
2026-05-03,1,"Chicken, standard",1 kilogram,8.19,749,2026,5,May,3,03 May,8.3,-1.3253012048192971,Middle range,1,RM8.19,AYAM BERSIH - STANDARD,1kg,BARANGAN SEGAR,AYAM,Normal daily median
2026-05-04,1,"Chicken, standard",1 kilogram,8.39,1073,2026,5,May,4,04 May,8.3,1.084337349397586,Middle range,1,RM8.39,AYAM BERSIH - STANDARD,1kg,BARANGAN SEGAR,AYAM,Normal daily median
2026-05-05,1,"Chicken, standard",1 kilogram,8.19,817,2026,5,May,5,05 May,8.3,-1.3253012048192971,Middle range,1,RM8.19,AYAM BERSIH - STANDARD,1kg,BARANGAN SEGAR,AYAM,Normal daily median
2026-05-06,1,"Chicken, standard",1 kilogram,8.19,817,2026,5,May,6,06 May,8.3,-1.3253012048192971,Middle range,1,RM8.19,AYAM BERSIH - STANDARD,1kg,BARANGAN SEGAR,AYAM,Normal daily median
2026-05-07,1,"Chicken, standard",1 kilogram,8.1,819,2026,5,May,7,07 May,8.3,-2.409638554216869,Lowest daily median for this item,1,RM8.10,AYAM BERSIH - STANDARD,1kg,BARANGAN SEGAR,AYAM,Lowest daily median
2026-05-08,1,"Chicken, standard",1 kilogram,8.29,819,2026,5,May,8,08 May,8.3,-0.1204819277108555,Middle range,1,RM8.29,AYAM BERSIH - STANDARD,1kg,BARANGAN SEGAR,AYAM,Normal daily median
2026-05-09,1,"Chicken, standard",1 kilogram,8.29,823,2026,5,May,9,09 May,8.3,-0.1204819277108555,Middle range,1,RM8.29,AYAM BERSIH - STANDARD,1kg,BARANGAN SEGAR,AYAM,Normal daily median
2026-05-10,1,"Chicken, standard",1 kilogram,8.3,818,2026,5,May,10,10 May,8.3,0.0,Middle range,1,RM8.30,AYAM BERSIH - STANDARD,1kg,BARANGAN SEGAR,AYAM,Normal daily median
2026-05-11,1,"Chicken, standard",1 kilogram,8.49,1084,2026,5,May,11,11 May,8.3,2.289156626506013,Middle range,1,RM8.49,AYAM BERSIH - STANDARD,1kg,BARANGAN SEGAR,AYAM,Normal daily median
2026-05-12,1,"Chicken, standard",1 kilogram,8.3,823,2026,5,May,12,12 May,8.3,0.0,Middle range,1,RM8.30,AYAM BERSIH - STANDARD,1kg,BARANGAN SEGAR,AYAM,Normal daily median
2026-05-13,1,"Chicken, standard",1 kilogram,8.3,823,2026,5,May,13,13 May,8.3,0.0,Middle range,1,RM8.30,AYAM BERSIH - STANDARD,1kg,BARANGAN SEGAR,AYAM,Normal daily median
2026-05-14,1,"Chicken, standard",1 kilogram,8.39,826,2026,5,May,14,14 May,8.3,1.084337349397586,Middle range,1,RM8.39,AYAM BERSIH - STANDARD,1kg,BARANGAN SEGAR,AYAM,Normal daily median
2026-05-15,1,"Chicken, standard",1 kilogram,8.39,818,2026,5,May,15,15 May,8.3,1.084337349397586,Middle range,1,RM8.39,AYAM BERSIH - STANDARD,1kg,BARANGAN SEGAR,AYAM,Normal daily median
2026-05-16,1,"Chicken, standard",1 kilogram,8.4,823,2026,5,May,16,16 May,8.3,1.2048192771084274,Middle range,1,RM8.40,AYAM BERSIH - STANDARD,1kg,BARANGAN SEGAR,AYAM,Normal daily median
2026-05-17,1,"Chicken, standard",1 kilogram,8.39,801,2026,5,May,17,17 May,8.3,1.084337349397586,Middle range,1,RM8.39,AYAM BERSIH - STANDARD,1kg,BARANGAN SEGAR,AYAM,Normal daily median
2026-05-18,1,"Chicken, standard",1 kilogram,8.5,1063,2026,5,May,18,18 May,8.3,2.409638554216855,Middle range,1,RM8.50,AYAM BERSIH - STANDARD,1kg,BARANGAN SEGAR,AYAM,Normal daily median
2026-05-19,1,"Chicken, standard",1 kilogram,8.5,831,2026,5,May,19,19 May,8.3,2.409638554216855,Middle range,1,RM8.50,AYAM BERSIH - STANDARD,1kg,BARANGAN SEGAR,AYAM,Normal daily median
2026-05-20,1,"Chicken, standard",1 kilogram,8.59,832,2026,5,May,20,20 May,8.3,3.493975903614441,Highest daily median for this item,1,RM8.59,AYAM BERSIH - STANDARD,1kg,BARANGAN SEGAR,AYAM,Highest daily median
2026-05-02,1109,"Eggs, grade A",30 pieces,11.7,620,2026,5,May,2,02 May,11.99,-2.418682235196002,Lowest daily median for this item,2,RM11.70,TELUR AYAM GRED A,30 biji,BARANGAN SEGAR,TELUR,Lowest daily median
2026-05-03,1109,"Eggs, grade A",30 pieces,11.75,594,2026,5,May,3,03 May,11.99,-2.001668056713939,Middle range,2,RM11.75,TELUR AYAM GRED A,30 biji,BARANGAN SEGAR,TELUR,Normal daily median
2026-05-04,1109,"Eggs, grade A",30 pieces,11.99,852,2026,5,May,4,04 May,11.99,0.0,Middle range,2,RM11.99,TELUR AYAM GRED A,30 biji,BARANGAN SEGAR,TELUR,Normal daily median
2026-05-05,1109,"Eggs, grade A",30 pieces,11.9,586,2026,5,May,5,05 May,11.99,-0.7506255212677218,Middle range,2,RM11.90,TELUR AYAM GRED A,30 biji,BARANGAN SEGAR,TELUR,Normal daily median
2026-05-06,1109,"Eggs, grade A",30 pieces,11.99,592,2026,5,May,6,06 May,11.99,0.0,Middle range,2,RM11.99,TELUR AYAM GRED A,30 biji,BARANGAN SEGAR,TELUR,Normal daily median
2026-05-07,1109,"Eggs, grade A",30 pieces,11.99,601,2026,5,May,7,07 May,11.99,0.0,Middle range,2,RM11.99,TELUR AYAM GRED A,30 biji,BARANGAN SEGAR,TELUR,Normal daily median
2026-05-08,1109,"Eggs, grade A",30 pieces,11.99,632,2026,5,May,8,08 May,11.99,0.0,Middle range,2,RM11.99,TELUR AYAM GRED A,30 biji,BARANGAN SEGAR,TELUR,Normal daily median
2026-05-09,1109,"Eggs, grade A",30 pieces,11.99,646,2026,5,May,9,09 May,11.99,0.0,Middle range,2,RM11.99,TELUR AYAM GRED A,30 biji,BARANGAN SEGAR,TELUR,Normal daily median
2026-05-10,1109,"Eggs, grade A",30 pieces,11.99,637,2026,5,May,10,10 May,11.99,0.0,Middle range,2,RM11.99,TELUR AYAM GRED A,30 biji,BARANGAN SEGAR,TELUR,Normal daily median
2026-05-11,1109,"Eggs, grade A",30 pieces,11.99,888,2026,5,May,11,11 May,11.99,0.0,Middle range,2,RM11.99,TELUR AYAM GRED A,30 biji,BARANGAN SEGAR,TELUR,Normal daily median
2026-05-12,1109,"Eggs, grade A",30 pieces,11.99,598,2026,5,May,12,12 May,11.99,0.0,Middle range,2,RM11.99,TELUR AYAM GRED A,30 biji,BARANGAN SEGAR,TELUR,Normal daily median
2026-05-13,1109,"Eggs, grade A",30 pieces,11.99,607,2026,5,May,13,13 May,11.99,0.0,Middle range,2,RM11.99,TELUR AYAM GRED A,30 biji,BARANGAN SEGAR,TELUR,Normal daily median
2026-05-14,1109,"Eggs, grade A",30 pieces,11.99,630,2026,5,May,14,14 May,11.99,0.0,Middle range,2,RM11.99,TELUR AYAM GRED A,30 biji,BARANGAN SEGAR,TELUR,Normal daily median
2026-05-15,1109,"Eggs, grade A",30 pieces,11.99,653,2026,5,May,15,15 May,11.99,0.0,Middle range,2,RM11.99,TELUR AYAM GRED A,30 biji,BARANGAN SEGAR,TELUR,Normal daily median
2026-05-16,1109,"Eggs, grade A",30 pieces,11.99,655,2026,5,May,16,16 May,11.99,0.0,Middle range,2,RM11.99,TELUR AYAM GRED A,30 biji,BARANGAN SEGAR,TELUR,Normal daily median
2026-05-17,1109,"Eggs, grade A",30 pieces,12.0,645,2026,5,May,17,17 May,11.99,0.083402835696404,Middle range,2,RM12.00,TELUR AYAM GRED A,30 biji,BARANGAN SEGAR,TELUR,Normal daily median
2026-05-18,1109,"Eggs, grade A",30 pieces,12.3,902,2026,5,May,18,18 May,11.99,2.5854879065888383,Highest daily median for this item,2,RM12.30,TELUR AYAM GRED A,30 biji,BARANGAN SEGAR,TELUR,Highest daily median
2026-05-19,1109,"Eggs, grade A",30 pieces,12.1,606,2026,5,May,19,19 May,11.99,0.917431192660544,Middle range,2,RM12.10,TELUR AYAM GRED A,30 biji,BARANGAN SEGAR,TELUR,Normal daily median
2026-05-20,1109,"Eggs, grade A",30 pieces,12.2,622,2026,5,May,20,20 May,11.99,1.751459549624684,Middle range,2,RM12.20,TELUR AYAM GRED A,30 biji,BARANGAN SEGAR,TELUR,Normal daily median
2026-05-02,904,"Rice, imported five percent broken",10 kilograms,33.2,1,2026,5,May,2,02 May,35.345,-6.06875088414202,Lowest daily median for this item,3,RM33.20,BERAS SUPER CAP RAMBUTAN 5% (IMPORT),10 kg,BARANGAN BERBUNGKUS,BERAS,Lowest daily median
2026-05-03,904,"Rice, imported five percent broken",10 kilograms,33.2,1,2026,5,May,3,03 May,35.345,-6.06875088414202,Lowest daily median for this item,3,RM33.20,BERAS SUPER CAP RAMBUTAN 5% (IMPORT),10 kg,BARANGAN BERBUNGKUS,BERAS,Lowest daily median
2026-05-04,904,"Rice, imported five percent broken",10 kilograms,35.99,403,2026,5,May,4,04 May,35.345,1.8248691469797933,Middle range,3,RM35.99,BERAS SUPER CAP RAMBUTAN 5% (IMPORT),10 kg,BARANGAN BERBUNGKUS,BERAS,Normal daily median
2026-05-06,904,"Rice, imported five percent broken",10 kilograms,35.49,1,2026,5,May,6,06 May,35.345,0.4102419012590275,Middle range,3,RM35.49,BERAS SUPER CAP RAMBUTAN 5% (IMPORT),10 kg,BARANGAN BERBUNGKUS,BERAS,Normal daily median
2026-05-11,904,"Rice, imported five percent broken",10 kilograms,36.59,409,2026,5,May,11,11 May,35.345,3.5224218418446758,Middle range,3,RM36.59,BERAS SUPER CAP RAMBUTAN 5% (IMPORT),10 kg,BARANGAN BERBUNGKUS,BERAS,Normal daily median
2026-05-12,904,"Rice, imported five percent broken",10 kilograms,37.59,1,2026,5,May,12,12 May,35.345,6.351676333286193,Highest daily median for this item,3,RM37.59,BERAS SUPER CAP RAMBUTAN 5% (IMPORT),10 kg,BARANGAN BERBUNGKUS,BERAS,Highest daily median
2026-05-14,904,"Rice, imported five percent broken",10 kilograms,35.2,12,2026,5,May,14,14 May,35.345,-0.4102419012590133,Middle range,3,RM35.20,BERAS SUPER CAP RAMBUTAN 5% (IMPORT),10 kg,BARANGAN BERBUNGKUS,BERAS,Normal daily median
2026-05-16,904,"Rice, imported five percent broken",10 kilograms,34.2,1,2026,5,May,16,16 May,35.345,-3.2394963927005165,Middle range,3,RM34.20,BERAS SUPER CAP RAMBUTAN 5% (IMPORT),10 kg,BARANGAN BERBUNGKUS,BERAS,Normal daily median
2026-05-17,904,"Rice, imported five percent broken",10 kilograms,34.2,1,2026,5,May,17,17 May,35.345,-3.2394963927005165,Middle range,3,RM34.20,BERAS SUPER CAP RAMBUTAN 5% (IMPORT),10 kg,BARANGAN BERBUNGKUS,BERAS,Normal daily median
2026-05-18,904,"Rice, imported five percent broken",10 kilograms,36.7,388,2026,5,May,18,18 May,35.345,3.833639835903256,Middle range,3,RM36.70,BERAS SUPER CAP RAMBUTAN 5% (IMPORT),10 kg,BARANGAN BERBUNGKUS,BERAS,Normal daily median
2026-05-03,918,"Cooking oil, packet assorted brands",1 kilogram,2.5,4,2026,5,May,3,03 May,2.5,0.0,Highest daily median for this item,4,RM2.50,MINYAK MASAK PAKET (PELBAGAI JENAMA),1kg,BARANGAN BERBUNGKUS,MINYAK DAN LEMAK,Highest daily median
2026-05-04,918,"Cooking oil, packet assorted brands",1 kilogram,2.5,764,2026,5,May,4,04 May,2.5,0.0,Highest daily median for this item,4,RM2.50,MINYAK MASAK PAKET (PELBAGAI JENAMA),1kg,BARANGAN BERBUNGKUS,MINYAK DAN LEMAK,Highest daily median
2026-05-10,918,"Cooking oil, packet assorted brands",1 kilogram,2.5,3,2026,5,May,10,10 May,2.5,0.0,Highest daily median for this item,4,RM2.50,MINYAK MASAK PAKET (PELBAGAI JENAMA),1kg,BARANGAN BERBUNGKUS,MINYAK DAN LEMAK,Highest daily median
2026-05-11,918,"Cooking oil, packet assorted brands",1 kilogram,2.5,772,2026,5,May,11,11 May,2.5,0.0,Highest daily median for this item,4,RM2.50,MINYAK MASAK PAKET (PELBAGAI JENAMA),1kg,BARANGAN BERBUNGKUS,MINYAK DAN LEMAK,Highest daily median
2026-05-14,918,"Cooking oil, packet assorted brands",1 kilogram,2.5,22,2026,5,May,14,14 May,2.5,0.0,Highest daily median for this item,4,RM2.50,MINYAK MASAK PAKET (PELBAGAI JENAMA),1kg,BARANGAN BERBUNGKUS,MINYAK DAN LEMAK,Highest daily median
2026-05-17,918,"Cooking oil, packet assorted brands",1 kilogram,2.5,3,2026,5,May,17,17 May,2.5,0.0,Highest daily median for this item,4,RM2.50,MINYAK MASAK PAKET (PELBAGAI JENAMA),1kg,BARANGAN BERBUNGKUS,MINYAK DAN LEMAK,Highest daily median
2026-05-18,918,"Cooking oil, packet assorted brands",1 kilogram,2.5,772,2026,5,May,18,18 May,2.5,0.0,Highest daily median for this item,4,RM2.50,MINYAK MASAK PAKET (PELBAGAI JENAMA),1kg,BARANGAN BERBUNGKUS,MINYAK DAN LEMAK,Highest daily median
2026-05-02,1476,"Fish, kembung",1 kilogram,16.0,364,2026,5,May,2,02 May,16.9,-5.325443786982248,Lowest daily median for this item,5,RM16.00,IKAN KEMBUNG (ANTARA 8 HINGGA 12 EKOR SEKILOGRAM),1kg,BARANGAN SEGAR,BAHAN LAUT,Lowest daily median
2026-05-03,1476,"Fish, kembung",1 kilogram,16.0,340,2026,5,May,3,03 May,16.9,-5.325443786982248,Lowest daily median for this item,5,RM16.00,IKAN KEMBUNG (ANTARA 8 HINGGA 12 EKOR SEKILOGRAM),1kg,BARANGAN SEGAR,BAHAN LAUT,Lowest daily median
2026-05-04,1476,"Fish, kembung",1 kilogram,16.0,477,2026,5,May,4,04 May,16.9,-5.325443786982248,Lowest daily median for this item,5,RM16.00,IKAN KEMBUNG (ANTARA 8 HINGGA 12 EKOR SEKILOGRAM),1kg,BARANGAN SEGAR,BAHAN LAUT,Lowest daily median
2026-05-05,1476,"Fish, kembung",1 kilogram,16.9,339,2026,5,May,5,05 May,16.9,0.0,Middle range,5,RM16.90,IKAN KEMBUNG (ANTARA 8 HINGGA 12 EKOR SEKILOGRAM),1kg,BARANGAN SEGAR,BAHAN LAUT,Normal daily median
2026-05-06,1476,"Fish, kembung",1 kilogram,16.9,334,2026,5,May,6,06 May,16.9,0.0,Middle range,5,RM16.90,IKAN KEMBUNG (ANTARA 8 HINGGA 12 EKOR SEKILOGRAM),1kg,BARANGAN SEGAR,BAHAN LAUT,Normal daily median
2026-05-07,1476,"Fish, kembung",1 kilogram,16.9,345,2026,5,May,7,07 May,16.9,0.0,Middle range,5,RM16.90,IKAN KEMBUNG (ANTARA 8 HINGGA 12 EKOR SEKILOGRAM),1kg,BARANGAN SEGAR,BAHAN LAUT,Normal daily median
2026-05-08,1476,"Fish, kembung",1 kilogram,16.99,359,2026,5,May,8,08 May,16.9,0.5325443786982333,Highest daily median for this item,5,RM16.99,IKAN KEMBUNG (ANTARA 8 HINGGA 12 EKOR SEKILOGRAM),1kg,BARANGAN SEGAR,BAHAN LAUT,Highest daily median
2026-05-09,1476,"Fish, kembung",1 kilogram,16.99,350,2026,5,May,9,09 May,16.9,0.5325443786982333,Highest daily median for this item,5,RM16.99,IKAN KEMBUNG (ANTARA 8 HINGGA 12 EKOR SEKILOGRAM),1kg,BARANGAN SEGAR,BAHAN LAUT,Highest daily median
2026-05-10,1476,"Fish, kembung",1 kilogram,16.9,387,2026,5,May,10,10 May,16.9,0.0,Middle range,5,RM16.90,IKAN KEMBUNG (ANTARA 8 HINGGA 12 EKOR SEKILOGRAM),1kg,BARANGAN SEGAR,BAHAN LAUT,Normal daily median
2026-05-11,1476,"Fish, kembung",1 kilogram,16.9,500,2026,5,May,11,11 May,16.9,0.0,Middle range,5,RM16.90,IKAN KEMBUNG (ANTARA 8 HINGGA 12 EKOR SEKILOGRAM),1kg,BARANGAN SEGAR,BAHAN LAUT,Normal daily median
2026-05-12,1476,"Fish, kembung",1 kilogram,16.0,394,2026,5,May,12,12 May,16.9,-5.325443786982248,Lowest daily median for this item,5,RM16.00,IKAN KEMBUNG (ANTARA 8 HINGGA 12 EKOR SEKILOGRAM),1kg,BARANGAN SEGAR,BAHAN LAUT,Lowest daily median
2026-05-13,1476,"Fish, kembung",1 kilogram,16.939999999999998,400,2026,5,May,13,13 May,16.9,0.2366863905325402,Middle range,5,RM16.94,IKAN KEMBUNG (ANTARA 8 HINGGA 12 EKOR SEKILOGRAM),1kg,BARANGAN SEGAR,BAHAN LAUT,Normal daily median
2026-05-14,1476,"Fish, kembung",1 kilogram,16.9,380,2026,5,May,14,14 May,16.9,0.0,Middle range,5,RM16.90,IKAN KEMBUNG (ANTARA 8 HINGGA 12 EKOR SEKILOGRAM),1kg,BARANGAN SEGAR,BAHAN LAUT,Normal daily median
2026-05-15,1476,"Fish, kembung",1 kilogram,16.9,399,2026,5,May,15,15 May,16.9,0.0,Middle range,5,RM16.90,IKAN KEMBUNG (ANTARA 8 HINGGA 12 EKOR SEKILOGRAM),1kg,BARANGAN SEGAR,BAHAN LAUT,Normal daily median
2026-05-16,1476,"Fish, kembung",1 kilogram,16.8,399,2026,5,May,16,16 May,16.9,-0.5917159763313578,Middle range,5,RM16.80,IKAN KEMBUNG (ANTARA 8 HINGGA 12 EKOR SEKILOGRAM),1kg,BARANGAN SEGAR,BAHAN LAUT,Normal daily median
2026-05-17,1476,"Fish, kembung",1 kilogram,16.5,370,2026,5,May,17,17 May,16.9,-2.366863905325431,Middle range,5,RM16.50,IKAN KEMBUNG (ANTARA 8 HINGGA 12 EKOR SEKILOGRAM),1kg,BARANGAN SEGAR,BAHAN LAUT,Normal daily median
2026-05-18,1476,"Fish, kembung",1 kilogram,16.0,507,2026,5,May,18,18 May,16.9,-5.325443786982248,Lowest daily median for this item,5,RM16.00,IKAN KEMBUNG (ANTARA 8 HINGGA 12 EKOR SEKILOGRAM),1kg,BARANGAN SEGAR,BAHAN LAUT,Lowest daily median
2026-05-19,1476,"Fish, kembung",1 kilogram,16.99,383,2026,5,May,19,19 May,16.9,0.5325443786982333,Highest daily median for this item,5,RM16.99,IKAN KEMBUNG (ANTARA 8 HINGGA 12 EKOR SEKILOGRAM),1kg,BARANGAN SEGAR,BAHAN LAUT,Highest daily median
2026-05-20,1476,"Fish, kembung",1 kilogram,16.9,390,2026,5,May,20,20 May,16.9,0.0,Middle range,5,RM16.90,IKAN KEMBUNG (ANTARA 8 HINGGA 12 EKOR SEKILOGRAM),1kg,BARANGAN SEGAR,BAHAN LAUT,Normal daily median
2026-05-02,114,Tomato,1 kilogram,3.0,1048,2026,5,May,2,02 May,3.99,-24.812030075187977,Middle range,6,RM3.00,TOMATO,1kg,BARANGAN SEGAR,SAYUR-SAYURAN,Normal daily median
2026-05-03,114,Tomato,1 kilogram,3.0,985,2026,5,May,3,03 May,3.99,-24.812030075187977,Middle range,6,RM3.00,TOMATO,1kg,BARANGAN SEGAR,SAYUR-SAYURAN,Normal daily median
2026-05-04,114,Tomato,1 kilogram,3.9,1482,2026,5,May,4,04 May,3.99,-2.255639097744364,Middle range,6,RM3.90,TOMATO,1kg,BARANGAN SEGAR,SAYUR-SAYURAN,Normal daily median
2026-05-05,114,Tomato,1 kilogram,3.0,1053,2026,5,May,5,05 May,3.99,-24.812030075187977,Middle range,6,RM3.00,TOMATO,1kg,BARANGAN SEGAR,SAYUR-SAYURAN,Normal daily median
2026-05-06,114,Tomato,1 kilogram,3.0,1054,2026,5,May,6,06 May,3.99,-24.812030075187977,Middle range,6,RM3.00,TOMATO,1kg,BARANGAN SEGAR,SAYUR-SAYURAN,Normal daily median
2026-05-07,114,Tomato,1 kilogram,3.0,1061,2026,5,May,7,07 May,3.99,-24.812030075187977,Middle range,6,RM3.00,TOMATO,1kg,BARANGAN SEGAR,SAYUR-SAYURAN,Normal daily median
2026-05-08,114,Tomato,1 kilogram,2.99,1047,2026,5,May,8,08 May,3.99,-25.062656641604008,Lowest daily median for this item,6,RM2.99,TOMATO,1kg,BARANGAN SEGAR,SAYUR-SAYURAN,Lowest daily median
2026-05-09,114,Tomato,1 kilogram,3.0,1051,2026,5,May,9,09 May,3.99,-24.812030075187977,Middle range,6,RM3.00,TOMATO,1kg,BARANGAN SEGAR,SAYUR-SAYURAN,Normal daily median
2026-05-10,114,Tomato,1 kilogram,3.49,1055,2026,5,May,10,10 May,3.99,-12.531328320802004,Middle range,6,RM3.49,TOMATO,1kg,BARANGAN SEGAR,SAYUR-SAYURAN,Normal daily median
2026-05-11,114,Tomato,1 kilogram,3.99,1477,2026,5,May,11,11 May,3.99,0.0,Middle range,6,RM3.99,TOMATO,1kg,BARANGAN SEGAR,SAYUR-SAYURAN,Normal daily median
2026-05-12,114,Tomato,1 kilogram,3.99,1050,2026,5,May,12,12 May,3.99,0.0,Middle range,6,RM3.99,TOMATO,1kg,BARANGAN SEGAR,SAYUR-SAYURAN,Normal daily median
2026-05-13,114,Tomato,1 kilogram,4.0,1048,2026,5,May,13,13 May,3.99,0.250626566416031,Middle range,6,RM4.00,TOMATO,1kg,BARANGAN SEGAR,SAYUR-SAYURAN,Normal daily median
2026-05-14,114,Tomato,1 kilogram,4.9,1056,2026,5,May,14,14 May,3.99,22.807017543859654,Middle range,6,RM4.90,TOMATO,1kg,BARANGAN SEGAR,SAYUR-SAYURAN,Normal daily median
2026-05-15,114,Tomato,1 kilogram,5.0,1046,2026,5,May,15,15 May,3.99,25.31328320802004,Middle range,6,RM5.00,TOMATO,1kg,BARANGAN SEGAR,SAYUR-SAYURAN,Normal daily median
2026-05-16,114,Tomato,1 kilogram,5.88,1044,2026,5,May,16,16 May,3.99,47.36842105263156,Middle range,6,RM5.88,TOMATO,1kg,BARANGAN SEGAR,SAYUR-SAYURAN,Normal daily median
2026-05-17,114,Tomato,1 kilogram,5.99,1019,2026,5,May,17,17 May,3.99,50.125313283208015,Middle range,6,RM5.99,TOMATO,1kg,BARANGAN SEGAR,SAYUR-SAYURAN,Normal daily median
2026-05-18,114,Tomato,1 kilogram,6.0,1463,2026,5,May,18,18 May,3.99,50.37593984962405,Highest daily median for this item,6,RM6.00,TOMATO,1kg,BARANGAN SEGAR,SAYUR-SAYURAN,Highest daily median
2026-05-19,114,Tomato,1 kilogram,6.0,1040,2026,5,May,19,19 May,3.99,50.37593984962405,Highest daily median for this item,6,RM6.00,TOMATO,1kg,BARANGAN SEGAR,SAYUR-SAYURAN,Highest daily median
2026-05-20,114,Tomato,1 kilogram,5.99,1056,2026,5,May,20,20 May,3.99,50.125313283208015,Middle range,6,RM5.99,TOMATO,1kg,BARANGAN SEGAR,SAYUR-SAYURAN,Normal daily median
2026-05-02,129,"Onion, yellow",1 kilogram,3.5,1072,2026,5,May,2,02 May,3.5,0.0,Lowest daily median for this item,7,RM3.50,BAWANG BESAR KUNING/HOLLAND,1kg,BARANGAN KERING,BAWANG,Lowest daily median
2026-05-03,129,"Onion, yellow",1 kilogram,3.5,1013,2026,5,May,3,03 May,3.5,0.0,Lowest daily median for this item,7,RM3.50,BAWANG BESAR KUNING/HOLLAND,1kg,BARANGAN KERING,BAWANG,Lowest daily median
2026-05-04,129,"Onion, yellow",1 kilogram,3.9,1761,2026,5,May,4,04 May,3.5,11.42857142857143,Highest daily median for this item,7,RM3.90,BAWANG BESAR KUNING/HOLLAND,1kg,BARANGAN KERING,BAWANG,Highest daily median
2026-05-05,129,"Onion, yellow",1 kilogram,3.5,1075,2026,5,May,5,05 May,3.5,0.0,Lowest daily median for this item,7,RM3.50,BAWANG BESAR KUNING/HOLLAND,1kg,BARANGAN KERING,BAWANG,Lowest daily median
2026-05-06,129,"Onion, yellow",1 kilogram,3.5,1078,2026,5,May,6,06 May,3.5,0.0,Lowest daily median for this item,7,RM3.50,BAWANG BESAR KUNING/HOLLAND,1kg,BARANGAN KERING,BAWANG,Lowest daily median
2026-05-07,129,"Onion, yellow",1 kilogram,3.5,1082,2026,5,May,7,07 May,3.5,0.0,Lowest daily median for this item,7,RM3.50,BAWANG BESAR KUNING/HOLLAND,1kg,BARANGAN KERING,BAWANG,Lowest daily median
2026-05-08,129,"Onion, yellow",1 kilogram,3.5,1089,2026,5,May,8,08 May,3.5,0.0,Lowest daily median for this item,7,RM3.50,BAWANG BESAR KUNING/HOLLAND,1kg,BARANGAN KERING,BAWANG,Lowest daily median
2026-05-09,129,"Onion, yellow",1 kilogram,3.5,1075,2026,5,May,9,09 May,3.5,0.0,Lowest daily median for this item,7,RM3.50,BAWANG BESAR KUNING/HOLLAND,1kg,BARANGAN KERING,BAWANG,Lowest daily median
2026-05-10,129,"Onion, yellow",1 kilogram,3.5,1079,2026,5,May,10,10 May,3.5,0.0,Lowest daily median for this item,7,RM3.50,BAWANG BESAR KUNING/HOLLAND,1kg,BARANGAN KERING,BAWANG,Lowest daily median
2026-05-11,129,"Onion, yellow",1 kilogram,3.9,1771,2026,5,May,11,11 May,3.5,11.42857142857143,Highest daily median for this item,7,RM3.90,BAWANG BESAR KUNING/HOLLAND,1kg,BARANGAN KERING,BAWANG,Highest daily median
2026-05-12,129,"Onion, yellow",1 kilogram,3.5,1081,2026,5,May,12,12 May,3.5,0.0,Lowest daily median for this item,7,RM3.50,BAWANG BESAR KUNING/HOLLAND,1kg,BARANGAN KERING,BAWANG,Lowest daily median
2026-05-13,129,"Onion, yellow",1 kilogram,3.5,1079,2026,5,May,13,13 May,3.5,0.0,Lowest daily median for this item,7,RM3.50,BAWANG BESAR KUNING/HOLLAND,1kg,BARANGAN KERING,BAWANG,Lowest daily median
2026-05-14,129,"Onion, yellow",1 kilogram,3.5,1096,2026,5,May,14,14 May,3.5,0.0,Lowest daily median for this item,7,RM3.50,BAWANG BESAR KUNING/HOLLAND,1kg,BARANGAN KERING,BAWANG,Lowest daily median
2026-05-15,129,"Onion, yellow",1 kilogram,3.5,1084,2026,5,May,15,15 May,3.5,0.0,Lowest daily median for this item,7,RM3.50,BAWANG BESAR KUNING/HOLLAND,1kg,BARANGAN KERING,BAWANG,Lowest daily median
2026-05-16,129,"Onion, yellow",1 kilogram,3.5,1082,2026,5,May,16,16 May,3.5,0.0,Lowest daily median for this item,7,RM3.50,BAWANG BESAR KUNING/HOLLAND,1kg,BARANGAN KERING,BAWANG,Lowest daily median
2026-05-17,129,"Onion, yellow",1 kilogram,3.5,1063,2026,5,May,17,17 May,3.5,0.0,Lowest daily median for this item,7,RM3.50,BAWANG BESAR KUNING/HOLLAND,1kg,BARANGAN KERING,BAWANG,Lowest daily median
2026-05-18,129,"Onion, yellow",1 kilogram,3.9,1748,2026,5,May,18,18 May,3.5,11.42857142857143,Highest daily median for this item,7,RM3.90,BAWANG BESAR KUNING/HOLLAND,1kg,BARANGAN KERING,BAWANG,Highest daily median
2026-05-19,129,"Onion, yellow",1 kilogram,3.5,1080,2026,5,May,19,19 May,3.5,0.0,Lowest daily median for this item,7,RM3.50,BAWANG BESAR KUNING/HOLLAND,1kg,BARANGAN KERING,BAWANG,Lowest daily median
2026-05-20,129,"Onion, yellow",1 kilogram,3.5,1084,2026,5,May,20,20 May,3.5,0.0,Lowest daily median for this item,7,RM3.50,BAWANG BESAR KUNING/HOLLAND,1kg,BARANGAN KERING,BAWANG,Lowest daily median
2026-05-02,93,"Red chili, Kulai",1 kilogram,12.0,389,2026,5,May,2,02 May,12.99,-7.6212471131639745,Lowest daily median for this item,8,RM12.00,CILI MERAH - KULAI,1kg,BARANGAN SEGAR,SAYUR-SAYURAN,Lowest daily median
2026-05-03,93,"Red chili, Kulai",1 kilogram,12.0,367,2026,5,May,3,03 May,12.99,-7.6212471131639745,Lowest daily median for this item,8,RM12.00,CILI MERAH - KULAI,1kg,BARANGAN SEGAR,SAYUR-SAYURAN,Lowest daily median
2026-05-04,93,"Red chili, Kulai",1 kilogram,13.0,552,2026,5,May,4,04 May,12.99,0.0769822940723656,Highest daily median for this item,8,RM13.00,CILI MERAH - KULAI,1kg,BARANGAN SEGAR,SAYUR-SAYURAN,Highest daily median
2026-05-05,93,"Red chili, Kulai",1 kilogram,12.0,392,2026,5,May,5,05 May,12.99,-7.6212471131639745,Lowest daily median for this item,8,RM12.00,CILI MERAH - KULAI,1kg,BARANGAN SEGAR,SAYUR-SAYURAN,Lowest daily median
2026-05-06,93,"Red chili, Kulai",1 kilogram,12.0,405,2026,5,May,6,06 May,12.99,-7.6212471131639745,Lowest daily median for this item,8,RM12.00,CILI MERAH - KULAI,1kg,BARANGAN SEGAR,SAYUR-SAYURAN,Lowest daily median
2026-05-07,93,"Red chili, Kulai",1 kilogram,12.9,412,2026,5,May,7,07 May,12.99,-0.6928406466512769,Middle range,8,RM12.90,CILI MERAH - KULAI,1kg,BARANGAN SEGAR,SAYUR-SAYURAN,Normal daily median
2026-05-08,93,"Red chili, Kulai",1 kilogram,12.99,411,2026,5,May,8,08 May,12.99,0.0,Middle range,8,RM12.99,CILI MERAH - KULAI,1kg,BARANGAN SEGAR,SAYUR-SAYURAN,Normal daily median
2026-05-09,93,"Red chili, Kulai",1 kilogram,12.945,418,2026,5,May,9,09 May,12.99,-0.3464203233256313,Middle range,8,RM12.95,CILI MERAH - KULAI,1kg,BARANGAN SEGAR,SAYUR-SAYURAN,Normal daily median
2026-05-10,93,"Red chili, Kulai",1 kilogram,12.99,407,2026,5,May,10,10 May,12.99,0.0,Middle range,8,RM12.99,CILI MERAH - KULAI,1kg,BARANGAN SEGAR,SAYUR-SAYURAN,Normal daily median
2026-05-11,93,"Red chili, Kulai",1 kilogram,13.0,556,2026,5,May,11,11 May,12.99,0.0769822940723656,Highest daily median for this item,8,RM13.00,CILI MERAH - KULAI,1kg,BARANGAN SEGAR,SAYUR-SAYURAN,Highest daily median
2026-05-12,93,"Red chili, Kulai",1 kilogram,12.9,401,2026,5,May,12,12 May,12.99,-0.6928406466512769,Middle range,8,RM12.90,CILI MERAH - KULAI,1kg,BARANGAN SEGAR,SAYUR-SAYURAN,Normal daily median
2026-05-13,93,"Red chili, Kulai",1 kilogram,12.99,398,2026,5,May,13,13 May,12.99,0.0,Middle range,8,RM12.99,CILI MERAH - KULAI,1kg,BARANGAN SEGAR,SAYUR-SAYURAN,Normal daily median
2026-05-14,93,"Red chili, Kulai",1 kilogram,13.0,417,2026,5,May,14,14 May,12.99,0.0769822940723656,Highest daily median for this item,8,RM13.00,CILI MERAH - KULAI,1kg,BARANGAN SEGAR,SAYUR-SAYURAN,Highest daily median
2026-05-15,93,"Red chili, Kulai",1 kilogram,12.99,409,2026,5,May,15,15 May,12.99,0.0,Middle range,8,RM12.99,CILI MERAH - KULAI,1kg,BARANGAN SEGAR,SAYUR-SAYURAN,Normal daily median
2026-05-16,93,"Red chili, Kulai",1 kilogram,13.0,412,2026,5,May,16,16 May,12.99,0.0769822940723656,Highest daily median for this item,8,RM13.00,CILI MERAH - KULAI,1kg,BARANGAN SEGAR,SAYUR-SAYURAN,Highest daily median
2026-05-17,93,"Red chili, Kulai",1 kilogram,12.9,411,2026,5,May,17,17 May,12.99,-0.6928406466512769,Middle range,8,RM12.90,CILI MERAH - KULAI,1kg,BARANGAN SEGAR,SAYUR-SAYURAN,Normal daily median
2026-05-18,93,"Red chili, Kulai",1 kilogram,13.0,564,2026,5,May,18,18 May,12.99,0.0769822940723656,Highest daily median for this item,8,RM13.00,CILI MERAH - KULAI,1kg,BARANGAN SEGAR,SAYUR-SAYURAN,Highest daily median
2026-05-19,93,"Red chili, Kulai",1 kilogram,13.0,407,2026,5,May,19,19 May,12.99,0.0769822940723656,Highest daily median for this item,8,RM13.00,CILI MERAH - KULAI,1kg,BARANGAN SEGAR,SAYUR-SAYURAN,Highest daily median
2026-05-20,93,"Red chili, Kulai",1 kilogram,12.99,418,2026,5,May,20,20 May,12.99,0.0,Middle range,8,RM12.99,CILI MERAH - KULAI,1kg,BARANGAN SEGAR,SAYUR-SAYURAN,Normal daily median
2026-05-03,1589,"Sugar, coarse white",1 kilogram,2.85,11,2026,5,May,3,03 May,2.85,0.0,Highest daily median for this item,9,RM2.85,GULA PUTIH BERTAPIS KASAR (PELBAGAI JENAMA),1kg,BARANGAN BERBUNGKUS,GULA,Highest daily median
2026-05-04,1589,"Sugar, coarse white",1 kilogram,2.85,1807,2026,5,May,4,04 May,2.85,0.0,Highest daily median for this item,9,RM2.85,GULA PUTIH BERTAPIS KASAR (PELBAGAI JENAMA),1kg,BARANGAN BERBUNGKUS,GULA,Highest daily median
2026-05-10,1589,"Sugar, coarse white",1 kilogram,2.85,12,2026,5,May,10,10 May,2.85,0.0,Highest daily median for this item,9,RM2.85,GULA PUTIH BERTAPIS KASAR (PELBAGAI JENAMA),1kg,BARANGAN BERBUNGKUS,GULA,Highest daily median
2026-05-11,1589,"Sugar, coarse white",1 kilogram,2.85,1824,2026,5,May,11,11 May,2.85,0.0,Highest daily median for this item,9,RM2.85,GULA PUTIH BERTAPIS KASAR (PELBAGAI JENAMA),1kg,BARANGAN BERBUNGKUS,GULA,Highest daily median
2026-05-12,1589,"Sugar, coarse white",1 kilogram,2.85,1,2026,5,May,12,12 May,2.85,0.0,Highest daily median for this item,9,RM2.85,GULA PUTIH BERTAPIS KASAR (PELBAGAI JENAMA),1kg,BARANGAN BERBUNGKUS,GULA,Highest daily median
2026-05-14,1589,"Sugar, coarse white",1 kilogram,2.85,31,2026,5,May,14,14 May,2.85,0.0,Highest daily median for this item,9,RM2.85,GULA PUTIH BERTAPIS KASAR (PELBAGAI JENAMA),1kg,BARANGAN BERBUNGKUS,GULA,Highest daily median
2026-05-17,1589,"Sugar, coarse white",1 kilogram,2.85,12,2026,5,May,17,17 May,2.85,0.0,Highest daily median for this item,9,RM2.85,GULA PUTIH BERTAPIS KASAR (PELBAGAI JENAMA),1kg,BARANGAN BERBUNGKUS,GULA,Highest daily median
2026-05-18,1589,"Sugar, coarse white",1 kilogram,2.85,1789,2026,5,May,18,18 May,2.85,0.0,Highest daily median for this item,9,RM2.85,GULA PUTIH BERTAPIS KASAR (PELBAGAI JENAMA),1kg,BARANGAN BERBUNGKUS,GULA,Highest daily median
2026-05-03,917,"Wheat flour, packaged",1 kilogram,3.5,12,2026,5,May,3,03 May,3.35,4.477611940298502,Middle range,10,RM3.50,"TEPUNG GANDUM NGP (BERBUNGKUS, CAP SAUH)",1kg,BARANGAN BERBUNGKUS,TEPUNG,Normal daily median
2026-05-04,917,"Wheat flour, packaged",1 kilogram,3.2,1479,2026,5,May,4,04 May,3.35,-4.477611940298516,Lowest daily median for this item,10,RM3.20,"TEPUNG GANDUM NGP (BERBUNGKUS, CAP SAUH)",1kg,BARANGAN BERBUNGKUS,TEPUNG,Lowest daily median
2026-05-10,917,"Wheat flour, packaged",1 kilogram,3.5,12,2026,5,May,10,10 May,3.35,4.477611940298502,Middle range,10,RM3.50,"TEPUNG GANDUM NGP (BERBUNGKUS, CAP SAUH)",1kg,BARANGAN BERBUNGKUS,TEPUNG,Normal daily median
2026-05-11,917,"Wheat flour, packaged",1 kilogram,3.2,1498,2026,5,May,11,11 May,3.35,-4.477611940298516,Lowest daily median for this item,10,RM3.20,"TEPUNG GANDUM NGP (BERBUNGKUS, CAP SAUH)",1kg,BARANGAN BERBUNGKUS,TEPUNG,Lowest daily median
2026-05-12,917,"Wheat flour, packaged",1 kilogram,3.9,1,2026,5,May,12,12 May,3.35,16.4179104477612,Highest daily median for this item,10,RM3.90,"TEPUNG GANDUM NGP (BERBUNGKUS, CAP SAUH)",1kg,BARANGAN BERBUNGKUS,TEPUNG,Highest daily median
2026-05-14,917,"Wheat flour, packaged",1 kilogram,3.2,24,2026,5,May,14,14 May,3.35,-4.477611940298516,Lowest daily median for this item,10,RM3.20,"TEPUNG GANDUM NGP (BERBUNGKUS, CAP SAUH)",1kg,BARANGAN BERBUNGKUS,TEPUNG,Lowest daily median
2026-05-17,917,"Wheat flour, packaged",1 kilogram,3.5,12,2026,5,May,17,17 May,3.35,4.477611940298502,Middle range,10,RM3.50,"TEPUNG GANDUM NGP (BERBUNGKUS, CAP SAUH)",1kg,BARANGAN BERBUNGKUS,TEPUNG,Normal daily median
2026-05-18,917,"Wheat flour, packaged",1 kilogram,3.2,1500,2026,5,May,18,18 May,3.35,-4.477611940298516,Lowest daily median for this item,10,RM3.20,"TEPUNG GANDUM NGP (BERBUNGKUS, CAP SAUH)",1kg,BARANGAN BERBUNGKUS,TEPUNG,Lowest daily median
2026-05-02,1559,Water spinach,1 kilogram,5.99,766,2026,5,May,2,02 May,5.99,0.0,Middle range,11,RM5.99,KANGKUNG,1kg,BARANGAN SEGAR,SAYUR-SAYURAN,Normal daily median
2026-05-03,1559,Water spinach,1 kilogram,6.0,695,2026,5,May,3,03 May,5.99,0.166944908180298,Highest daily median for this item,11,RM6.00,KANGKUNG,1kg,BARANGAN SEGAR,SAYUR-SAYURAN,Highest daily median
2026-05-04,1559,Water spinach,1 kilogram,6.0,952,2026,5,May,4,04 May,5.99,0.166944908180298,Highest daily median for this item,11,RM6.00,KANGKUNG,1kg,BARANGAN SEGAR,SAYUR-SAYURAN,Highest daily median
2026-05-05,1559,Water spinach,1 kilogram,5.99,750,2026,5,May,5,05 May,5.99,0.0,Middle range,11,RM5.99,KANGKUNG,1kg,BARANGAN SEGAR,SAYUR-SAYURAN,Normal daily median
2026-05-06,1559,Water spinach,1 kilogram,5.99,772,2026,5,May,6,06 May,5.99,0.0,Middle range,11,RM5.99,KANGKUNG,1kg,BARANGAN SEGAR,SAYUR-SAYURAN,Normal daily median
2026-05-07,1559,Water spinach,1 kilogram,5.99,779,2026,5,May,7,07 May,5.99,0.0,Middle range,11,RM5.99,KANGKUNG,1kg,BARANGAN SEGAR,SAYUR-SAYURAN,Normal daily median
2026-05-08,1559,Water spinach,1 kilogram,5.99,795,2026,5,May,8,08 May,5.99,0.0,Middle range,11,RM5.99,KANGKUNG,1kg,BARANGAN SEGAR,SAYUR-SAYURAN,Normal daily median
2026-05-09,1559,Water spinach,1 kilogram,5.9,789,2026,5,May,9,09 May,5.99,-1.5025041736226967,Middle range,11,RM5.90,KANGKUNG,1kg,BARANGAN SEGAR,SAYUR-SAYURAN,Normal daily median
2026-05-10,1559,Water spinach,1 kilogram,5.8,783,2026,5,May,10,10 May,5.99,-3.17195325542572,Middle range,11,RM5.80,KANGKUNG,1kg,BARANGAN SEGAR,SAYUR-SAYURAN,Normal daily median
2026-05-11,1559,Water spinach,1 kilogram,5.99,999,2026,5,May,11,11 May,5.99,0.0,Middle range,11,RM5.99,KANGKUNG,1kg,BARANGAN SEGAR,SAYUR-SAYURAN,Normal daily median
2026-05-12,1559,Water spinach,1 kilogram,5.59,753,2026,5,May,12,12 May,5.99,-6.677796327212022,Middle range,11,RM5.59,KANGKUNG,1kg,BARANGAN SEGAR,SAYUR-SAYURAN,Normal daily median
2026-05-13,1559,Water spinach,1 kilogram,5.58,775,2026,5,May,13,13 May,5.99,-6.84474123539232,Lowest daily median for this item,11,RM5.58,KANGKUNG,1kg,BARANGAN SEGAR,SAYUR-SAYURAN,Lowest daily median
2026-05-14,1559,Water spinach,1 kilogram,5.9,785,2026,5,May,14,14 May,5.99,-1.5025041736226967,Middle range,11,RM5.90,KANGKUNG,1kg,BARANGAN SEGAR,SAYUR-SAYURAN,Normal daily median
2026-05-15,1559,Water spinach,1 kilogram,5.58,795,2026,5,May,15,15 May,5.99,-6.84474123539232,Lowest daily median for this item,11,RM5.58,KANGKUNG,1kg,BARANGAN SEGAR,SAYUR-SAYURAN,Lowest daily median
2026-05-16,1559,Water spinach,1 kilogram,5.895,792,2026,5,May,16,16 May,5.99,-1.585976627712867,Middle range,11,RM5.89,KANGKUNG,1kg,BARANGAN SEGAR,SAYUR-SAYURAN,Normal daily median
2026-05-17,1559,Water spinach,1 kilogram,5.58,774,2026,5,May,17,17 May,5.99,-6.84474123539232,Lowest daily median for this item,11,RM5.58,KANGKUNG,1kg,BARANGAN SEGAR,SAYUR-SAYURAN,Lowest daily median
2026-05-18,1559,Water spinach,1 kilogram,5.99,979,2026,5,May,18,18 May,5.99,0.0,Middle range,11,RM5.99,KANGKUNG,1kg,BARANGAN SEGAR,SAYUR-SAYURAN,Normal daily median
2026-05-19,1559,Water spinach,1 kilogram,5.99,769,2026,5,May,19,19 May,5.99,0.0,Middle range,11,RM5.99,KANGKUNG,1kg,BARANGAN SEGAR,SAYUR-SAYURAN,Normal daily median
2026-05-20,1559,Water spinach,1 kilogram,5.99,798,2026,5,May,20,20 May,5.99,0.0,Middle range,11,RM5.99,KANGKUNG,1kg,BARANGAN SEGAR,SAYUR-SAYURAN,Normal daily median
2026-05-04,1619,"Milk powder, Dutch Lady",600 grams,19.9,419,2026,5,May,4,04 May,19.9,0.0,Highest daily median for this item,12,RM19.90,SUSU TEPUNG SEGERA DUTCHLADY (BIASA ),600 g,BARANGAN BERBUNGKUS,KRIMER DAN SUSU TEPUNG,Highest daily median
2026-05-11,1619,"Milk powder, Dutch Lady",600 grams,19.9,418,2026,5,May,11,11 May,19.9,0.0,Highest daily median for this item,12,RM19.90,SUSU TEPUNG SEGERA DUTCHLADY (BIASA ),600 g,BARANGAN BERBUNGKUS,KRIMER DAN SUSU TEPUNG,Highest daily median
2026-05-14,1619,"Milk powder, Dutch Lady",600 grams,19.9,13,2026,5,May,14,14 May,19.9,0.0,Highest daily median for this item,12,RM19.90,SUSU TEPUNG SEGERA DUTCHLADY (BIASA ),600 g,BARANGAN BERBUNGKUS,KRIMER DAN SUSU TEPUNG,Highest daily median
2026-05-18,1619,"Milk powder, Dutch Lady",600 grams,19.9,398,2026,5,May,18,18 May,19.9,0.0,Highest daily median for this item,12,RM19.90,SUSU TEPUNG SEGERA DUTCHLADY (BIASA ),600 g,BARANGAN BERBUNGKUS,KRIMER DAN SUSU TEPUNG,Highest daily median
