state,year,food_inflation_yoy_avg,months_available,state_display,rank,rank_label,food_inflation_label,year_label,data_note
Kelantan,2011,6.008333333333333,12,Kelantan,1,Rank 1,6.0%,2011,Full year
Negeri Sembilan,2011,5.758333333333333,12,Negeri Sembilan,2,Rank 2,5.8%,2011,Full year
Terengganu,2011,5.708333333333333,12,Terengganu,3,Rank 3,5.7%,2011,Full year
Pulau Pinang,2011,5.308333333333333,12,Penang,4,Rank 4,5.3%,2011,Full year
Johor,2011,5.3,12,Johor,5,Rank 5,5.3%,2011,Full year
Selangor,2011,5.191666666666666,12,Selangor,6,Rank 6,5.2%,2011,Full year
Melaka,2011,5.016666666666667,12,Melaka,7,Rank 7,5.0%,2011,Full year
Pahang,2011,4.808333333333334,12,Pahang,8,Rank 8,4.8%,2011,Full year
Sabah,2011,4.766666666666667,12,Sabah,9,Rank 9,4.8%,2011,Full year
Perak,2011,4.508333333333334,12,Perak,10,Rank 10,4.5%,2011,Full year
Perlis,2011,4.058333333333334,12,Perlis,11,Rank 11,4.1%,2011,Full year
Kedah,2011,3.9333333333333336,12,Kedah,12,Rank 12,3.9%,2011,Full year
W.P. Kuala Lumpur,2011,3.8249999999999997,12,Kuala Lumpur,13,Rank 13,3.8%,2011,Full year
W.P. Putrajaya,2011,3.725,12,Putrajaya,14,Rank 14,3.7%,2011,Full year
Sarawak,2011,3.3083333333333336,12,Sarawak,15,Rank 15,3.3%,2011,Full year
W.P. Labuan,2011,2.85,12,Labuan,16,Rank 16,2.9%,2011,Full year
W.P. Labuan,2012,5.233333333333333,12,Labuan,1,Rank 1,5.2%,2012,Full year
Sarawak,2012,3.35,12,Sarawak,2,Rank 2,3.4%,2012,Full year
Pahang,2012,3.1833333333333336,12,Pahang,3,Rank 3,3.2%,2012,Full year
Johor,2012,3.1666666666666665,12,Johor,4,Rank 4,3.2%,2012,Full year
Melaka,2012,3.1,12,Melaka,5,Rank 5,3.1%,2012,Full year
Pulau Pinang,2012,3.0833333333333335,12,Penang,6,Rank 6,3.1%,2012,Full year
Kedah,2012,2.9,12,Kedah,7,Rank 7,2.9%,2012,Full year
Selangor,2012,2.7416666666666667,12,Selangor,8,Rank 8,2.7%,2012,Full year
Sabah,2012,2.6083333333333334,12,Sabah,9,Rank 9,2.6%,2012,Full year
Kelantan,2012,2.4833333333333334,12,Kelantan,10,Rank 10,2.5%,2012,Full year
W.P. Putrajaya,2012,2.2916666666666665,12,Putrajaya,11,Rank 11,2.3%,2012,Full year
W.P. Kuala Lumpur,2012,2.0833333333333335,12,Kuala Lumpur,12,Rank 12,2.1%,2012,Full year
Negeri Sembilan,2012,1.758333333333333,12,Negeri Sembilan,13,Rank 13,1.8%,2012,Full year
Perak,2012,1.7,12,Perak,14,Rank 14,1.7%,2012,Full year
Terengganu,2012,1.4666666666666668,12,Terengganu,15,Rank 15,1.5%,2012,Full year
Perlis,2012,0.525,12,Perlis,16,Rank 16,0.5%,2012,Full year
W.P. Putrajaya,2013,5.0249999999999995,12,Putrajaya,1,Rank 1,5.0%,2013,Full year
Pahang,2013,4.45,12,Pahang,2,Rank 2,4.5%,2013,Full year
Melaka,2013,4.1000000000000005,12,Melaka,3,Rank 3,4.1%,2013,Full year
Kedah,2013,4.0,12,Kedah,4,Rank 4,4.0%,2013,Full year
Selangor,2013,3.9916666666666667,12,Selangor,5,Rank 5,4.0%,2013,Full year
Johor,2013,3.966666666666667,12,Johor,6,Rank 6,4.0%,2013,Full year
Pulau Pinang,2013,3.5833333333333335,12,Penang,7,Rank 7,3.6%,2013,Full year
Kelantan,2013,3.4916666666666667,12,Kelantan,8,Rank 8,3.5%,2013,Full year
W.P. Labuan,2013,3.233333333333333,12,Labuan,9,Rank 9,3.2%,2013,Full year
Negeri Sembilan,2013,3.1666666666666665,12,Negeri Sembilan,10,Rank 10,3.2%,2013,Full year
Sabah,2013,3.0,12,Sabah,11,Rank 11,3.0%,2013,Full year
Terengganu,2013,3.0,12,Terengganu,12,Rank 12,3.0%,2013,Full year
Sarawak,2013,2.9916666666666667,12,Sarawak,13,Rank 13,3.0%,2013,Full year
Perak,2013,2.908333333333333,12,Perak,14,Rank 14,2.9%,2013,Full year
W.P. Kuala Lumpur,2013,2.475,12,Kuala Lumpur,15,Rank 15,2.5%,2013,Full year
Perlis,2013,1.375,12,Perlis,16,Rank 16,1.4%,2013,Full year
W.P. Putrajaya,2014,5.05,12,Putrajaya,1,Rank 1,5.0%,2014,Full year
Selangor,2014,4.016666666666667,12,Selangor,2,Rank 2,4.0%,2014,Full year
Pulau Pinang,2014,3.9333333333333336,12,Penang,3,Rank 3,3.9%,2014,Full year
Pahang,2014,3.8249999999999997,12,Pahang,4,Rank 4,3.8%,2014,Full year
Kelantan,2014,3.7083333333333335,12,Kelantan,5,Rank 5,3.7%,2014,Full year
Sarawak,2014,3.5250000000000004,12,Sarawak,6,Rank 6,3.5%,2014,Full year
Johor,2014,3.475,12,Johor,7,Rank 7,3.5%,2014,Full year
Kedah,2014,3.4250000000000003,12,Kedah,8,Rank 8,3.4%,2014,Full year
Melaka,2014,3.341666666666667,12,Melaka,9,Rank 9,3.3%,2014,Full year
W.P. Kuala Lumpur,2014,2.966666666666667,12,Kuala Lumpur,10,Rank 10,3.0%,2014,Full year
Terengganu,2014,2.6,12,Terengganu,11,Rank 11,2.6%,2014,Full year
Negeri Sembilan,2014,2.5500000000000003,12,Negeri Sembilan,12,Rank 12,2.6%,2014,Full year
Perak,2014,2.308333333333333,12,Perak,13,Rank 13,2.3%,2014,Full year
Perlis,2014,2.0166666666666666,12,Perlis,14,Rank 14,2.0%,2014,Full year
Sabah,2014,1.5416666666666667,12,Sabah,15,Rank 15,1.5%,2014,Full year
W.P. Labuan,2014,1.0333333333333334,12,Labuan,16,Rank 16,1.0%,2014,Full year
Johor,2015,4.6499999999999995,12,Johor,1,Rank 1,4.6%,2015,Full year
Negeri Sembilan,2015,4.491666666666666,12,Negeri Sembilan,2,Rank 2,4.5%,2015,Full year
W.P. Putrajaya,2015,4.3999999999999995,12,Putrajaya,3,Rank 3,4.4%,2015,Full year
W.P. Kuala Lumpur,2015,4.3,12,Kuala Lumpur,4,Rank 4,4.3%,2015,Full year
Pulau Pinang,2015,4.1,12,Penang,5,Rank 5,4.1%,2015,Full year
Selangor,2015,4.091666666666667,12,Selangor,6,Rank 6,4.1%,2015,Full year
Melaka,2015,3.5749999999999997,12,Melaka,7,Rank 7,3.6%,2015,Full year
Pahang,2015,3.4416666666666664,12,Pahang,8,Rank 8,3.4%,2015,Full year
Sarawak,2015,3.4250000000000003,12,Sarawak,9,Rank 9,3.4%,2015,Full year
Perak,2015,3.225,12,Perak,10,Rank 10,3.2%,2015,Full year
Kelantan,2015,3.091666666666667,12,Kelantan,11,Rank 11,3.1%,2015,Full year
Kedah,2015,2.591666666666667,12,Kedah,12,Rank 12,2.6%,2015,Full year
Perlis,2015,2.533333333333333,12,Perlis,13,Rank 13,2.5%,2015,Full year
Terengganu,2015,2.4916666666666667,12,Terengganu,14,Rank 14,2.5%,2015,Full year
W.P. Labuan,2015,2.1750000000000003,12,Labuan,15,Rank 15,2.2%,2015,Full year
Sabah,2015,1.9416666666666667,12,Sabah,16,Rank 16,1.9%,2015,Full year
Johor,2016,4.8999999999999995,12,Johor,1,Rank 1,4.9%,2016,Full year
Pulau Pinang,2016,4.891666666666667,12,Penang,2,Rank 2,4.9%,2016,Full year
W.P. Putrajaya,2016,4.675,12,Putrajaya,3,Rank 3,4.7%,2016,Full year
Melaka,2016,4.608333333333333,12,Melaka,4,Rank 4,4.6%,2016,Full year
Negeri Sembilan,2016,4.375,12,Negeri Sembilan,5,Rank 5,4.4%,2016,Full year
W.P. Kuala Lumpur,2016,4.175,12,Kuala Lumpur,6,Rank 6,4.2%,2016,Full year
Selangor,2016,4.1000000000000005,12,Selangor,7,Rank 7,4.1%,2016,Full year
Perlis,2016,4.0,12,Perlis,8,Rank 8,4.0%,2016,Full year
Pahang,2016,3.65,12,Pahang,9,Rank 9,3.6%,2016,Full year
Kedah,2016,3.283333333333333,12,Kedah,10,Rank 10,3.3%,2016,Full year
Terengganu,2016,3.1666666666666665,12,Terengganu,11,Rank 11,3.2%,2016,Full year
Perak,2016,3.0833333333333335,12,Perak,12,Rank 12,3.1%,2016,Full year
Sarawak,2016,3.0583333333333336,12,Sarawak,13,Rank 13,3.1%,2016,Full year
Kelantan,2016,3.0416666666666665,12,Kelantan,14,Rank 14,3.0%,2016,Full year
Sabah,2016,1.6833333333333333,12,Sabah,15,Rank 15,1.7%,2016,Full year
W.P. Labuan,2016,0.8416666666666667,12,Labuan,16,Rank 16,0.8%,2016,Full year
Melaka,2017,4.8,12,Melaka,1,Rank 1,4.8%,2017,Full year
Perlis,2017,4.758333333333334,12,Perlis,2,Rank 2,4.8%,2017,Full year
Johor,2017,4.608333333333333,12,Johor,3,Rank 3,4.6%,2017,Full year
W.P. Kuala Lumpur,2017,4.533333333333333,12,Kuala Lumpur,4,Rank 4,4.5%,2017,Full year
Pulau Pinang,2017,4.408333333333333,12,Penang,5,Rank 5,4.4%,2017,Full year
Selangor,2017,4.241666666666666,12,Selangor,6,Rank 6,4.2%,2017,Full year
Kedah,2017,4.166666666666667,12,Kedah,7,Rank 7,4.2%,2017,Full year
Sabah,2017,3.966666666666667,12,Sabah,8,Rank 8,4.0%,2017,Full year
W.P. Putrajaya,2017,3.8833333333333333,12,Putrajaya,9,Rank 9,3.9%,2017,Full year
Negeri Sembilan,2017,3.591666666666667,12,Negeri Sembilan,10,Rank 10,3.6%,2017,Full year
Kelantan,2017,3.4,12,Kelantan,11,Rank 11,3.4%,2017,Full year
Perak,2017,3.25,12,Perak,12,Rank 12,3.2%,2017,Full year
Terengganu,2017,2.6999999999999997,12,Terengganu,13,Rank 13,2.7%,2017,Full year
W.P. Labuan,2017,2.566666666666667,12,Labuan,14,Rank 14,2.6%,2017,Full year
Pahang,2017,2.533333333333333,12,Pahang,15,Rank 15,2.5%,2017,Full year
Sarawak,2017,2.525,12,Sarawak,16,Rank 16,2.5%,2017,Full year
W.P. Kuala Lumpur,2018,4.058333333333334,12,Kuala Lumpur,1,Rank 1,4.1%,2018,Full year
Johor,2018,1.7,12,Johor,2,Rank 2,1.7%,2018,Full year
Pulau Pinang,2018,1.675,12,Penang,3,Rank 3,1.7%,2018,Full year
Selangor,2018,1.6500000000000001,12,Selangor,4,Rank 4,1.7%,2018,Full year
Sarawak,2018,1.6333333333333335,12,Sarawak,5,Rank 5,1.6%,2018,Full year
Negeri Sembilan,2018,1.5583333333333333,12,Negeri Sembilan,6,Rank 6,1.6%,2018,Full year
Melaka,2018,1.325,12,Melaka,7,Rank 7,1.3%,2018,Full year
W.P. Labuan,2018,1.325,12,Labuan,8,Rank 8,1.3%,2018,Full year
Pahang,2018,1.125,12,Pahang,9,Rank 9,1.1%,2018,Full year
Terengganu,2018,1.1083333333333334,12,Terengganu,10,Rank 10,1.1%,2018,Full year
Perak,2018,1.1,12,Perak,11,Rank 11,1.1%,2018,Full year
Sabah,2018,1.0666666666666667,12,Sabah,12,Rank 12,1.1%,2018,Full year
Kelantan,2018,1.0250000000000001,12,Kelantan,13,Rank 13,1.0%,2018,Full year
W.P. Putrajaya,2018,0.8249999999999998,12,Putrajaya,14,Rank 14,0.8%,2018,Full year
Perlis,2018,-0.3833333333333333,12,Perlis,15,Rank 15,-0.4%,2018,Full year
Kedah,2018,-1.15,12,Kedah,16,Rank 16,-1.1%,2018,Full year
W.P. Putrajaya,2019,3.8333333333333335,12,Putrajaya,1,Rank 1,3.8%,2019,Full year
W.P. Kuala Lumpur,2019,3.4499999999999997,12,Kuala Lumpur,2,Rank 2,3.4%,2019,Full year
Kedah,2019,2.725,12,Kedah,3,Rank 3,2.7%,2019,Full year
Johor,2019,1.9166666666666667,12,Johor,4,Rank 4,1.9%,2019,Full year
Selangor,2019,1.8583333333333334,12,Selangor,5,Rank 5,1.9%,2019,Full year
Pulau Pinang,2019,1.8416666666666668,12,Penang,6,Rank 6,1.8%,2019,Full year
Perlis,2019,1.5833333333333333,12,Perlis,7,Rank 7,1.6%,2019,Full year
Perak,2019,1.5333333333333332,12,Perak,8,Rank 8,1.5%,2019,Full year
Negeri Sembilan,2019,1.5,12,Negeri Sembilan,9,Rank 9,1.5%,2019,Full year
Melaka,2019,1.2916666666666667,12,Melaka,10,Rank 10,1.3%,2019,Full year
W.P. Labuan,2019,1.175,12,Labuan,11,Rank 11,1.2%,2019,Full year
Terengganu,2019,1.1583333333333334,12,Terengganu,12,Rank 12,1.2%,2019,Full year
Sarawak,2019,1.0416666666666667,12,Sarawak,13,Rank 13,1.0%,2019,Full year
Kelantan,2019,1.025,12,Kelantan,14,Rank 14,1.0%,2019,Full year
Pahang,2019,0.9500000000000001,12,Pahang,15,Rank 15,1.0%,2019,Full year
Sabah,2019,0.44166666666666665,12,Sabah,16,Rank 16,0.4%,2019,Full year
W.P. Putrajaya,2020,2.908333333333333,12,Putrajaya,1,Rank 1,2.9%,2020,Full year
Selangor,2020,2.033333333333333,12,Selangor,2,Rank 2,2.0%,2020,Full year
Perak,2020,1.5333333333333332,12,Perak,3,Rank 3,1.5%,2020,Full year
Johor,2020,1.5250000000000001,12,Johor,4,Rank 4,1.5%,2020,Full year
Terengganu,2020,1.425,12,Terengganu,5,Rank 5,1.4%,2020,Full year
Pahang,2020,1.3416666666666668,12,Pahang,6,Rank 6,1.3%,2020,Full year
Pulau Pinang,2020,1.2916666666666667,12,Penang,7,Rank 7,1.3%,2020,Full year
Negeri Sembilan,2020,1.2166666666666666,12,Negeri Sembilan,8,Rank 8,1.2%,2020,Full year
Kelantan,2020,0.8833333333333333,12,Kelantan,9,Rank 9,0.9%,2020,Full year
W.P. Kuala Lumpur,2020,0.7666666666666666,12,Kuala Lumpur,10,Rank 10,0.8%,2020,Full year
Melaka,2020,0.75,12,Melaka,11,Rank 11,0.8%,2020,Full year
W.P. Labuan,2020,0.7083333333333334,12,Labuan,12,Rank 12,0.7%,2020,Full year
Kedah,2020,0.6583333333333333,12,Kedah,13,Rank 13,0.7%,2020,Full year
Sarawak,2020,0.6333333333333333,12,Sarawak,14,Rank 14,0.6%,2020,Full year
Perlis,2020,0.5416666666666666,12,Perlis,15,Rank 15,0.5%,2020,Full year
Sabah,2020,0.21666666666666667,12,Sabah,16,Rank 16,0.2%,2020,Full year
W.P. Putrajaya,2021,3.6166666666666667,12,Putrajaya,1,Rank 1,3.6%,2021,Full year
Selangor,2021,2.433333333333333,12,Selangor,2,Rank 2,2.4%,2021,Full year
Terengganu,2021,2.2416666666666667,12,Terengganu,3,Rank 3,2.2%,2021,Full year
Pahang,2021,2.216666666666667,12,Pahang,4,Rank 4,2.2%,2021,Full year
Kelantan,2021,2.1166666666666667,12,Kelantan,5,Rank 5,2.1%,2021,Full year
Perak,2021,1.8166666666666667,12,Perak,6,Rank 6,1.8%,2021,Full year
Johor,2021,1.8,12,Johor,7,Rank 7,1.8%,2021,Full year
Negeri Sembilan,2021,1.5833333333333333,12,Negeri Sembilan,8,Rank 8,1.6%,2021,Full year
Melaka,2021,1.4083333333333332,12,Melaka,9,Rank 9,1.4%,2021,Full year
Perlis,2021,1.4083333333333332,12,Perlis,10,Rank 10,1.4%,2021,Full year
W.P. Labuan,2021,1.3666666666666665,12,Labuan,11,Rank 11,1.4%,2021,Full year
W.P. Kuala Lumpur,2021,1.2916666666666667,12,Kuala Lumpur,12,Rank 12,1.3%,2021,Full year
Kedah,2021,1.25,12,Kedah,13,Rank 13,1.2%,2021,Full year
Pulau Pinang,2021,1.1416666666666666,12,Penang,14,Rank 14,1.1%,2021,Full year
Sarawak,2021,1.0833333333333333,12,Sarawak,15,Rank 15,1.1%,2021,Full year
Sabah,2021,0.625,12,Sabah,16,Rank 16,0.6%,2021,Full year
W.P. Putrajaya,2022,7.691666666666666,12,Putrajaya,1,Rank 1,7.7%,2022,Full year
Selangor,2022,7.316666666666666,12,Selangor,2,Rank 2,7.3%,2022,Full year
Johor,2022,6.1499999999999995,12,Johor,3,Rank 3,6.1%,2022,Full year
Pulau Pinang,2022,6.016666666666667,12,Penang,4,Rank 4,6.0%,2022,Full year
Sarawak,2022,5.491666666666667,12,Sarawak,5,Rank 5,5.5%,2022,Full year
Perak,2022,5.391666666666667,12,Perak,6,Rank 6,5.4%,2022,Full year
Sabah,2022,5.075,12,Sabah,7,Rank 7,5.1%,2022,Full year
W.P. Kuala Lumpur,2022,5.05,12,Kuala Lumpur,8,Rank 8,5.0%,2022,Full year
Pahang,2022,4.941666666666666,12,Pahang,9,Rank 9,4.9%,2022,Full year
Terengganu,2022,4.908333333333333,12,Terengganu,10,Rank 10,4.9%,2022,Full year
Perlis,2022,4.8999999999999995,12,Perlis,11,Rank 11,4.9%,2022,Full year
Negeri Sembilan,2022,4.783333333333333,12,Negeri Sembilan,12,Rank 12,4.8%,2022,Full year
Melaka,2022,4.633333333333334,12,Melaka,13,Rank 13,4.6%,2022,Full year
Kelantan,2022,4.491666666666666,12,Kelantan,14,Rank 14,4.5%,2022,Full year
Kedah,2022,3.6916666666666664,12,Kedah,15,Rank 15,3.7%,2022,Full year
W.P. Labuan,2022,3.4416666666666664,12,Labuan,16,Rank 16,3.4%,2022,Full year
Sarawak,2023,6.141666666666667,12,Sarawak,1,Rank 1,6.1%,2023,Full year
Selangor,2023,6.075,12,Selangor,2,Rank 2,6.1%,2023,Full year
W.P. Putrajaya,2023,5.9750000000000005,12,Putrajaya,3,Rank 3,6.0%,2023,Full year
Pulau Pinang,2023,5.05,12,Penang,4,Rank 4,5.0%,2023,Full year
Pahang,2023,4.908333333333333,12,Pahang,5,Rank 5,4.9%,2023,Full year
Perak,2023,4.783333333333333,12,Perak,6,Rank 6,4.8%,2023,Full year
Melaka,2023,4.675,12,Melaka,7,Rank 7,4.7%,2023,Full year
Negeri Sembilan,2023,4.558333333333333,12,Negeri Sembilan,8,Rank 8,4.6%,2023,Full year
Johor,2023,4.358333333333333,12,Johor,9,Rank 9,4.4%,2023,Full year
W.P. Kuala Lumpur,2023,4.1499999999999995,12,Kuala Lumpur,10,Rank 10,4.1%,2023,Full year
Sabah,2023,4.1000000000000005,12,Sabah,11,Rank 11,4.1%,2023,Full year
W.P. Labuan,2023,3.6333333333333333,12,Labuan,12,Rank 12,3.6%,2023,Full year
Terengganu,2023,3.5833333333333335,12,Terengganu,13,Rank 13,3.6%,2023,Full year
Perlis,2023,3.5666666666666664,12,Perlis,14,Rank 14,3.6%,2023,Full year
Kelantan,2023,3.2083333333333335,12,Kelantan,15,Rank 15,3.2%,2023,Full year
Kedah,2023,2.875,12,Kedah,16,Rank 16,2.9%,2023,Full year
Selangor,2024,3.3083333333333336,12,Selangor,1,Rank 1,3.3%,2024,Full year
Pulau Pinang,2024,2.6416666666666666,12,Penang,2,Rank 2,2.6%,2024,Full year
W.P. Putrajaya,2024,2.408333333333333,12,Putrajaya,3,Rank 3,2.4%,2024,Full year
Pahang,2024,2.0083333333333333,12,Pahang,4,Rank 4,2.0%,2024,Full year
Sarawak,2024,1.8916666666666666,12,Sarawak,5,Rank 5,1.9%,2024,Full year
Terengganu,2024,1.8,12,Terengganu,6,Rank 6,1.8%,2024,Full year
Johor,2024,1.7416666666666665,12,Johor,7,Rank 7,1.7%,2024,Full year
Perlis,2024,1.7083333333333333,12,Perlis,8,Rank 8,1.7%,2024,Full year
Sabah,2024,1.5666666666666667,12,Sabah,9,Rank 9,1.6%,2024,Full year
W.P. Labuan,2024,1.4166666666666667,12,Labuan,10,Rank 10,1.4%,2024,Full year
W.P. Kuala Lumpur,2024,1.3583333333333334,12,Kuala Lumpur,11,Rank 11,1.4%,2024,Full year
Negeri Sembilan,2024,1.1666666666666667,12,Negeri Sembilan,12,Rank 12,1.2%,2024,Full year
Melaka,2024,1.05,12,Melaka,13,Rank 13,1.1%,2024,Full year
Kelantan,2024,0.7916666666666666,12,Kelantan,14,Rank 14,0.8%,2024,Full year
Kedah,2024,0.6583333333333333,12,Kedah,15,Rank 15,0.7%,2024,Full year
Perak,2024,0.6166666666666667,12,Perak,16,Rank 16,0.6%,2024,Full year
Negeri Sembilan,2025,3.1833333333333336,12,Negeri Sembilan,1,Rank 1,3.2%,2025,Full year
Selangor,2025,2.766666666666666,12,Selangor,2,Rank 2,2.8%,2025,Full year
W.P. Putrajaya,2025,2.6833333333333336,12,Putrajaya,3,Rank 3,2.7%,2025,Full year
Melaka,2025,2.4250000000000003,12,Melaka,4,Rank 4,2.4%,2025,Full year
Terengganu,2025,2.408333333333333,12,Terengganu,5,Rank 5,2.4%,2025,Full year
Johor,2025,2.4,12,Johor,6,Rank 6,2.4%,2025,Full year
W.P. Labuan,2025,2.3333333333333335,12,Labuan,7,Rank 7,2.3%,2025,Full year
W.P. Kuala Lumpur,2025,2.1666666666666665,12,Kuala Lumpur,8,Rank 8,2.2%,2025,Full year
Pahang,2025,2.0416666666666665,12,Pahang,9,Rank 9,2.0%,2025,Full year
Sabah,2025,1.95,12,Sabah,10,Rank 10,1.9%,2025,Full year
Pulau Pinang,2025,1.6583333333333332,12,Penang,11,Rank 11,1.7%,2025,Full year
Perlis,2025,1.3833333333333335,12,Perlis,12,Rank 12,1.4%,2025,Full year
Perak,2025,1.0833333333333333,12,Perak,13,Rank 13,1.1%,2025,Full year
Sarawak,2025,1.0333333333333334,12,Sarawak,14,Rank 14,1.0%,2025,Full year
Kedah,2025,0.8583333333333334,12,Kedah,15,Rank 15,0.9%,2025,Full year
Kelantan,2025,0.05833333333333334,12,Kelantan,16,Rank 16,0.1%,2025,Full year
Negeri Sembilan,2026,2.966666666666667,3,Negeri Sembilan,1,Rank 1,3.0%,2026,Partial year
Pahang,2026,2.3333333333333335,3,Pahang,2,Rank 2,2.3%,2026,Partial year
Johor,2026,2.1666666666666665,3,Johor,3,Rank 3,2.2%,2026,Partial year
W.P. Kuala Lumpur,2026,1.8666666666666665,3,Kuala Lumpur,4,Rank 4,1.9%,2026,Partial year
Pulau Pinang,2026,1.5666666666666667,3,Penang,5,Rank 5,1.6%,2026,Partial year
Melaka,2026,1.5,3,Melaka,6,Rank 6,1.5%,2026,Partial year
Kedah,2026,1.4666666666666668,3,Kedah,7,Rank 7,1.5%,2026,Partial year
W.P. Labuan,2026,1.2666666666666666,3,Labuan,8,Rank 8,1.3%,2026,Partial year
Perlis,2026,1.0333333333333334,3,Perlis,9,Rank 9,1.0%,2026,Partial year
Perak,2026,1.0,3,Perak,10,Rank 10,1.0%,2026,Partial year
Selangor,2026,1.0,3,Selangor,11,Rank 11,1.0%,2026,Partial year
W.P. Putrajaya,2026,0.7999999999999999,3,Putrajaya,12,Rank 12,0.8%,2026,Partial year
Terengganu,2026,0.6666666666666666,3,Terengganu,13,Rank 13,0.7%,2026,Partial year
Sarawak,2026,0.5666666666666667,3,Sarawak,14,Rank 14,0.6%,2026,Partial year
Sabah,2026,0.5,3,Sabah,15,Rank 15,0.5%,2026,Partial year
Kelantan,2026,-0.5666666666666667,3,Kelantan,16,Rank 16,-0.6%,2026,Partial year
