strata,strata_display,date,date_number,year,month_number,month,division,division_name,food_consumer_price_index
urban,Urban households,2010-01-01,20100101,2010,1,January,01,Food and beverages,98.9
urban,Urban households,2010-02-01,20100201,2010,2,February,01,Food and beverages,99.0
urban,Urban households,2010-03-01,20100301,2010,3,March,01,Food and beverages,99.0
urban,Urban households,2010-04-01,20100401,2010,4,April,01,Food and beverages,99.1
urban,Urban households,2010-05-01,20100501,2010,5,May,01,Food and beverages,99.5
urban,Urban households,2010-06-01,20100601,2010,6,June,01,Food and beverages,100.0
urban,Urban households,2010-07-01,20100701,2010,7,July,01,Food and beverages,100.3
urban,Urban households,2010-08-01,20100801,2010,8,August,01,Food and beverages,100.5
urban,Urban households,2010-09-01,20100901,2010,9,September,01,Food and beverages,100.6
urban,Urban households,2010-10-01,20101001,2010,10,October,01,Food and beverages,100.6
urban,Urban households,2010-11-01,20101101,2010,11,November,01,Food and beverages,101.1
urban,Urban households,2010-12-01,20101201,2010,12,December,01,Food and beverages,101.4
urban,Urban households,2011-01-01,20110101,2011,1,January,01,Food and beverages,102.6
urban,Urban households,2011-02-01,20110201,2011,2,February,01,Food and beverages,103.8
urban,Urban households,2011-03-01,20110301,2011,3,March,01,Food and beverages,103.8
urban,Urban households,2011-04-01,20110401,2011,4,April,01,Food and beverages,104.0
urban,Urban households,2011-05-01,20110501,2011,5,May,01,Food and beverages,104.0
urban,Urban households,2011-06-01,20110601,2011,6,June,01,Food and beverages,104.8
urban,Urban households,2011-07-01,20110701,2011,7,July,01,Food and beverages,105.3
urban,Urban households,2011-08-01,20110801,2011,8,August,01,Food and beverages,105.3
urban,Urban households,2011-09-01,20110901,2011,9,September,01,Food and beverages,105.7
urban,Urban households,2011-10-01,20111001,2011,10,October,01,Food and beverages,106.6
urban,Urban households,2011-11-01,20111101,2011,11,November,01,Food and beverages,106.5
urban,Urban households,2011-12-01,20111201,2011,12,December,01,Food and beverages,106.8
urban,Urban households,2012-01-01,20120101,2012,1,January,01,Food and beverages,107.7
urban,Urban households,2012-02-01,20120201,2012,2,February,01,Food and beverages,107.0
urban,Urban households,2012-03-01,20120301,2012,3,March,01,Food and beverages,106.9
urban,Urban households,2012-04-01,20120401,2012,4,April,01,Food and beverages,106.7
urban,Urban households,2012-05-01,20120501,2012,5,May,01,Food and beverages,107.3
urban,Urban households,2012-06-01,20120601,2012,6,June,01,Food and beverages,107.9
urban,Urban households,2012-07-01,20120701,2012,7,July,01,Food and beverages,108.1
urban,Urban households,2012-08-01,20120801,2012,8,August,01,Food and beverages,108.3
urban,Urban households,2012-09-01,20120901,2012,9,September,01,Food and beverages,108.5
urban,Urban households,2012-10-01,20121001,2012,10,October,01,Food and beverages,108.9
urban,Urban households,2012-11-01,20121101,2012,11,November,01,Food and beverages,108.7
urban,Urban households,2012-12-01,20121201,2012,12,December,01,Food and beverages,109.0
urban,Urban households,2013-01-01,20130101,2013,1,January,01,Food and beverages,110.4
urban,Urban households,2013-02-01,20130201,2013,2,February,01,Food and beverages,110.6
urban,Urban households,2013-03-01,20130301,2013,3,March,01,Food and beverages,110.6
urban,Urban households,2013-04-01,20130401,2013,4,April,01,Food and beverages,110.8
urban,Urban households,2013-05-01,20130501,2013,5,May,01,Food and beverages,111.3
urban,Urban households,2013-06-01,20130601,2013,6,June,01,Food and beverages,111.7
urban,Urban households,2013-07-01,20130701,2013,7,July,01,Food and beverages,112.4
urban,Urban households,2013-08-01,20130801,2013,8,August,01,Food and beverages,112.4
urban,Urban households,2013-09-01,20130901,2013,9,September,01,Food and beverages,112.8
urban,Urban households,2013-10-01,20131001,2013,10,October,01,Food and beverages,113.0
urban,Urban households,2013-11-01,20131101,2013,11,November,01,Food and beverages,113.1
urban,Urban households,2013-12-01,20131201,2013,12,December,01,Food and beverages,114.1
urban,Urban households,2014-01-01,20140101,2014,1,January,01,Food and beverages,115.2
urban,Urban households,2014-02-01,20140201,2014,2,February,01,Food and beverages,115.1
urban,Urban households,2014-03-01,20140301,2014,3,March,01,Food and beverages,115.1
urban,Urban households,2014-04-01,20140401,2014,4,April,01,Food and beverages,115.1
urban,Urban households,2014-05-01,20140501,2014,5,May,01,Food and beverages,115.2
urban,Urban households,2014-06-01,20140601,2014,6,June,01,Food and beverages,115.8
urban,Urban households,2014-07-01,20140701,2014,7,July,01,Food and beverages,116.3
urban,Urban households,2014-08-01,20140801,2014,8,August,01,Food and beverages,116.4
urban,Urban households,2014-09-01,20140901,2014,9,September,01,Food and beverages,116.6
urban,Urban households,2014-10-01,20141001,2014,10,October,01,Food and beverages,116.4
urban,Urban households,2014-11-01,20141101,2014,11,November,01,Food and beverages,116.7
urban,Urban households,2014-12-01,20141201,2014,12,December,01,Food and beverages,117.1
urban,Urban households,2015-01-01,20150101,2015,1,January,01,Food and beverages,118.7
urban,Urban households,2015-02-01,20150201,2015,2,February,01,Food and beverages,118.5
urban,Urban households,2015-03-01,20150301,2015,3,March,01,Food and beverages,118.1
urban,Urban households,2015-04-01,20150401,2015,4,April,01,Food and beverages,119.0
urban,Urban households,2015-05-01,20150501,2015,5,May,01,Food and beverages,119.6
urban,Urban households,2015-06-01,20150601,2015,6,June,01,Food and beverages,120.1
urban,Urban households,2015-07-01,20150701,2015,7,July,01,Food and beverages,121.1
urban,Urban households,2015-08-01,20150801,2015,8,August,01,Food and beverages,121.8
urban,Urban households,2015-09-01,20150901,2015,9,September,01,Food and beverages,122.2
urban,Urban households,2015-10-01,20151001,2015,10,October,01,Food and beverages,122.4
urban,Urban households,2015-11-01,20151101,2015,11,November,01,Food and beverages,122.0
urban,Urban households,2015-12-01,20151201,2015,12,December,01,Food and beverages,122.9
urban,Urban households,2016-01-01,20160101,2016,1,January,01,Food and beverages,123.7
urban,Urban households,2016-02-01,20160201,2016,2,February,01,Food and beverages,124.5
urban,Urban households,2016-03-01,20160301,2016,3,March,01,Food and beverages,124.4
urban,Urban households,2016-04-01,20160401,2016,4,April,01,Food and beverages,124.4
urban,Urban households,2016-05-01,20160501,2016,5,May,01,Food and beverages,124.8
urban,Urban households,2016-06-01,20160601,2016,6,June,01,Food and beverages,125.4
urban,Urban households,2016-07-01,20160701,2016,7,July,01,Food and beverages,125.8
urban,Urban households,2016-08-01,20160801,2016,8,August,01,Food and beverages,126.2
urban,Urban households,2016-09-01,20160901,2016,9,September,01,Food and beverages,125.9
urban,Urban households,2016-10-01,20161001,2016,10,October,01,Food and beverages,125.5
urban,Urban households,2016-11-01,20161101,2016,11,November,01,Food and beverages,126.4
urban,Urban households,2016-12-01,20161201,2016,12,December,01,Food and beverages,127.2
urban,Urban households,2017-01-01,20170101,2017,1,January,01,Food and beverages,128.3
urban,Urban households,2017-02-01,20170201,2017,2,February,01,Food and beverages,129.6
urban,Urban households,2017-03-01,20170301,2017,3,March,01,Food and beverages,129.1
urban,Urban households,2017-04-01,20170401,2017,4,April,01,Food and beverages,129.3
urban,Urban households,2017-05-01,20170501,2017,5,May,01,Food and beverages,129.9
urban,Urban households,2017-06-01,20170601,2017,6,June,01,Food and beverages,130.4
urban,Urban households,2017-07-01,20170701,2017,7,July,01,Food and beverages,130.8
urban,Urban households,2017-08-01,20170801,2017,8,August,01,Food and beverages,131.2
urban,Urban households,2017-09-01,20170901,2017,9,September,01,Food and beverages,131.3
urban,Urban households,2017-10-01,20171001,2017,10,October,01,Food and beverages,131.1
urban,Urban households,2017-11-01,20171101,2017,11,November,01,Food and beverages,131.5
urban,Urban households,2017-12-01,20171201,2017,12,December,01,Food and beverages,132.5
urban,Urban households,2018-01-01,20180101,2018,1,January,01,Food and beverages,133.4
urban,Urban households,2018-02-01,20180201,2018,2,February,01,Food and beverages,133.6
urban,Urban households,2018-03-01,20180301,2018,3,March,01,Food and beverages,132.9
urban,Urban households,2018-04-01,20180401,2018,4,April,01,Food and beverages,132.6
urban,Urban households,2018-05-01,20180501,2018,5,May,01,Food and beverages,132.9
urban,Urban households,2018-06-01,20180601,2018,6,June,01,Food and beverages,131.4
urban,Urban households,2018-07-01,20180701,2018,7,July,01,Food and beverages,131.8
urban,Urban households,2018-08-01,20180801,2018,8,August,01,Food and beverages,131.9
urban,Urban households,2018-09-01,20180901,2018,9,September,01,Food and beverages,132.1
urban,Urban households,2018-10-01,20181001,2018,10,October,01,Food and beverages,132.9
urban,Urban households,2018-11-01,20181101,2018,11,November,01,Food and beverages,133.2
urban,Urban households,2018-12-01,20181201,2018,12,December,01,Food and beverages,133.7
urban,Urban households,2019-01-01,20190101,2019,1,January,01,Food and beverages,134.9
urban,Urban households,2019-02-01,20190201,2019,2,February,01,Food and beverages,135.2
urban,Urban households,2019-03-01,20190301,2019,3,March,01,Food and beverages,134.6
urban,Urban households,2019-04-01,20190401,2019,4,April,01,Food and beverages,134.4
urban,Urban households,2019-05-01,20190501,2019,5,May,01,Food and beverages,134.7
urban,Urban households,2019-06-01,20190601,2019,6,June,01,Food and beverages,134.8
urban,Urban households,2019-07-01,20190701,2019,7,July,01,Food and beverages,135.2
urban,Urban households,2019-08-01,20190801,2019,8,August,01,Food and beverages,135.5
urban,Urban households,2019-09-01,20190901,2019,9,September,01,Food and beverages,135.3
urban,Urban households,2019-10-01,20191001,2019,10,October,01,Food and beverages,135.4
urban,Urban households,2019-11-01,20191101,2019,11,November,01,Food and beverages,135.5
urban,Urban households,2019-12-01,20191201,2019,12,December,01,Food and beverages,136.0
urban,Urban households,2020-01-01,20200101,2020,1,January,01,Food and beverages,136.3
urban,Urban households,2020-02-01,20200201,2020,2,February,01,Food and beverages,136.4
urban,Urban households,2020-03-01,20200301,2020,3,March,01,Food and beverages,136.2
urban,Urban households,2020-04-01,20200401,2020,4,April,01,Food and beverages,136.1
urban,Urban households,2020-05-01,20200501,2020,5,May,01,Food and beverages,136.5
urban,Urban households,2020-06-01,20200601,2020,6,June,01,Food and beverages,137.1
urban,Urban households,2020-07-01,20200701,2020,7,July,01,Food and beverages,137.2
urban,Urban households,2020-08-01,20200801,2020,8,August,01,Food and beverages,137.5
urban,Urban households,2020-09-01,20200901,2020,9,September,01,Food and beverages,137.4
urban,Urban households,2020-10-01,20201001,2020,10,October,01,Food and beverages,137.6
urban,Urban households,2020-11-01,20201101,2020,11,November,01,Food and beverages,137.4
urban,Urban households,2020-12-01,20201201,2020,12,December,01,Food and beverages,138.1
urban,Urban households,2021-01-01,20210101,2021,1,January,01,Food and beverages,138.4
urban,Urban households,2021-02-01,20210201,2021,2,February,01,Food and beverages,138.3
urban,Urban households,2021-03-01,20210301,2021,3,March,01,Food and beverages,138.4
urban,Urban households,2021-04-01,20210401,2021,4,April,01,Food and beverages,138.7
urban,Urban households,2021-05-01,20210501,2021,5,May,01,Food and beverages,138.5
urban,Urban households,2021-06-01,20210601,2021,6,June,01,Food and beverages,138.9
urban,Urban households,2021-07-01,20210701,2021,7,July,01,Food and beverages,139.0
urban,Urban households,2021-08-01,20210801,2021,8,August,01,Food and beverages,139.0
urban,Urban households,2021-09-01,20210901,2021,9,September,01,Food and beverages,139.8
urban,Urban households,2021-10-01,20211001,2021,10,October,01,Food and beverages,140.2
urban,Urban households,2021-11-01,20211101,2021,11,November,01,Food and beverages,141.1
urban,Urban households,2021-12-01,20211201,2021,12,December,01,Food and beverages,142.6
urban,Urban households,2022-01-01,20220101,2022,1,January,01,Food and beverages,143.5
urban,Urban households,2022-02-01,20220201,2022,2,February,01,Food and beverages,143.8
urban,Urban households,2022-03-01,20220301,2022,3,March,01,Food and beverages,144.2
urban,Urban households,2022-04-01,20220401,2022,4,April,01,Food and beverages,144.8
urban,Urban households,2022-05-01,20220501,2022,5,May,01,Food and beverages,146.2
urban,Urban households,2022-06-01,20220601,2022,6,June,01,Food and beverages,147.9
urban,Urban households,2022-07-01,20220701,2022,7,July,01,Food and beverages,149.0
urban,Urban households,2022-08-01,20220801,2022,8,August,01,Food and beverages,149.5
urban,Urban households,2022-09-01,20220901,2022,9,September,01,Food and beverages,150.0
urban,Urban households,2022-10-01,20221001,2022,10,October,01,Food and beverages,150.8
urban,Urban households,2022-11-01,20221101,2022,11,November,01,Food and beverages,152.0
urban,Urban households,2022-12-01,20221201,2022,12,December,01,Food and beverages,152.9
urban,Urban households,2023-01-01,20230101,2023,1,January,01,Food and beverages,153.8
urban,Urban households,2023-02-01,20230201,2023,2,February,01,Food and beverages,154.5
urban,Urban households,2023-03-01,20230301,2023,3,March,01,Food and beverages,154.6
urban,Urban households,2023-04-01,20230401,2023,4,April,01,Food and beverages,154.4
urban,Urban households,2023-05-01,20230501,2023,5,May,01,Food and beverages,155.2
urban,Urban households,2023-06-01,20230601,2023,6,June,01,Food and beverages,155.3
urban,Urban households,2023-07-01,20230701,2023,7,July,01,Food and beverages,155.9
urban,Urban households,2023-08-01,20230801,2023,8,August,01,Food and beverages,156.1
urban,Urban households,2023-09-01,20230901,2023,9,September,01,Food and beverages,156.2
urban,Urban households,2023-10-01,20231001,2023,10,October,01,Food and beverages,156.4
urban,Urban households,2023-11-01,20231101,2023,11,November,01,Food and beverages,155.9
urban,Urban households,2023-12-01,20231201,2023,12,December,01,Food and beverages,156.4
urban,Urban households,2024-01-01,20240101,2024,1,January,01,Food and beverages,156.8
urban,Urban households,2024-02-01,20240201,2024,2,February,01,Food and beverages,157.4
urban,Urban households,2024-03-01,20240301,2024,3,March,01,Food and beverages,157.4
urban,Urban households,2024-04-01,20240401,2024,4,April,01,Food and beverages,157.6
urban,Urban households,2024-05-01,20240501,2024,5,May,01,Food and beverages,158.0
urban,Urban households,2024-06-01,20240601,2024,6,June,01,Food and beverages,158.5
urban,Urban households,2024-07-01,20240701,2024,7,July,01,Food and beverages,158.6
urban,Urban households,2024-08-01,20240801,2024,8,August,01,Food and beverages,158.7
urban,Urban households,2024-09-01,20240901,2024,9,September,01,Food and beverages,158.8
urban,Urban households,2024-10-01,20241001,2024,10,October,01,Food and beverages,160.2
urban,Urban households,2024-11-01,20241101,2024,11,November,01,Food and beverages,160.2
urban,Urban households,2024-12-01,20241201,2024,12,December,01,Food and beverages,161.0
urban,Urban households,2025-01-01,20250101,2025,1,January,01,Food and beverages,161.3
urban,Urban households,2025-02-01,20250201,2025,2,February,01,Food and beverages,161.6
urban,Urban households,2025-03-01,20250301,2025,3,March,01,Food and beverages,161.6
urban,Urban households,2025-04-01,20250401,2025,4,April,01,Food and beverages,161.6
urban,Urban households,2025-05-01,20250501,2025,5,May,01,Food and beverages,161.7
urban,Urban households,2025-06-01,20250601,2025,6,June,01,Food and beverages,162.0
urban,Urban households,2025-07-01,20250701,2025,7,July,01,Food and beverages,162.0
urban,Urban households,2025-08-01,20250801,2025,8,August,01,Food and beverages,162.1
urban,Urban households,2025-09-01,20250901,2025,9,September,01,Food and beverages,162.4
urban,Urban households,2025-10-01,20251001,2025,10,October,01,Food and beverages,162.7
urban,Urban households,2025-11-01,20251101,2025,11,November,01,Food and beverages,162.7
urban,Urban households,2025-12-01,20251201,2025,12,December,01,Food and beverages,163.5
urban,Urban households,2026-01-01,20260101,2026,1,January,01,Food and beverages,163.8
urban,Urban households,2026-02-01,20260201,2026,2,February,01,Food and beverages,163.7
urban,Urban households,2026-03-01,20260301,2026,3,March,01,Food and beverages,163.5
urban,Urban households,2026-04-01,20260401,2026,4,April,01,Food and beverages,163.7
rural,Rural households,2010-01-01,20100101,2010,1,January,01,Food and beverages,99.3
rural,Rural households,2010-02-01,20100201,2010,2,February,01,Food and beverages,99.1
rural,Rural households,2010-03-01,20100301,2010,3,March,01,Food and beverages,99.1
rural,Rural households,2010-04-01,20100401,2010,4,April,01,Food and beverages,99.2
rural,Rural households,2010-05-01,20100501,2010,5,May,01,Food and beverages,99.5
rural,Rural households,2010-06-01,20100601,2010,6,June,01,Food and beverages,99.9
rural,Rural households,2010-07-01,20100701,2010,7,July,01,Food and beverages,100.0
rural,Rural households,2010-08-01,20100801,2010,8,August,01,Food and beverages,100.5
rural,Rural households,2010-09-01,20100901,2010,9,September,01,Food and beverages,100.4
rural,Rural households,2010-10-01,20101001,2010,10,October,01,Food and beverages,100.6
rural,Rural households,2010-11-01,20101101,2010,11,November,01,Food and beverages,101.1
rural,Rural households,2010-12-01,20101201,2010,12,December,01,Food and beverages,101.4
rural,Rural households,2011-01-01,20110101,2011,1,January,01,Food and beverages,102.7
rural,Rural households,2011-02-01,20110201,2011,2,February,01,Food and beverages,103.3
rural,Rural households,2011-03-01,20110301,2011,3,March,01,Food and beverages,103.6
rural,Rural households,2011-04-01,20110401,2011,4,April,01,Food and beverages,103.7
rural,Rural households,2011-05-01,20110501,2011,5,May,01,Food and beverages,104.0
rural,Rural households,2011-06-01,20110601,2011,6,June,01,Food and beverages,104.4
rural,Rural households,2011-07-01,20110701,2011,7,July,01,Food and beverages,104.8
rural,Rural households,2011-08-01,20110801,2011,8,August,01,Food and beverages,104.8
rural,Rural households,2011-09-01,20110901,2011,9,September,01,Food and beverages,105.2
rural,Rural households,2011-10-01,20111001,2011,10,October,01,Food and beverages,105.7
rural,Rural households,2011-11-01,20111101,2011,11,November,01,Food and beverages,105.7
rural,Rural households,2011-12-01,20111201,2011,12,December,01,Food and beverages,106.1
rural,Rural households,2012-01-01,20120101,2012,1,January,01,Food and beverages,107.0
rural,Rural households,2012-02-01,20120201,2012,2,February,01,Food and beverages,106.1
rural,Rural households,2012-03-01,20120301,2012,3,March,01,Food and beverages,106.1
rural,Rural households,2012-04-01,20120401,2012,4,April,01,Food and beverages,105.8
rural,Rural households,2012-05-01,20120501,2012,5,May,01,Food and beverages,106.5
rural,Rural households,2012-06-01,20120601,2012,6,June,01,Food and beverages,107.2
rural,Rural households,2012-07-01,20120701,2012,7,July,01,Food and beverages,107.1
rural,Rural households,2012-08-01,20120801,2012,8,August,01,Food and beverages,107.1
rural,Rural households,2012-09-01,20120901,2012,9,September,01,Food and beverages,106.9
rural,Rural households,2012-10-01,20121001,2012,10,October,01,Food and beverages,107.3
rural,Rural households,2012-11-01,20121101,2012,11,November,01,Food and beverages,107.5
rural,Rural households,2012-12-01,20121201,2012,12,December,01,Food and beverages,107.8
rural,Rural households,2013-01-01,20130101,2013,1,January,01,Food and beverages,108.6
rural,Rural households,2013-02-01,20130201,2013,2,February,01,Food and beverages,109.1
rural,Rural households,2013-03-01,20130301,2013,3,March,01,Food and beverages,109.1
rural,Rural households,2013-04-01,20130401,2013,4,April,01,Food and beverages,109.3
rural,Rural households,2013-05-01,20130501,2013,5,May,01,Food and beverages,109.5
rural,Rural households,2013-06-01,20130601,2013,6,June,01,Food and beverages,109.9
rural,Rural households,2013-07-01,20130701,2013,7,July,01,Food and beverages,110.9
rural,Rural households,2013-08-01,20130801,2013,8,August,01,Food and beverages,110.5
rural,Rural households,2013-09-01,20130901,2013,9,September,01,Food and beverages,110.8
rural,Rural households,2013-10-01,20131001,2013,10,October,01,Food and beverages,110.9
rural,Rural households,2013-11-01,20131101,2013,11,November,01,Food and beverages,111.3
rural,Rural households,2013-12-01,20131201,2013,12,December,01,Food and beverages,112.3
rural,Rural households,2014-01-01,20140101,2014,1,January,01,Food and beverages,112.6
rural,Rural households,2014-02-01,20140201,2014,2,February,01,Food and beverages,112.7
rural,Rural households,2014-03-01,20140301,2014,3,March,01,Food and beverages,112.9
rural,Rural households,2014-04-01,20140401,2014,4,April,01,Food and beverages,112.8
rural,Rural households,2014-05-01,20140501,2014,5,May,01,Food and beverages,112.6
rural,Rural households,2014-06-01,20140601,2014,6,June,01,Food and beverages,113.2
rural,Rural households,2014-07-01,20140701,2014,7,July,01,Food and beverages,113.5
rural,Rural households,2014-08-01,20140801,2014,8,August,01,Food and beverages,113.5
rural,Rural households,2014-09-01,20140901,2014,9,September,01,Food and beverages,113.8
rural,Rural households,2014-10-01,20141001,2014,10,October,01,Food and beverages,113.5
rural,Rural households,2014-11-01,20141101,2014,11,November,01,Food and beverages,113.8
rural,Rural households,2014-12-01,20141201,2014,12,December,01,Food and beverages,114.4
rural,Rural households,2015-01-01,20150101,2015,1,January,01,Food and beverages,115.2
rural,Rural households,2015-02-01,20150201,2015,2,February,01,Food and beverages,114.9
rural,Rural households,2015-03-01,20150301,2015,3,March,01,Food and beverages,114.7
rural,Rural households,2015-04-01,20150401,2015,4,April,01,Food and beverages,115.2
rural,Rural households,2015-05-01,20150501,2015,5,May,01,Food and beverages,115.8
rural,Rural households,2015-06-01,20150601,2015,6,June,01,Food and beverages,116.0
rural,Rural households,2015-07-01,20150701,2015,7,July,01,Food and beverages,116.8
rural,Rural households,2015-08-01,20150801,2015,8,August,01,Food and beverages,117.1
rural,Rural households,2015-09-01,20150901,2015,9,September,01,Food and beverages,117.3
rural,Rural households,2015-10-01,20151001,2015,10,October,01,Food and beverages,117.3
rural,Rural households,2015-11-01,20151101,2015,11,November,01,Food and beverages,117.2
rural,Rural households,2015-12-01,20151201,2015,12,December,01,Food and beverages,118.0
rural,Rural households,2016-01-01,20160101,2016,1,January,01,Food and beverages,118.6
rural,Rural households,2016-02-01,20160201,2016,2,February,01,Food and beverages,119.1
rural,Rural households,2016-03-01,20160301,2016,3,March,01,Food and beverages,119.0
rural,Rural households,2016-04-01,20160401,2016,4,April,01,Food and beverages,118.9
rural,Rural households,2016-05-01,20160501,2016,5,May,01,Food and beverages,119.2
rural,Rural households,2016-06-01,20160601,2016,6,June,01,Food and beverages,120.0
rural,Rural households,2016-07-01,20160701,2016,7,July,01,Food and beverages,120.3
rural,Rural households,2016-08-01,20160801,2016,8,August,01,Food and beverages,120.4
rural,Rural households,2016-09-01,20160901,2016,9,September,01,Food and beverages,120.0
rural,Rural households,2016-10-01,20161001,2016,10,October,01,Food and beverages,119.6
rural,Rural households,2016-11-01,20161101,2016,11,November,01,Food and beverages,120.5
rural,Rural households,2016-12-01,20161201,2016,12,December,01,Food and beverages,121.3
rural,Rural households,2017-01-01,20170101,2017,1,January,01,Food and beverages,122.4
rural,Rural households,2017-02-01,20170201,2017,2,February,01,Food and beverages,123.2
rural,Rural households,2017-03-01,20170301,2017,3,March,01,Food and beverages,122.9
rural,Rural households,2017-04-01,20170401,2017,4,April,01,Food and beverages,122.8
rural,Rural households,2017-05-01,20170501,2017,5,May,01,Food and beverages,123.5
rural,Rural households,2017-06-01,20170601,2017,6,June,01,Food and beverages,124.1
rural,Rural households,2017-07-01,20170701,2017,7,July,01,Food and beverages,124.4
rural,Rural households,2017-08-01,20170801,2017,8,August,01,Food and beverages,124.9
rural,Rural households,2017-09-01,20170901,2017,9,September,01,Food and beverages,124.8
rural,Rural households,2017-10-01,20171001,2017,10,October,01,Food and beverages,124.4
rural,Rural households,2017-11-01,20171101,2017,11,November,01,Food and beverages,124.9
rural,Rural households,2017-12-01,20171201,2017,12,December,01,Food and beverages,125.7
rural,Rural households,2018-01-01,20180101,2018,1,January,01,Food and beverages,126.2
rural,Rural households,2018-02-01,20180201,2018,2,February,01,Food and beverages,126.1
rural,Rural households,2018-03-01,20180301,2018,3,March,01,Food and beverages,125.7
rural,Rural households,2018-04-01,20180401,2018,4,April,01,Food and beverages,125.5
rural,Rural households,2018-05-01,20180501,2018,5,May,01,Food and beverages,125.4
rural,Rural households,2018-06-01,20180601,2018,6,June,01,Food and beverages,124.7
rural,Rural households,2018-07-01,20180701,2018,7,July,01,Food and beverages,124.9
rural,Rural households,2018-08-01,20180801,2018,8,August,01,Food and beverages,125.0
rural,Rural households,2018-09-01,20180901,2018,9,September,01,Food and beverages,124.8
rural,Rural households,2018-10-01,20181001,2018,10,October,01,Food and beverages,125.0
rural,Rural households,2018-11-01,20181101,2018,11,November,01,Food and beverages,125.1
rural,Rural households,2018-12-01,20181201,2018,12,December,01,Food and beverages,125.6
rural,Rural households,2019-01-01,20190101,2019,1,January,01,Food and beverages,126.6
rural,Rural households,2019-02-01,20190201,2019,2,February,01,Food and beverages,126.5
rural,Rural households,2019-03-01,20190301,2019,3,March,01,Food and beverages,125.8
rural,Rural households,2019-04-01,20190401,2019,4,April,01,Food and beverages,125.5
rural,Rural households,2019-05-01,20190501,2019,5,May,01,Food and beverages,126.3
rural,Rural households,2019-06-01,20190601,2019,6,June,01,Food and beverages,126.2
rural,Rural households,2019-07-01,20190701,2019,7,July,01,Food and beverages,126.5
rural,Rural households,2019-08-01,20190801,2019,8,August,01,Food and beverages,126.8
rural,Rural households,2019-09-01,20190901,2019,9,September,01,Food and beverages,126.4
rural,Rural households,2019-10-01,20191001,2019,10,October,01,Food and beverages,126.5
rural,Rural households,2019-11-01,20191101,2019,11,November,01,Food and beverages,126.4
rural,Rural households,2019-12-01,20191201,2019,12,December,01,Food and beverages,126.9
rural,Rural households,2020-01-01,20200101,2020,1,January,01,Food and beverages,127.2
rural,Rural households,2020-02-01,20200201,2020,2,February,01,Food and beverages,127.2
rural,Rural households,2020-03-01,20200301,2020,3,March,01,Food and beverages,127.2
rural,Rural households,2020-04-01,20200401,2020,4,April,01,Food and beverages,126.8
rural,Rural households,2020-05-01,20200501,2020,5,May,01,Food and beverages,127.1
rural,Rural households,2020-06-01,20200601,2020,6,June,01,Food and beverages,127.7
rural,Rural households,2020-07-01,20200701,2020,7,July,01,Food and beverages,127.7
rural,Rural households,2020-08-01,20200801,2020,8,August,01,Food and beverages,127.6
rural,Rural households,2020-09-01,20200901,2020,9,September,01,Food and beverages,127.5
rural,Rural households,2020-10-01,20201001,2020,10,October,01,Food and beverages,127.6
rural,Rural households,2020-11-01,20201101,2020,11,November,01,Food and beverages,127.7
rural,Rural households,2020-12-01,20201201,2020,12,December,01,Food and beverages,128.3
rural,Rural households,2021-01-01,20210101,2021,1,January,01,Food and beverages,128.5
rural,Rural households,2021-02-01,20210201,2021,2,February,01,Food and beverages,128.8
rural,Rural households,2021-03-01,20210301,2021,3,March,01,Food and beverages,128.7
rural,Rural households,2021-04-01,20210401,2021,4,April,01,Food and beverages,129.3
rural,Rural households,2021-05-01,20210501,2021,5,May,01,Food and beverages,129.0
rural,Rural households,2021-06-01,20210601,2021,6,June,01,Food and beverages,129.4
rural,Rural households,2021-07-01,20210701,2021,7,July,01,Food and beverages,129.4
rural,Rural households,2021-08-01,20210801,2021,8,August,01,Food and beverages,129.5
rural,Rural households,2021-09-01,20210901,2021,9,September,01,Food and beverages,130.3
rural,Rural households,2021-10-01,20211001,2021,10,October,01,Food and beverages,130.4
rural,Rural households,2021-11-01,20211101,2021,11,November,01,Food and beverages,130.7
rural,Rural households,2021-12-01,20211201,2021,12,December,01,Food and beverages,131.7
rural,Rural households,2022-01-01,20220101,2022,1,January,01,Food and beverages,132.5
rural,Rural households,2022-02-01,20220201,2022,2,February,01,Food and beverages,132.6
rural,Rural households,2022-03-01,20220301,2022,3,March,01,Food and beverages,132.9
rural,Rural households,2022-04-01,20220401,2022,4,April,01,Food and beverages,133.2
rural,Rural households,2022-05-01,20220501,2022,5,May,01,Food and beverages,134.0
rural,Rural households,2022-06-01,20220601,2022,6,June,01,Food and beverages,135.3
rural,Rural households,2022-07-01,20220701,2022,7,July,01,Food and beverages,135.9
rural,Rural households,2022-08-01,20220801,2022,8,August,01,Food and beverages,136.2
rural,Rural households,2022-09-01,20220901,2022,9,September,01,Food and beverages,136.5
rural,Rural households,2022-10-01,20221001,2022,10,October,01,Food and beverages,137.0
rural,Rural households,2022-11-01,20221101,2022,11,November,01,Food and beverages,137.7
rural,Rural households,2022-12-01,20221201,2022,12,December,01,Food and beverages,138.2
rural,Rural households,2023-01-01,20230101,2023,1,January,01,Food and beverages,138.7
rural,Rural households,2023-02-01,20230201,2023,2,February,01,Food and beverages,139.3
rural,Rural households,2023-03-01,20230301,2023,3,March,01,Food and beverages,139.7
rural,Rural households,2023-04-01,20230401,2023,4,April,01,Food and beverages,139.4
rural,Rural households,2023-05-01,20230501,2023,5,May,01,Food and beverages,139.8
rural,Rural households,2023-06-01,20230601,2023,6,June,01,Food and beverages,139.9
rural,Rural households,2023-07-01,20230701,2023,7,July,01,Food and beverages,140.3
rural,Rural households,2023-08-01,20230801,2023,8,August,01,Food and beverages,140.4
rural,Rural households,2023-09-01,20230901,2023,9,September,01,Food and beverages,140.4
rural,Rural households,2023-10-01,20231001,2023,10,October,01,Food and beverages,140.6
rural,Rural households,2023-11-01,20231101,2023,11,November,01,Food and beverages,140.6
rural,Rural households,2023-12-01,20231201,2023,12,December,01,Food and beverages,141.1
rural,Rural households,2024-01-01,20240101,2024,1,January,01,Food and beverages,141.8
rural,Rural households,2024-02-01,20240201,2024,2,February,01,Food and beverages,141.8
rural,Rural households,2024-03-01,20240301,2024,3,March,01,Food and beverages,141.5
rural,Rural households,2024-04-01,20240401,2024,4,April,01,Food and beverages,141.6
rural,Rural households,2024-05-01,20240501,2024,5,May,01,Food and beverages,142.0
rural,Rural households,2024-06-01,20240601,2024,6,June,01,Food and beverages,142.3
rural,Rural households,2024-07-01,20240701,2024,7,July,01,Food and beverages,142.4
rural,Rural households,2024-08-01,20240801,2024,8,August,01,Food and beverages,142.4
rural,Rural households,2024-09-01,20240901,2024,9,September,01,Food and beverages,142.5
rural,Rural households,2024-10-01,20241001,2024,10,October,01,Food and beverages,143.2
rural,Rural households,2024-11-01,20241101,2024,11,November,01,Food and beverages,143.2
rural,Rural households,2024-12-01,20241201,2024,12,December,01,Food and beverages,143.7
rural,Rural households,2025-01-01,20250101,2025,1,January,01,Food and beverages,143.9
rural,Rural households,2025-02-01,20250201,2025,2,February,01,Food and beverages,144.1
rural,Rural households,2025-03-01,20250301,2025,3,March,01,Food and beverages,144.2
rural,Rural households,2025-04-01,20250401,2025,4,April,01,Food and beverages,144.0
rural,Rural households,2025-05-01,20250501,2025,5,May,01,Food and beverages,143.9
rural,Rural households,2025-06-01,20250601,2025,6,June,01,Food and beverages,144.1
rural,Rural households,2025-07-01,20250701,2025,7,July,01,Food and beverages,144.0
rural,Rural households,2025-08-01,20250801,2025,8,August,01,Food and beverages,144.1
rural,Rural households,2025-09-01,20250901,2025,9,September,01,Food and beverages,144.5
rural,Rural households,2025-10-01,20251001,2025,10,October,01,Food and beverages,144.7
rural,Rural households,2025-11-01,20251101,2025,11,November,01,Food and beverages,144.6
rural,Rural households,2025-12-01,20251201,2025,12,December,01,Food and beverages,145.5
rural,Rural households,2026-01-01,20260101,2026,1,January,01,Food and beverages,145.7
rural,Rural households,2026-02-01,20260201,2026,2,February,01,Food and beverages,145.8
rural,Rural households,2026-03-01,20260301,2026,3,March,01,Food and beverages,145.5
rural,Rural households,2026-04-01,20260401,2026,4,April,01,Food and beverages,145.3
